id,title,price_chf,rooms,size_m2,plz,city,canton,street,listing_type,latitude,longitude,url,scraped_at,chf_per_m2
503656,"Riehenring 145, 4058 Basel - CHF 2’770 inkl. NK pro Monat",2770,4.5,94.0,4058,Basel,Basel-Stadt,Riehenring 145,DUPLEX,47.56781921,7.5972632,https://flatfox.ch/de/wohnung/riehenring-145-4058-basel/503656/,2026-05-17T01:42:29+00:00,29.46808510638298
619169,"Rue de la Gare 32, 2720 Tramelan - CHF 1’320 inkl. NK pro Monat",1320,4.0,103.0,2720,Tramelan,Bern,Rue de la Gare 32,APARTMENT,47.2231412,7.10402594,https://flatfox.ch/de/wohnung/rue-de-la-gare-32-2720-tramelan/619169/,2026-05-17T01:42:31+00:00,12.815533980582524
628957,"Rue du - Juin 70 70B 23-juin, 2905 Courtedoux - CHF 1’380 inkl. NK pro Monat",1380,4.0,98.0,2905,Courtedoux,Jura,Rue du - Juin 70 70B 23-juin,APARTMENT,47.4097469,7.04389886,https://flatfox.ch/de/wohnung/rue-du-juin-70-70b-23-juin-2905-courtedoux/628957/,2026-05-17T01:42:33+00:00,14.081632653061224
708976,"Via Angelo Nessi 13, 6600 Locarno - CHF 1’820 inkl. NK pro Monat",1820,5.5,112.0,6600,Locarno,Ticino,Via Angelo Nessi 13,APARTMENT,46.16360435,8.79346851,https://flatfox.ch/de/wohnung/via-angelo-nessi-13-6600-locarno/708976/,2026-05-17T01:42:35+00:00,16.25
725362,"Via Alighieri 22, 6830 Chiasso - CHF 1’820 inkl. NK pro Monat",1820,5.0,150.0,6830,Chiasso,Ticino,Via Alighieri 22,APARTMENT,45.83798246,9.02382119,https://flatfox.ch/de/wohnung/via-alighieri-22-6830-chiasso/725362/,2026-05-17T01:42:35+00:00,12.133333333333333
810167,"Signalstrasse 5, 9400 Rorschach - CHF 1’650 inkl. NK pro Monat",1650,4.5,103.0,9400,Rorschach,St. Gallen,Signalstrasse 5,DUPLEX,47.47786287,9.49227031,https://flatfox.ch/de/wohnung/signalstrasse-5-9400-rorschach/810167/,2026-05-17T01:42:38+00:00,16.019417475728154
843382,"Viale Officina 15, 6500 Bellinzona - CHF 1’690 inkl. NK pro Monat",1690,3.5,74.0,6500,Bellinzona,Ticino,Viale Officina 15,APARTMENT,46.19851859,9.02928516,https://flatfox.ch/de/wohnung/viale-officina-15-6500-bellinzona/843382/,2026-05-17T01:42:38+00:00,22.83783783783784
849501,"Burgfeldermattweg 15, 4123 Allschwil - CHF 1’520 inkl. NK pro Monat",1520,3.5,65.0,4123,Allschwil,Basel-Landschaft,Burgfeldermattweg 15,APARTMENT,47.55407518,7.53953573,https://flatfox.ch/de/wohnung/burgfeldermattweg-15-4123-allschwil/849501/,2026-05-17T01:42:39+00:00,23.384615384615383
893807,"Langgasse 153, 9008 St. Gallen - CHF 1’700 inkl. NK pro Monat",1700,4.5,98.0,9008,St. Gallen,St. Gallen,Langgasse 153,APARTMENT,47.44917187,9.39755819,https://flatfox.ch/de/wohnung/langgasse-153-9008-st-gallen/893807/,2026-05-17T01:42:39+00:00,17.346938775510203
900977,"Haldenstr. 10, 8320 Fehraltorf - CHF 2’150 inkl. NK pro Monat",2150,3.5,76.0,8320,Fehraltorf,Zurich,Haldenstr. 10,APARTMENT,47.3860675,8.7581294,https://flatfox.ch/de/wohnung/haldenstr-10-8320-fehraltorf/900977/,2026-05-17T01:42:39+00:00,28.289473684210527
917195,"Via Attilio Tarchini 15, 6828 Balerna - CHF 1’600 inkl. NK pro Monat",1600,4.5,115.0,6828,Balerna,Ticino,Via Attilio Tarchini 15,APARTMENT,45.8455799,9.00235635,https://flatfox.ch/de/wohnung/via-attilio-tarchini-15-6828-balerna/917195/,2026-05-17T01:42:41+00:00,13.91304347826087
968788,"Piazza S. Stefano 5, 6862 Rancate - CHF 1’230 inkl. NK pro Monat",1230,3.0,65.0,6862,Rancate,Ticino,Piazza S. Stefano 5,APARTMENT,45.87195056,8.96862299,https://flatfox.ch/de/wohnung/piazza-s-stefano-5-6862-rancate/968788/,2026-05-17T01:42:43+00:00,18.923076923076923
971886,"Via Campagna Adorna 17, 6850 Mendrisio - CHF 1’140 inkl. NK pro Monat",1140,2.5,57.0,6850,Mendrisio,Ticino,Via Campagna Adorna 17,APARTMENT,45.86277034,8.97335445,https://flatfox.ch/de/wohnung/via-campagna-adorna-17-6850-mendrisio/971886/,2026-05-17T01:42:43+00:00,20.0
1016295,"Rue du - Juin 70 70B 23-juin, 2905 Courtedoux - CHF 980 inkl. NK pro Monat",980,2.0,64.0,2905,Courtedoux,Jura,Rue du - Juin 70 70B 23-juin,APARTMENT,47.4097469,7.04389886,https://flatfox.ch/de/wohnung/rue-du-juin-70-70b-23-juin-2905-courtedoux/1016295/,2026-05-17T01:42:44+00:00,15.3125
1016457,"Kupferschmied 9, 4663 Aarburg - CHF 1’720 inkl. NK pro Monat",1720,3.5,86.0,4663,Aarburg,Aargau,Kupferschmied 9,ROOF_FLAT,47.32844826,7.89933362,https://flatfox.ch/de/wohnung/kupferschmied-9-4663-aarburg/1016457/,2026-05-17T01:42:44+00:00,20.0
1018732,"Via Geretta 18, 6900 Paradiso - CHF 2’840 inkl. NK pro Monat",2840,3.5,79.0,6900,Paradiso,Ticino,Via Geretta 18,APARTMENT,45.99153068,8.94399791,https://flatfox.ch/de/wohnung/via-geretta-18-6900-paradiso/1018732/,2026-05-17T01:42:44+00:00,35.949367088607595
1095620,"Bielstrasse 86, 2555 Brügg b. Biel - CHF 1’390 inkl. NK pro Monat",1390,3.5,62.0,2555,Brügg b. Biel,Bern,Bielstrasse 86,APARTMENT,47.12428321,7.26439442,https://flatfox.ch/de/wohnung/bielstrasse-86-2555-brugg-b-biel/1095620/,2026-05-17T01:42:48+00:00,22.419354838709676
1108815,"Via Geretta 18, 6900 Paradiso - CHF 2’590 inkl. NK pro Monat",2590,2.5,99.0,6900,Paradiso,Ticino,Via Geretta 18,APARTMENT,45.99153068,8.94399791,https://flatfox.ch/de/wohnung/via-geretta-18-6900-paradiso/1108815/,2026-05-17T01:42:50+00:00,26.161616161616163
1112165,"Langsägestrasse 21, 6010 Kriens - CHF 2’590 inkl. NK pro Monat",2590,1.5,87.0,6010,Kriens,Lucerne,Langsägestrasse 21,APARTMENT,47.0389672,8.29573393,https://flatfox.ch/de/wohnung/langsagestrasse-21-6010-kriens/1112165/,2026-05-17T01:42:50+00:00,29.770114942528735
1112178,"Langsägestrasse 21, 6010 Kriens - CHF 2’080 inkl. NK pro Monat",2080,2.5,68.0,6010,Kriens,Lucerne,Langsägestrasse 21,APARTMENT,47.0389672,8.29573393,https://flatfox.ch/de/wohnung/langsagestrasse-21-6010-kriens/1112178/,2026-05-17T01:42:50+00:00,30.58823529411765
1112191,"Langsägestrasse 21, 6010 Kriens - CHF 2’230 inkl. NK pro Monat",2230,2.5,74.0,6010,Kriens,Lucerne,Langsägestrasse 21,APARTMENT,47.0389672,8.29573393,https://flatfox.ch/de/wohnung/langsagestrasse-21-6010-kriens/1112191/,2026-05-17T01:42:50+00:00,30.135135135135137
1112194,"Langsägestrasse 21, 6010 Kriens - CHF 2’840 inkl. NK pro Monat",2840,3.5,86.0,6010,Kriens,Lucerne,Langsägestrasse 21,APARTMENT,47.0389672,8.29573393,https://flatfox.ch/de/wohnung/langsagestrasse-21-6010-kriens/1112194/,2026-05-17T01:42:50+00:00,33.02325581395349
1112211,"Langsägestrasse 21, 6010 Kriens - CHF 2’400 inkl. NK pro Monat",2400,2.5,67.0,6010,Kriens,Lucerne,Langsägestrasse 21,APARTMENT,47.0389672,8.29573393,https://flatfox.ch/de/wohnung/langsagestrasse-21-6010-kriens/1112211/,2026-05-17T01:42:50+00:00,35.82089552238806
1112220,"Langsägestrasse 21, 6010 Kriens - CHF 3’360 inkl. NK pro Monat",3360,5.5,126.0,6010,Kriens,Lucerne,Langsägestrasse 21,APARTMENT,47.0389672,8.29573393,https://flatfox.ch/de/wohnung/langsagestrasse-21-6010-kriens/1112220/,2026-05-17T01:42:50+00:00,26.666666666666668
1112226,"Langsägestrasse 21, 6010 Kriens - CHF 3’420 inkl. NK pro Monat",3420,5.5,141.0,6010,Kriens,Lucerne,Langsägestrasse 21,APARTMENT,47.0389672,8.29573393,https://flatfox.ch/de/wohnung/langsagestrasse-21-6010-kriens/1112226/,2026-05-17T01:42:50+00:00,24.25531914893617
1114119,"Viale Stazione 21, 6500 Bellinzona - CHF 2’330 inkl. NK pro Monat",2330,4.5,133.0,6500,Bellinzona,Ticino,Viale Stazione 21,APARTMENT,46.19407667,9.026572500000002,https://flatfox.ch/de/wohnung/viale-stazione-21-6500-bellinzona/1114119/,2026-05-17T01:42:50+00:00,17.518796992481203
1144246,"Bundesgasse 26, 3011 Bern - CHF 2’700 inkl. NK pro Monat",2700,2.5,62.0,3011,Bern,Bern,Bundesgasse 26,APARTMENT,46.94647596,7.44002052,https://flatfox.ch/de/wohnung/bundesgasse-26-3011-bern/1144246/,2026-05-17T01:42:53+00:00,43.54838709677419
1166532,"Via Giovanni Varesi 25b, 6600 Locarno - CHF 1’690 inkl. NK pro Monat",1690,4.5,82.0,6600,Locarno,Ticino,Via Giovanni Varesi 25b,APARTMENT,46.16246492,8.79618255,https://flatfox.ch/de/wohnung/via-giovanni-varesi-25b-6600-locarno/1166532/,2026-05-17T01:42:55+00:00,20.609756097560975
1182761,"Loostrasse 7, 8803 Rüschlikon - CHF 4’950 inkl. NK pro Monat",4950,4.5,137.0,8803,Rüschlikon,Zurich,Loostrasse 7,APARTMENT,47.30644331,8.54424973,https://flatfox.ch/de/wohnung/loostrasse-7-8803-ruschlikon/1182761/,2026-05-17T01:42:55+00:00,36.13138686131387
1195152,"Iddastrasse 30a, 9008 St. Gallen - CHF 1’700 inkl. NK pro Monat",1700,4.5,86.0,9008,St. Gallen,St. Gallen,Iddastrasse 30a,APARTMENT,47.437609,9.3880756,https://flatfox.ch/de/wohnung/iddastrasse-30a-9008-st-gallen/1195152/,2026-05-17T01:42:57+00:00,19.767441860465116
1198670,"Waldetenstrasse 1, 6343 Rotkreuz - CHF 3’960 inkl. NK pro Monat",3960,3.5,110.0,6343,Rotkreuz,Zug,Waldetenstrasse 1,APARTMENT,47.13820423,8.43074121,https://flatfox.ch/de/wohnung/waldetenstrasse-1-6343-rotkreuz/1198670/,2026-05-17T01:42:57+00:00,36.0
1214844,"Iddastrasse 30a, 9008 St. Gallen - CHF 1’190 inkl. NK pro Monat",1190,2.5,54.0,9008,St. Gallen,St. Gallen,Iddastrasse 30a,APARTMENT,47.437609,9.3880756,https://flatfox.ch/de/wohnung/iddastrasse-30a-9008-st-gallen/1214844/,2026-05-17T01:42:59+00:00,22.037037037037038
1227695,"Via Lischedo 3, 6802 Rivera - CHF 1’770 inkl. NK pro Monat",1770,3.5,78.0,6802,Rivera,Ticino,Via Lischedo 3,APARTMENT,46.12525685,8.92390686,https://flatfox.ch/de/wohnung/via-lischedo-3-6802-rivera/1227695/,2026-05-17T01:42:59+00:00,22.692307692307693
1244104,"Kistlerstr. 52, 3065 Bolligen - CHF 1’800 inkl. NK pro Monat",1800,3.5,84.0,3065,Bolligen,Bern,Kistlerstr. 52,APARTMENT,46.97301019,7.492850000000002,https://flatfox.ch/de/wohnung/kistlerstr-52-3065-bolligen/1244104/,2026-05-17T01:43:00+00:00,21.428571428571427
1244131,"Tschäpperliring 8, 4153 Reinach - CHF 1’900 inkl. NK pro Monat",1900,3.5,81.0,4153,Reinach,Basel-Landschaft,Tschäpperliring 8,APARTMENT,47.4894251,7.59357386,https://flatfox.ch/de/wohnung/tschapperliring-8-4153-reinach/1244131/,2026-05-17T01:43:00+00:00,23.45679012345679
1244609,"Unterwartweg 49, 4132 Muttenz - CHF 1’892 inkl. NK pro Monat",1892,3.5,80.0,4132,Muttenz,Basel-Landschaft,Unterwartweg 49,APARTMENT,47.53046948,7.623719299999999,https://flatfox.ch/de/wohnung/unterwartweg-49-4132-muttenz/1244609/,2026-05-17T01:43:00+00:00,23.65
1250655,"Mühletalweg 5, 4600 Olten - CHF 1’790 inkl. NK pro Monat",1790,3.5,90.0,4600,Olten,Solothurn,Mühletalweg 5,APARTMENT,47.345655500000014,7.91775629,https://flatfox.ch/de/wohnung/muhletalweg-5-4600-olten/1250655/,2026-05-17T01:43:00+00:00,19.88888888888889
1258111,1852 Roche - CHF 2’105 inkl. NK pro Monat,2105,3.5,115.0,1852,Roche,Vaud,,APARTMENT,46.35447102025616,6.932916483347347,https://flatfox.ch/de/wohnung/1852-roche/1258111/,2026-05-17T01:43:00+00:00,18.304347826086957
1267601,"Maltière 34, 2800 Delémont - CHF 1’340 inkl. NK pro Monat",1340,4.5,95.0,2800,Delémont,Jura,Maltière 34,APARTMENT,47.36337496,7.34703289,https://flatfox.ch/de/wohnung/maltiere-34-2800-delemont/1267601/,2026-05-17T01:43:02+00:00,14.105263157894736
1269682,"Rue de la Liberté - 18 12-18, 2740 Moutier - CHF 1’720 inkl. NK pro Monat",1720,4.0,104.0,2740,Moutier,Bern,Rue de la Liberté - 18 12-18,APARTMENT,47.27827491,7.371665600000001,https://flatfox.ch/de/wohnung/rue-de-la-liberte-18-12-18-2740-moutier/1269682/,2026-05-17T01:43:02+00:00,16.53846153846154
1277584,"Pleerweg 11c, 3400 Burgdorf - CHF 1’875 inkl. NK pro Monat",1875,3.5,82.0,3400,Burgdorf,Bern,Pleerweg 11c,APARTMENT,47.04621543,7.62089149,https://flatfox.ch/de/wohnung/pleerweg-11c-3400-burgdorf/1277584/,2026-05-17T01:43:02+00:00,22.865853658536587
1278364,"Madretschstr. 108, 2503 Biel - CHF 1’525 inkl. NK pro Monat",1525,3.5,67.0,2503,Biel,Bern,Madretschstr. 108,APARTMENT,47.13580552,7.2574968,https://flatfox.ch/de/wohnung/madretschstr-108-2503-biel/1278364/,2026-05-17T01:43:02+00:00,22.761194029850746
1279409,4052 Basel - CHF 2’390 inkl. NK pro Monat,2390,4.0,85.0,4052,Basel,Basel-Stadt,,APARTMENT,47.54842696364569,7.610161560102326,https://flatfox.ch/de/wohnung/4052-basel/1279409/,2026-05-17T01:43:02+00:00,28.11764705882353
1282664,"Amanz Gressly-Strasse 43, 4500 Solothurn - CHF 1’310 inkl. NK pro Monat",1310,3.5,64.0,4500,Solothurn,Solothurn,Amanz Gressly-Strasse 43,APARTMENT,47.21670654,7.52611361,https://flatfox.ch/de/wohnung/amanz-gressly-strasse-43-4500-solothurn/1282664/,2026-05-17T01:43:03+00:00,20.46875
1289314,"St. Leonhardstrasse 75, 9000 St. Gallen - CHF 2’490 inkl. NK pro Monat",2490,4.0,105.0,9000,St. Gallen,St. Gallen,St. Leonhardstrasse 75,APARTMENT,47.42088058,9.36469231,https://flatfox.ch/de/wohnung/st-leonhardstrasse-75-9000-st-gallen/1289314/,2026-05-17T01:43:03+00:00,23.714285714285715
1289725,"Dorfstrasse 21, 4612 Wangen bei Olten - CHF 1’640 inkl. NK pro Monat",1640,2.5,90.0,4612,Wangen bei Olten,Solothurn,Dorfstrasse 21,LOFT,47.34297978,7.864931700000001,https://flatfox.ch/de/wohnung/dorfstrasse-21-4612-wangen-bei-olten/1289725/,2026-05-17T01:43:03+00:00,18.22222222222222
1296251,"Obstgartenstrasse 12, 9300 Wittenbach - CHF 1’580 inkl. NK pro Monat",1580,3.5,78.0,9300,Wittenbach,St. Gallen,Obstgartenstrasse 12,APARTMENT,47.45924126,9.38742315,https://flatfox.ch/de/wohnung/obstgartenstrasse-12-9300-wittenbach/1296251/,2026-05-17T01:43:05+00:00,20.256410256410255
1299653,"Allmendstrasse 32, 2562 Port - CHF 1’770 inkl. NK pro Monat",1770,4.5,90.0,2562,Port,Bern,Allmendstrasse 32,APARTMENT,47.11950050000001,7.24769745,https://flatfox.ch/de/wohnung/allmendstrasse-32-2562-port/1299653/,2026-05-17T01:43:05+00:00,19.666666666666668
1299762,"Rue des Parcs 46, 2000 Neuchâtel - CHF 1’070 inkl. NK pro Monat",1070,1.5,43.0,2000,Neuchâtel,Neuchâtel,Rue des Parcs 46,APARTMENT,46.99266345,6.920092800000001,https://flatfox.ch/de/wohnung/rue-des-parcs-46-2000-neuchatel/1299762/,2026-05-17T01:43:05+00:00,24.88372093023256
1301503,"Zehntenstr. 2, 8800 Thalwil - CHF 5’999 inkl. NK pro Monat",5999,3.5,150.0,8800,Thalwil,Zurich,Zehntenstr. 2,APARTMENT,47.2917805,8.57122631,https://flatfox.ch/de/wohnung/zehntenstr-2-8800-thalwil/1301503/,2026-05-17T01:43:05+00:00,39.99333333333333
1305912,"Apfelseestr. 9, 4143 Dornach - CHF 1’955 inkl. NK pro Monat",1955,4.5,91.0,4143,Dornach,Solothurn,Apfelseestr. 9,APARTMENT,47.47566691,7.60905837,https://flatfox.ch/de/wohnung/apfelseestr-9-4143-dornach/1305912/,2026-05-17T01:43:05+00:00,21.483516483516482
1307729,"Marchbachstrasse 13, 4107 Ettingen - CHF 1’970 inkl. NK pro Monat",1970,4.5,90.0,4107,Ettingen,Basel-Landschaft,Marchbachstrasse 13,APARTMENT,47.48723391,7.54824632,https://flatfox.ch/de/wohnung/marchbachstrasse-13-4107-ettingen/1307729/,2026-05-17T01:43:05+00:00,21.88888888888889
1310294,"Eichenweg 6, 3063 Ittigen - CHF 1’990 inkl. NK pro Monat",1990,2.5,80.0,3063,Ittigen,Bern,Eichenweg 6,APARTMENT,46.977724400000014,7.4904103000000015,https://flatfox.ch/de/wohnung/eichenweg-6-3063-ittigen/1310294/,2026-05-17T01:43:05+00:00,24.875
1324128,"Prattelerstrasse 12, 4132 Muttenz - CHF 1’970 inkl. NK pro Monat",1970,2.5,103.0,4132,Muttenz,Basel-Landschaft,Prattelerstrasse 12,APARTMENT,47.52379388,7.66552431,https://flatfox.ch/de/wohnung/prattelerstrasse-12-4132-muttenz/1324128/,2026-05-17T01:43:07+00:00,19.12621359223301
1330877,"Moosackerstrasse 5, 8405 Winterthur - CHF 2’850 inkl. NK pro Monat",2850,2.5,70.0,8405,Winterthur,Zurich,Moosackerstrasse 5,FURNISHED_FLAT,47.47838786,8.767773799999999,https://flatfox.ch/de/wohnung/moosackerstrasse-5-8405-winterthur/1330877/,2026-05-17T01:43:08+00:00,40.714285714285715
1334555,"Forenackerstrasse 6, 8246 Langwiesen - CHF 1’850 inkl. NK pro Monat",1850,4.5,104.0,8246,Langwiesen,Zurich,Forenackerstrasse 6,APARTMENT,47.68535886,8.65441658,https://flatfox.ch/de/wohnung/forenackerstrasse-6-8246-langwiesen/1334555/,2026-05-17T01:43:08+00:00,17.78846153846154
1349982,"Hagenfirsterstrasse 6, 5317 Hettenschwil - CHF 1’990 inkl. NK pro Monat",1990,3.5,87.0,5317,Hettenschwil,Aargau,Hagenfirsterstrasse 6,APARTMENT,47.5775683,8.19823879,https://flatfox.ch/de/wohnung/hagenfirsterstrasse-6-5317-hettenschwil/1349982/,2026-05-17T01:43:08+00:00,22.873563218390803
1349990,"Hagenfirsterstrasse 6, 5317 Hettenschwil - CHF 2’450 inkl. NK pro Monat",2450,3.5,148.0,5317,Hettenschwil,Aargau,Hagenfirsterstrasse 6,APARTMENT,47.5775683,8.19823879,https://flatfox.ch/de/wohnung/hagenfirsterstrasse-6-5317-hettenschwil/1349990/,2026-05-17T01:43:08+00:00,16.554054054054053
1349992,"Hagenfirsterstrasse 6, 5317 Hettenschwil - CHF 1’490 inkl. NK pro Monat",1490,2.5,50.0,5317,Hettenschwil,Aargau,Hagenfirsterstrasse 6,APARTMENT,47.5775683,8.19823879,https://flatfox.ch/de/wohnung/hagenfirsterstrasse-6-5317-hettenschwil/1349992/,2026-05-17T01:43:08+00:00,29.8
1354123,"Staffelstr. 5a, 3303 Jegenstorf - CHF 1’690 inkl. NK pro Monat",1690,4.0,72.0,3303,Jegenstorf,Bern,Staffelstr. 5a,APARTMENT,47.05309273,7.509542799999999,https://flatfox.ch/de/wohnung/staffelstr-5a-3303-jegenstorf/1354123/,2026-05-17T01:43:08+00:00,23.47222222222222
1354730,"Asylstrasse 71, 8032 Zürich - CHF 4’600 inkl. NK pro Monat",4600,3.5,145.0,8032,Zürich,Zurich,Asylstrasse 71,APARTMENT,47.36721286,8.561632,https://flatfox.ch/de/wohnung/asylstrasse-71-8032-zurich/1354730/,2026-05-17T01:43:08+00:00,31.724137931034484
1355139,"Tschäpperliring 2, 4153 Reinach - CHF 1’810 inkl. NK pro Monat",1810,4.0,79.0,4153,Reinach,Basel-Landschaft,Tschäpperliring 2,APARTMENT,47.4891658,7.59316343,https://flatfox.ch/de/wohnung/tschapperliring-2-4153-reinach/1355139/,2026-05-17T01:43:08+00:00,22.911392405063292
1358933,"Unterortstrasse 14, 8804 Au - CHF 2’030 inkl. NK pro Monat",2030,3.0,83.0,8804,Au,Zurich,Unterortstrasse 14,APARTMENT,47.24838695,8.6332241,https://flatfox.ch/de/wohnung/unterortstrasse-14-8804-au/1358933/,2026-05-17T01:43:10+00:00,24.457831325301203
1359060,"ch. du Finage (b) 6, 2350 Saignelégier - CHF 1’460 inkl. NK pro Monat",1460,4.5,101.0,2350,Saignelégier,Jura,ch. du Finage (b) 6,APARTMENT,47.26051541,7.00286341,https://flatfox.ch/de/wohnung/ch-du-finage-b-6-2350-saignelegier/1359060/,2026-05-17T01:43:10+00:00,14.455445544554456
1359595,"Im Reinacherhof 81-89a, 4153 Reinach BL - CHF 2’320 inkl. NK pro Monat",2320,3.5,93.0,4153,Reinach BL,Basel-Landschaft,Im Reinacherhof 81-89a,DUPLEX,47.51046634,7.60335839,https://flatfox.ch/de/wohnung/im-reinacherhof-81-89a-4153-reinach-bl/1359595/,2026-05-17T01:43:10+00:00,24.946236559139784
1362150,"Karolinestrasse 2, 3185 Schmitten FR - CHF 1’540 inkl. NK pro Monat",1540,3.5,75.0,3185,Schmitten FR,Fribourg,Karolinestrasse 2,APARTMENT,46.8550448,7.248840500000002,https://flatfox.ch/de/wohnung/karolinestrasse-2-3185-schmitten-fr/1362150/,2026-05-17T01:43:10+00:00,20.533333333333335
1367074,"Friedhofweg 3, 3292 Busswil BE - CHF 1’390",1390,4.5,75.0,3292,Busswil BE,Bern,Friedhofweg 3,APARTMENT,47.09917058,7.3215134000000015,https://flatfox.ch/de/wohnung/friedhofweg-3-3292-busswil-be/1367074/,2026-05-17T01:43:10+00:00,18.533333333333335
1372966,"Bielstrasse 31, 4153 Reinach - CHF 1’870 inkl. NK pro Monat",1870,3.5,80.0,4153,Reinach,Basel-Landschaft,Bielstrasse 31,APARTMENT,47.49079172,7.58278519,https://flatfox.ch/de/wohnung/bielstrasse-31-4153-reinach/1372966/,2026-05-17T01:43:12+00:00,23.375
1374132,"Böcklinstrasse 3, 9000 St. Gallen - CHF 1’850 inkl. NK pro Monat",1850,2.5,50.0,9000,St. Gallen,St. Gallen,Böcklinstrasse 3,FURNISHED_FLAT,47.42870062,9.37602745,https://flatfox.ch/de/wohnung/bocklinstrasse-3-9000-st-gallen/1374132/,2026-05-17T01:43:12+00:00,37.0
1377940,"In Lampitzäckern 43, 8305 Dietlikon - CHF 2’690 inkl. NK pro Monat",2690,4.5,89.0,8305,Dietlikon,Zurich,In Lampitzäckern 43,APARTMENT,47.41449521,8.61534792,https://flatfox.ch/de/wohnung/in-lampitzackern-43-8305-dietlikon/1377940/,2026-05-17T01:43:12+00:00,30.224719101123597
1379996,"Steinentorstrasse 18, 4051 Basel - CHF 2’600",2600,2.5,73.0,4051,Basel,Basel-Stadt,Steinentorstrasse 18,FURNISHED_FLAT,47.5519733,7.58895161,https://flatfox.ch/de/wohnung/steinentorstrasse-18-4051-basel/1379996/,2026-05-17T01:43:12+00:00,35.61643835616438
1380000,"Mattenstrasse 6, 3073 Gümligen - CHF 2’100",2100,2.5,56.0,3073,Gümligen,Bern,Mattenstrasse 6,FURNISHED_FLAT,46.93312811,7.509684600000002,https://flatfox.ch/de/wohnung/mattenstrasse-6-3073-gumligen/1380000/,2026-05-17T01:43:12+00:00,37.5
1380004,"Seftigenstrasse 259, 3084 Wabern - CHF 2’500",2500,2.5,80.0,3084,Wabern,Bern,Seftigenstrasse 259,FURNISHED_FLAT,46.9289299,7.4521358000000015,https://flatfox.ch/de/wohnung/seftigenstrasse-259-3084-wabern/1380004/,2026-05-17T01:43:12+00:00,31.25
1380007,"Davidsbodenstrasse 9, 4056 Basel - CHF 2’350",2350,2.5,54.0,4056,Basel,Basel-Stadt,Davidsbodenstrasse 9,FURNISHED_FLAT,47.5650324,7.5776044,https://flatfox.ch/de/wohnung/davidsbodenstrasse-9-4056-basel/1380007/,2026-05-17T01:43:12+00:00,43.51851851851852
1380799,"Ch. des Roches 16, 1009 Pully - CHF 2’202 inkl. NK pro Monat",2202,3.5,77.0,1009,Pully,Vaud,Ch. des Roches 16,APARTMENT,46.51075464,6.66559957,https://flatfox.ch/de/wohnung/ch-des-roches-16-1009-pully/1380799/,2026-05-17T01:43:13+00:00,28.5974025974026
1383646,"Zeughausstrasse 45, 3250 Lyss - CHF 1’750 inkl. NK pro Monat",1750,4.5,86.0,3250,Lyss,Bern,Zeughausstrasse 45,APARTMENT,47.07683115,7.30098276,https://flatfox.ch/de/wohnung/zeughausstrasse-45-3250-lyss/1383646/,2026-05-17T01:43:13+00:00,20.348837209302324
1387970,"ch. du Finage (a) 8, 2350 Saignelégier - CHF 1’530 inkl. NK pro Monat",1530,4.5,106.0,2350,Saignelégier,Jura,ch. du Finage (a) 8,APARTMENT,47.26057872,7.00300227,https://flatfox.ch/de/wohnung/ch-du-finage-a-8-2350-saignelegier/1387970/,2026-05-17T01:43:13+00:00,14.433962264150944
1389313,"Rue du Temple 4, 2830 Courrendlin - CHF 1’000",1000,4.5,85.0,2830,Courrendlin,Jura,Rue du Temple 4,APARTMENT,47.33401684,7.37427143,https://flatfox.ch/de/wohnung/rue-du-temple-4-2830-courrendlin/1389313/,2026-05-17T01:43:18+00:00,11.764705882352942
1392636,"Hauptstrasse 40, 4242 Laufen - CHF 2’210",2210,3.5,142.0,4242,Laufen,Basel-Landschaft,Hauptstrasse 40,DUPLEX,47.42256974,7.500652700000001,https://flatfox.ch/de/wohnung/hauptstrasse-40-4242-laufen/1392636/,2026-05-17T01:43:18+00:00,15.56338028169014
1392702,"Hauptstrasse 40, 4242 Laufen - CHF 1’475",1475,3.0,89.0,4242,Laufen,Basel-Landschaft,Hauptstrasse 40,APARTMENT,47.42256974,7.500652700000001,https://flatfox.ch/de/wohnung/hauptstrasse-40-4242-laufen/1392702/,2026-05-17T01:43:20+00:00,16.573033707865168
1394037,"Murtenstrasse 33, 2502 Biel/Bienne - CHF 1’590 inkl. NK pro Monat",1590,3.0,90.0,2502,Biel/Bienne,Bern,Murtenstrasse 33,APARTMENT,47.13494222,7.246873799999999,https://flatfox.ch/de/wohnung/murtenstrasse-33-2502-bielbienne/1394037/,2026-05-17T01:43:20+00:00,17.666666666666668
1395532,"Kirchweg 108, 8246 Langwiesen - CHF 1’730 inkl. NK pro Monat",1730,3.5,90.0,8246,Langwiesen,Zurich,Kirchweg 108,APARTMENT,47.685706300000014,8.654147700000001,https://flatfox.ch/de/wohnung/kirchweg-108-8246-langwiesen/1395532/,2026-05-17T01:43:20+00:00,19.22222222222222
1397589,"Wilhelm Kutterweg 7, 2503 Biel/Bienne - CHF 1’560",1560,3.5,72.0,2503,Biel/Bienne,Bern,Wilhelm Kutterweg 7,APARTMENT,47.12784625,7.25444595,https://flatfox.ch/de/wohnung/wilhelm-kutterweg-7-2503-bielbienne/1397589/,2026-05-17T01:43:20+00:00,21.666666666666668
1397990,"Via Roncone 22, 6927 Agra - CHF 11’600",11600,4.5,250.0,6927,Agra,Ticino,Via Roncone 22,FURNISHED_FLAT,45.96312514,8.90887688,https://flatfox.ch/de/wohnung/via-roncone-22-6927-agra/1397990/,2026-05-17T01:43:20+00:00,46.4
1398129,"Via Roncone 22, 6927 Agra - CHF 9’600",9600,3.5,200.0,6927,Agra,Ticino,Via Roncone 22,FURNISHED_FLAT,45.96312514,8.90887688,https://flatfox.ch/de/wohnung/via-roncone-22-6927-agra/1398129/,2026-05-17T01:43:20+00:00,48.0
1398327,"Via Bolghetto 19, 6877 Coldrerio - CHF 2’420",2420,3.5,129.0,6877,Coldrerio,Ticino,Via Bolghetto 19,APARTMENT,45.8509245,8.98677131,https://flatfox.ch/de/wohnung/via-bolghetto-19-6877-coldrerio/1398327/,2026-05-17T01:43:20+00:00,18.75968992248062
1398666,"Ribi 2, 4466 Ormalingen - CHF 1’840",1840,3.5,89.0,4466,Ormalingen,Basel-Landschaft,Ribi 2,APARTMENT,47.46882321,7.869944899999999,https://flatfox.ch/de/wohnung/ribi-2-4466-ormalingen/1398666/,2026-05-17T01:43:21+00:00,20.674157303370787
1402074,"Chemin de la Vuachère 2D, 1005 Lausanne - CHF 6’900",6900,7.5,205.0,1005,Lausanne,Vaud,Chemin de la Vuachère 2D,APARTMENT,46.51567781,6.65135337,https://flatfox.ch/de/wohnung/chemin-de-la-vuachere-2d-1005-lausanne/1402074/,2026-05-17T01:43:21+00:00,33.65853658536585
1403161,"Frutigenstrasse 75, 3604 Thun - CHF 1’800",1800,4.0,84.0,3604,Thun,Bern,Frutigenstrasse 75,APARTMENT,46.74243862,7.627746999999999,https://flatfox.ch/de/wohnung/frutigenstrasse-75-3604-thun/1403161/,2026-05-17T01:43:21+00:00,21.428571428571427
1403208,"Steinhofstrasse 67, 3400 Burgdorf - CHF 1’550",1550,3.0,67.0,3400,Burgdorf,Bern,Steinhofstrasse 67,APARTMENT,47.0543337,7.61529433,https://flatfox.ch/de/wohnung/steinhofstrasse-67-3400-burgdorf/1403208/,2026-05-17T01:43:21+00:00,23.134328358208954
1403344,"Hauptgasse 11, 4500 Solothurn - CHF 1’300",1300,2.0,60.0,4500,Solothurn,Solothurn,Hauptgasse 11,APARTMENT,47.206908800000015,7.53557861,https://flatfox.ch/de/wohnung/hauptgasse-11-4500-solothurn/1403344/,2026-05-17T01:43:21+00:00,21.666666666666668
1404088,"Küngoltstrasse 34, 4500 Solothurn - CHF 1’370",1370,2.5,56.0,4500,Solothurn,Solothurn,Küngoltstrasse 34,APARTMENT,47.21136738,7.523091799999999,https://flatfox.ch/de/wohnung/kungoltstrasse-34-4500-solothurn/1404088/,2026-05-17T01:43:21+00:00,24.464285714285715
1404460,"im Täli 8, 3052 Zollikofen - CHF 1’850",1850,4.5,97.0,3052,Zollikofen,Bern,im Täli 8,APARTMENT,46.99975665,7.44442341,https://flatfox.ch/de/wohnung/im-tali-8-3052-zollikofen/1404460/,2026-05-17T01:43:23+00:00,19.072164948453608
1405509,"Bachlettenstrasse 37, 4054 Basel - CHF 1’670 inkl. NK pro Monat",1670,2.0,50.0,4054,Basel,Basel-Stadt,Bachlettenstrasse 37,APARTMENT,47.5488336,7.57994641,https://flatfox.ch/de/wohnung/bachlettenstrasse-37-4054-basel/1405509/,2026-05-17T01:43:23+00:00,33.4
1405669,"Corso San Gottardo 25, 6830 Chiasso - CHF 1’070 inkl. NK pro Monat",1070,2.5,58.0,6830,Chiasso,Ticino,Corso San Gottardo 25,APARTMENT,45.83295116,9.03173998,https://flatfox.ch/de/wohnung/corso-san-gottardo-25-6830-chiasso/1405669/,2026-05-17T01:43:23+00:00,18.448275862068964
1410178,"Chemin du Contournement 10, 1337 Vallorbe - CHF 2’450",2450,4.5,95.0,1337,Vallorbe,Vaud,Chemin du Contournement 10,ROOF_FLAT,46.71692373,6.39888345,https://flatfox.ch/de/wohnung/chemin-du-contournement-10-1337-vallorbe/1410178/,2026-05-17T01:43:23+00:00,25.789473684210527
1412359,"Schulgasse 25, 2560 Nidau - CHF 990",990,1.5,42.0,2560,Nidau,Bern,Schulgasse 25,APARTMENT,47.12441397,7.23974986,https://flatfox.ch/de/wohnung/schulgasse-25-2560-nidau/1412359/,2026-05-17T01:43:23+00:00,23.571428571428573
1412864,"Schlossstrasse 10, 4133 Pratteln - CHF 1’530 inkl. NK pro Monat",1530,2.5,56.0,4133,Pratteln,Basel-Landschaft,Schlossstrasse 10,ROOF_FLAT,47.521284,7.693981900000002,https://flatfox.ch/de/wohnung/schlossstrasse-10-4133-pratteln/1412864/,2026-05-17T01:43:23+00:00,27.321428571428573
1414834,"Via San Giorgio 50, 6834 Morbio Inferiore - CHF 2’350",2350,3.5,82.0,6834,Morbio Inferiore,Ticino,Via San Giorgio 50,APARTMENT,45.84647848,9.0194711,https://flatfox.ch/de/wohnung/via-san-giorgio-50-6834-morbio-inferiore/1414834/,2026-05-17T01:43:23+00:00,28.658536585365855
1415018,"Rue des Envers 73, 2400 Le Locle - CHF 1’100",1100,4.5,88.0,2400,Le Locle,Neuchâtel,Rue des Envers 73,APARTMENT,47.05458119,6.74610098,https://flatfox.ch/de/wohnung/rue-des-envers-73-2400-le-locle/1415018/,2026-05-17T01:43:23+00:00,12.5
1415036,"Rue de la Croix-Fédérale 23a, 2300 La Chaux-de-Fonds - CHF 1’290",1290,3.5,70.0,2300,La Chaux-de-Fonds,Neuchâtel,Rue de la Croix-Fédérale 23a,APARTMENT,47.10591414,6.840425100000001,https://flatfox.ch/de/wohnung/rue-de-la-croix-federale-23a-2300-la-chaux-de-fond/1415036/,2026-05-17T01:43:23+00:00,18.428571428571427
1415179,"Via Cantonale 33, 6705 Cresciano - CHF 1’100",1100,2.5,60.0,6705,Cresciano,Ticino,Via Cantonale 33,APARTMENT,46.27663187,9.009396,https://flatfox.ch/de/wohnung/via-cantonale-33-6705-cresciano/1415179/,2026-05-17T01:43:23+00:00,18.333333333333332
1415885,"Nidermattweg 7, 8192 Glattfelden - CHF 3’220",3220,4.5,160.0,8192,Glattfelden,Zurich,Nidermattweg 7,APARTMENT,47.56127651,8.49520694,https://flatfox.ch/de/wohnung/nidermattweg-7-8192-glattfelden/1415885/,2026-05-17T01:43:23+00:00,20.125
1417785,"Via Pusterla 6, 6828 Balerna - CHF 1’550",1550,3.5,84.0,6828,Balerna,Ticino,Via Pusterla 6,APARTMENT,45.84884823,9.00677942,https://flatfox.ch/de/wohnung/via-pusterla-6-6828-balerna/1417785/,2026-05-17T01:43:25+00:00,18.452380952380953
1417786,"Via Valletta 4, 6516 Cugnasco-Gerra - CHF 2’250",2250,4.5,127.0,6516,Cugnasco-Gerra,Ticino,Via Valletta 4,DUPLEX,46.1763496,8.923445899999999,https://flatfox.ch/de/wohnung/via-valletta-4-6516-cugnasco-gerra/1417786/,2026-05-17T01:43:25+00:00,17.716535433070867
1418505,6900 Lugano - CHF 4’150,4150,3.5,92.0,6900,Lugano,Ticino,,FURNISHED_FLAT,46.00933570983442,8.950849992033147,https://flatfox.ch/de/wohnung/6900-lugano/1418505/,2026-05-17T01:43:25+00:00,45.108695652173914
1419044,6919 Collina d'Oro - CHF 2’500,2500,2.5,80.0,6919,Collina d'Oro,Ticino,,APARTMENT,45.971188293626085,8.901970450672014,https://flatfox.ch/de/wohnung/6919-collina-doro/1419044/,2026-05-17T01:43:25+00:00,31.25
1419174,"via Motta, 6900 Lugano - CHF 3’100",3100,2.5,136.0,6900,Lugano,Ticino,via Motta,APARTMENT,46.00183826,8.94899073,https://flatfox.ch/de/wohnung/via-motta-6900-lugano/1419174/,2026-05-17T01:43:25+00:00,22.794117647058822
1419430,"Spitalstr. (Altbau) 7, 7130 Ilanz - CHF 2’050 inkl. NK pro Monat",2050,3.5,118.0,7130,Ilanz,Graubünden,Spitalstr. (Altbau) 7,DUPLEX,46.77660169,9.2050183,https://flatfox.ch/de/wohnung/spitalstr-altbau-7-7130-ilanz/1419430/,2026-05-17T01:43:25+00:00,17.372881355932204
1419749,"Via Sottobisio 12, 6828 Balerna - CHF 1’220",1220,3.5,83.0,6828,Balerna,Ticino,Via Sottobisio 12,FURNISHED_FLAT,45.84518834,9.00603369,https://flatfox.ch/de/wohnung/via-sottobisio-12-6828-balerna/1419749/,2026-05-17T01:43:25+00:00,14.698795180722891
1419813,"Via Baldassarre Fontana 10, 6830 Chiasso - CHF 1’120",1120,2.5,80.0,6830,Chiasso,Ticino,Via Baldassarre Fontana 10,APARTMENT,45.83575364,9.02515861,https://flatfox.ch/de/wohnung/via-baldassarre-fontana-10-6830-chiasso/1419813/,2026-05-17T01:43:25+00:00,14.0
1422552,"Via Pietro Peri 9, 6900 Lugano - CHF 4’200",4200,3.5,180.0,6900,Lugano,Ticino,Via Pietro Peri 9,APARTMENT,46.00573764,8.95032637,https://flatfox.ch/de/wohnung/via-pietro-peri-9-6900-lugano/1422552/,2026-05-17T01:43:25+00:00,23.333333333333332
1423789,"Mutschellenplatz 3, 8964 Rudolfstetten - CHF 2’645 inkl. NK pro Monat",2645,3.5,85.0,8964,Rudolfstetten,Aargau,Mutschellenplatz 3,APARTMENT,47.36904071,8.380787699999999,https://flatfox.ch/de/wohnung/mutschellenplatz-3-8964-rudolfstetten/1423789/,2026-05-17T01:43:25+00:00,31.11764705882353
1424682,"Monséjour 17, 1700 Fribourg - CHF 1’940 inkl. NK pro Monat",1940,4.5,90.0,1700,Fribourg,Fribourg,Monséjour 17,APARTMENT,46.80139551,7.14630846,https://flatfox.ch/de/wohnung/monsejour-17-1700-fribourg/1424682/,2026-05-17T01:43:25+00:00,21.555555555555557
1424760,"Madretschstrasse 115, 2503 Biel/Bienne - CHF 1’330",1330,3.0,75.0,2503,Biel/Bienne,Bern,Madretschstrasse 115,APARTMENT,47.13645981,7.257474299999999,https://flatfox.ch/de/wohnung/madretschstrasse-115-2503-bielbienne/1424760/,2026-05-17T01:43:25+00:00,17.733333333333334
1431414,"Vicolo Concordia, 6932 Breganzona - CHF 1’840",1840,2.5,60.0,6932,Breganzona,Ticino,Vicolo Concordia,APARTMENT,46.0108065,8.9359214,https://flatfox.ch/de/wohnung/vicolo-concordia-6932-breganzona/1431414/,2026-05-17T01:43:27+00:00,30.666666666666668
1438118,"Florastrasse 17, 2540 Grenchen - CHF 1’400 inkl. NK pro Monat",1400,3.5,80.0,2540,Grenchen,Solothurn,Florastrasse 17,APARTMENT,47.18577355,7.397500699999998,https://flatfox.ch/de/wohnung/florastrasse-17-2540-grenchen/1438118/,2026-05-17T01:43:27+00:00,17.5
1439478,"Rue de la Gare, 2206 Les Geneveys-sur-Coffrane - CHF 2’400",2400,4.5,100.0,2206,Les Geneveys-sur-Coffrane,Neuchâtel,Rue de la Gare,APARTMENT,47.01060374,6.86229154,https://flatfox.ch/de/wohnung/rue-de-la-gare-2206-les-geneveys-sur-coffrane/1439478/,2026-05-17T01:43:27+00:00,24.0
1440724,"Thunstrasse 47, 3005 Bern - CHF 3’140",3140,3.5,100.0,3005,Bern,Bern,Thunstrasse 47,APARTMENT,46.94132245,7.456632999999999,https://flatfox.ch/de/wohnung/thunstrasse-47-3005-bern/1440724/,2026-05-17T01:43:27+00:00,31.4
1441043,"Rue de la Gare, 2206 Les Geneveys-sur-Coffrane - CHF 2’480",2480,4.5,100.0,2206,Les Geneveys-sur-Coffrane,Neuchâtel,Rue de la Gare,APARTMENT,47.01060374,6.86229154,https://flatfox.ch/de/wohnung/rue-de-la-gare-2206-les-geneveys-sur-coffrane/1441043/,2026-05-17T01:43:27+00:00,24.8
1441044,"Rue de la Gare, 2206 Les Geneveys-sur-Coffrane - CHF 1’730",1730,3.5,100.0,2206,Les Geneveys-sur-Coffrane,Neuchâtel,Rue de la Gare,APARTMENT,47.01060374,6.86229154,https://flatfox.ch/de/wohnung/rue-de-la-gare-2206-les-geneveys-sur-coffrane/1441044/,2026-05-17T01:43:27+00:00,17.3
1441045,"Rue de la Gare, 2206 Les Geneveys-sur-Coffrane - CHF 1’930",1930,4.5,100.0,2206,Les Geneveys-sur-Coffrane,Neuchâtel,Rue de la Gare,APARTMENT,47.01060374,6.86229154,https://flatfox.ch/de/wohnung/rue-de-la-gare-2206-les-geneveys-sur-coffrane/1441045/,2026-05-17T01:43:27+00:00,19.3
1441229,"Mettstrasse 117f, 2504 Biel/Bienne - CHF 1’220",1220,3.0,70.0,2504,Biel/Bienne,Bern,Mettstrasse 117f,APARTMENT,47.14261234,7.269954199999999,https://flatfox.ch/de/wohnung/mettstrasse-117f-2504-bielbienne/1441229/,2026-05-17T01:43:29+00:00,17.428571428571427
1441345,"Limmattalstrasse 57, 8954 Geroldswil - CHF 2’650 inkl. NK pro Monat",2650,2.5,55.0,8954,Geroldswil,Zurich,Limmattalstrasse 57,APARTMENT,47.42110711,8.40882921,https://flatfox.ch/de/wohnung/limmattalstrasse-57-8954-geroldswil/1441345/,2026-05-17T01:43:29+00:00,48.18181818181818
1442372,"Zürchermatte BE 153'040 11, 3550 Langnau i. E. - CHF 2’020 inkl. NK pro Monat",2020,4.5,102.0,3550,Langnau i. E.,Bern,Zürchermatte BE 153'040 11,DUPLEX,46.93786221,7.79068245,https://flatfox.ch/de/wohnung/zurchermatte-be-153040-11-3550-langnau-i-e/1442372/,2026-05-17T01:43:29+00:00,19.80392156862745
1444459,"Champ des Fontaines 15, 1700 Fribourg - CHF 1’600 inkl. NK pro Monat",1600,3.5,67.0,1700,Fribourg,Fribourg,Champ des Fontaines 15,APARTMENT,46.80904711,7.14349921,https://flatfox.ch/de/wohnung/champ-des-fontaines-15-1700-fribourg/1444459/,2026-05-17T01:43:29+00:00,23.880597014925375
1454764,"Freie Strasse 10, 4051 Basel - CHF 2’150 inkl. NK pro Monat",2150,2.0,102.0,4051,Basel,Basel-Stadt,Freie Strasse 10,LOFT,47.55728873,7.588630399999999,https://flatfox.ch/de/wohnung/freie-strasse-10-4051-basel/1454764/,2026-05-17T01:43:29+00:00,21.07843137254902
1455422,"Bielstrasse 14, 3250 Lyss - CHF 1’920 inkl. NK pro Monat",1920,3.5,91.0,3250,Lyss,Bern,Bielstrasse 14,ATTIC_FLAT,47.0754847,7.30558417,https://flatfox.ch/de/wohnung/bielstrasse-14-3250-lyss/1455422/,2026-05-17T01:43:29+00:00,21.0989010989011
1456333,"Niederbürerstrasse 40, 9220 Bischofszell - CHF 2’080 inkl. NK pro Monat",2080,4.5,107.0,9220,Bischofszell,Thurgau,Niederbürerstrasse 40,APARTMENT,47.48869134,9.2328442,https://flatfox.ch/de/wohnung/niederburerstrasse-40-9220-bischofszell/1456333/,2026-05-17T01:43:29+00:00,19.439252336448597
1457602,"Rue de la Paix 85, 2300 La Chaux-de-Fonds - CHF 1’290",1290,3.0,75.0,2300,La Chaux-de-Fonds,Neuchâtel,Rue de la Paix 85,APARTMENT,47.0996463,6.82116267,https://flatfox.ch/de/wohnung/rue-de-la-paix-85-2300-la-chaux-de-fonds/1457602/,2026-05-17T01:43:29+00:00,17.2
1461428,"Chemin de Corjon 11, 1020 Renens - CHF 1’955 inkl. NK pro Monat",1955,2.5,60.0,1020,Renens,Vaud,Chemin de Corjon 11,APARTMENT,46.54168785,6.58576144,https://flatfox.ch/de/wohnung/chemin-de-corjon-11-1020-renens/1461428/,2026-05-17T01:43:30+00:00,32.583333333333336
1462255,"Oberstrasse 201, 9000 St. Gallen - CHF 1’470 inkl. NK pro Monat",1470,3.5,65.0,9000,St. Gallen,St. Gallen,Oberstrasse 201,APARTMENT,47.41228071,9.35122476,https://flatfox.ch/de/wohnung/oberstrasse-201-9000-st-gallen/1462255/,2026-05-17T01:43:30+00:00,22.615384615384617
1462802,"Aarestrasse 11, 2555 Brügg BE - CHF 1’240 inkl. NK pro Monat",1240,2.5,56.0,2555,Brügg BE,Bern,Aarestrasse 11,APARTMENT,47.12209098,7.27827468,https://flatfox.ch/de/wohnung/aarestrasse-11-2555-brugg-be/1462802/,2026-05-17T01:43:30+00:00,22.142857142857142
1465114,"Via Flora Ruchat-Roncati 4i, 6850 Mendrisio - CHF 1’560 inkl. NK pro Monat",1560,3.5,87.0,6850,Mendrisio,Ticino,Via Flora Ruchat-Roncati 4i,APARTMENT,45.86813245,8.97626171,https://flatfox.ch/de/wohnung/via-flora-ruchat-roncati-4i-6850-mendrisio/1465114/,2026-05-17T01:43:30+00:00,17.93103448275862
1467025,"via Canonico Manera 5, 6965 Lugano - CHF 1’550",1550,3.5,85.0,6965,Lugano,Ticino,via Canonico Manera 5,APARTMENT,46.04564966,8.98690635,https://flatfox.ch/de/wohnung/via-canonico-manera-5-6965-lugano/1467025/,2026-05-17T01:43:30+00:00,18.235294117647058
1467030,"via Canonico Manera 5, 6965 Lugano - CHF 2’200",2200,4.5,107.0,6965,Lugano,Ticino,via Canonico Manera 5,APARTMENT,46.04564966,8.98690635,https://flatfox.ch/de/wohnung/via-canonico-manera-5-6965-lugano/1467030/,2026-05-17T01:43:30+00:00,20.560747663551403
1467157,"Rue Neuve 35, 2800 Delémont - CHF 1’480 inkl. NK pro Monat",1480,3.5,84.0,2800,Delémont,Jura,Rue Neuve 35,APARTMENT,47.36512567,7.354654999999999,https://flatfox.ch/de/wohnung/rue-neuve-35-2800-delemont/1467157/,2026-05-17T01:43:30+00:00,17.61904761904762
1467164,"Rue du Haut-Fourneau 24, 2800 Delémont - CHF 1’750 inkl. NK pro Monat",1750,4.5,100.0,2800,Delémont,Jura,Rue du Haut-Fourneau 24,APARTMENT,47.36484457,7.35393993,https://flatfox.ch/de/wohnung/rue-du-haut-fourneau-24-2800-delemont/1467164/,2026-05-17T01:43:30+00:00,17.5
1475901,"Corso San Gottardo 96, 6830 Chiasso - CHF 970",970,3.5,75.0,6830,Chiasso,Ticino,Corso San Gottardo 96,APARTMENT,45.8371756,9.02407859,https://flatfox.ch/de/wohnung/corso-san-gottardo-96-6830-chiasso/1475901/,2026-05-17T01:43:30+00:00,12.933333333333334
1476864,"Aarwangenstrasse 68a, 4900 Langenthal - CHF 1’560 inkl. NK pro Monat",1560,3.5,137.0,4900,Langenthal,Bern,Aarwangenstrasse 68a,APARTMENT,47.22234572,7.78210037,https://flatfox.ch/de/wohnung/aarwangenstrasse-68a-4900-langenthal/1476864/,2026-05-17T01:43:32+00:00,11.386861313868613
1480525,"Oelirain 1, 2540 Grenchen - CHF 1’520 inkl. NK pro Monat",1520,2.5,69.0,2540,Grenchen,Solothurn,Oelirain 1,APARTMENT,47.19725436,7.394721199999999,https://flatfox.ch/de/wohnung/oelirain-1-2540-grenchen/1480525/,2026-05-17T01:43:32+00:00,22.028985507246375
1483920,"Langgasse 155, 9008 St. Gallen - CHF 1’510 inkl. NK pro Monat",1510,3.5,77.0,9008,St. Gallen,St. Gallen,Langgasse 155,APARTMENT,47.4494196,9.39753754,https://flatfox.ch/de/wohnung/langgasse-155-9008-st-gallen/1483920/,2026-05-17T01:43:32+00:00,19.61038961038961
1484321,"Mülistr. 9, 8320 Fehraltorf - CHF 1’990 inkl. NK pro Monat",1990,3.5,77.0,8320,Fehraltorf,Zurich,Mülistr. 9,APARTMENT,47.39051966,8.744077800000001,https://flatfox.ch/de/wohnung/mulistr-9-8320-fehraltorf/1484321/,2026-05-17T01:43:32+00:00,25.844155844155843
1484406,"Via Gerretta 15 - Geb. F, 6500 Bellinzona - CHF 1’720 inkl. NK pro Monat",1720,3.5,82.0,6500,Bellinzona,Ticino,Via Gerretta 15 - Geb. F,APARTMENT,46.2021365,9.02992198,https://flatfox.ch/de/wohnung/via-gerretta-15-geb-f-6500-bellinzona/1484406/,2026-05-17T01:43:32+00:00,20.975609756097562
1484432,"Via Flora Ruchat-Roncati 4L, 6850 Mendrisio - CHF 1’560 inkl. NK pro Monat",1560,3.5,87.0,6850,Mendrisio,Ticino,Via Flora Ruchat-Roncati 4L,APARTMENT,45.86850929,8.97626066,https://flatfox.ch/de/wohnung/via-flora-ruchat-roncati-4l-6850-mendrisio/1484432/,2026-05-17T01:43:32+00:00,17.93103448275862
1485561,6825 Mendrisio - CHF 2’500,2500,3.5,170.0,6825,Mendrisio,Ticino,,FURNISHED_FLAT,45.90104235610968,8.987230579271637,https://flatfox.ch/de/wohnung/6825-mendrisio/1485561/,2026-05-17T01:43:34+00:00,14.705882352941176
1489987,"Alemannenstrasse 19, 4106 Therwil - CHF 1’940 inkl. NK pro Monat",1940,4.0,83.0,4106,Therwil,Basel-Landschaft,Alemannenstrasse 19,APARTMENT,47.50484479,7.55027091,https://flatfox.ch/de/wohnung/alemannenstrasse-19-4106-therwil/1489987/,2026-05-17T01:43:34+00:00,23.373493975903614
1490782,"Bahnhofstrasse 9, 3250 Lyss - CHF 2’200 inkl. NK pro Monat",2200,3.5,113.0,3250,Lyss,Bern,Bahnhofstrasse 9,APARTMENT,47.0755836,7.305982599999999,https://flatfox.ch/de/wohnung/bahnhofstrasse-9-3250-lyss/1490782/,2026-05-17T01:43:34+00:00,19.469026548672566
1490963,"Via Calloni, 6900 Lugano - CHF 2’300",2300,2.5,80.0,6900,Lugano,Ticino,Via Calloni,FURNISHED_FLAT,45.99170043,8.94314881,https://flatfox.ch/de/wohnung/via-calloni-6900-lugano/1490963/,2026-05-17T01:43:34+00:00,28.75
1492224,"Flachsländerstrasse 7, 4057 Basel - CHF 1’650 inkl. NK pro Monat",1650,2.5,60.0,4057,Basel,Basel-Stadt,Flachsländerstrasse 7,APARTMENT,47.5688662,7.58920292,https://flatfox.ch/de/wohnung/flachslanderstrasse-7-4057-basel/1492224/,2026-05-17T01:43:34+00:00,27.5
1495860,"Hitzkircherstrasse 6, 6285 Hitzkirch - CHF 2’590 inkl. NK pro Monat",2590,4.5,120.0,6285,Hitzkirch,Lucerne,Hitzkircherstrasse 6,APARTMENT,47.22707258,8.24630665,https://flatfox.ch/de/wohnung/hitzkircherstrasse-6-6285-hitzkirch/1495860/,2026-05-17T01:43:34+00:00,21.583333333333332
1496450,"Avenue Charles-Naine 22, 2300 La Chaux-de-Fonds - CHF 1’340",1340,3.5,71.0,2300,La Chaux-de-Fonds,Neuchâtel,Avenue Charles-Naine 22,APARTMENT,47.09229878,6.80784426,https://flatfox.ch/de/wohnung/avenue-charles-naine-22-2300-la-chaux-de-fonds/1496450/,2026-05-17T01:43:34+00:00,18.87323943661972
1496745,"Reidholzstrasse 31, 8805 Richterswil - CHF 1’535 inkl. NK pro Monat",1535,2.0,53.0,8805,Richterswil,Zurich,Reidholzstrasse 31,APARTMENT,47.21281889,8.693962200000001,https://flatfox.ch/de/wohnung/reidholzstrasse-31-8805-richterswil/1496745/,2026-05-17T01:43:34+00:00,28.962264150943398
1499624,6922 Morcote - CHF 900,900,2.5,55.0,6922,Morcote,Ticino,,APARTMENT,45.93580439946665,8.909934285219064,https://flatfox.ch/de/wohnung/6922-morcote/1499624/,2026-05-17T01:43:35+00:00,16.363636363636363
1499628,6925 Gentilino - CHF 2’240,2240,5.5,166.0,6925,Gentilino,Ticino,,APARTMENT,45.99220516584875,8.934161246930849,https://flatfox.ch/de/wohnung/6925-gentilino/1499628/,2026-05-17T01:43:35+00:00,13.493975903614459
1499720,"Luppmenstrasse 13, 8320 Fehraltorf - CHF 1’520",1520,1.0,35.0,8320,Fehraltorf,Zurich,Luppmenstrasse 13,APARTMENT,47.38818548,8.74506822,https://flatfox.ch/de/wohnung/luppmenstrasse-13-8320-fehraltorf/1499720/,2026-05-17T01:43:35+00:00,43.42857142857143
1501199,"Rue des Frères-Lumière 18, 1723 Marly - CHF 1’795 inkl. NK pro Monat",1795,2.5,58.0,1723,Marly,Fribourg,Rue des Frères-Lumière 18,APARTMENT,46.7747911,7.15393559,https://flatfox.ch/de/wohnung/rue-des-freres-lumiere-18-1723-marly/1501199/,2026-05-17T01:43:35+00:00,30.948275862068964
1503164,"Avenue Rousseau 24, 1815 Clarens - CHF 2’920 inkl. NK pro Monat",2920,4.5,83.0,1815,Clarens,Vaud,Avenue Rousseau 24,APARTMENT,46.44288671,6.891979999999999,https://flatfox.ch/de/wohnung/avenue-rousseau-24-1815-clarens/1503164/,2026-05-17T01:43:35+00:00,35.18072289156626
1503190,"Rives de la Broye 20, 1530 Payerne - CHF 1’269 inkl. NK pro Monat",1269,2.5,47.0,1530,Payerne,Vaud,Rives de la Broye 20,APARTMENT,46.81393839,6.92849512,https://flatfox.ch/de/wohnung/rives-de-la-broye-20-1530-payerne/1503190/,2026-05-17T01:43:35+00:00,27.0
1503752,"Käppelibodenweg 48, 4132 Muttenz - CHF 2’000 inkl. NK pro Monat",2000,3.5,88.0,4132,Muttenz,Basel-Landschaft,Käppelibodenweg 48,APARTMENT,47.5329481,7.62958611,https://flatfox.ch/de/wohnung/kappelibodenweg-48-4132-muttenz/1503752/,2026-05-17T01:43:35+00:00,22.727272727272727
1505657,"Bollwerkstrasse 30c, 4102 Binningen - CHF 1’980 inkl. NK pro Monat",1980,4.5,84.0,4102,Binningen,Basel-Landschaft,Bollwerkstrasse 30c,APARTMENT,47.54104881,7.5559588999999985,https://flatfox.ch/de/wohnung/bollwerkstrasse-30c-4102-binningen/1505657/,2026-05-17T01:43:35+00:00,23.571428571428573
1512351,"Grabenstrasse 49a, 3360 Herzogenbuchsee - CHF 2’270 inkl. NK pro Monat",2270,3.5,93.0,3360,Herzogenbuchsee,Bern,Grabenstrasse 49a,APARTMENT,47.1974424,7.70632314,https://flatfox.ch/de/wohnung/grabenstrasse-49a-3360-herzogenbuchsee/1512351/,2026-05-17T01:43:35+00:00,24.408602150537636
1517313,"Rue de la Liberté - 18 12-18, 2740 Moutier - CHF 1’700 inkl. NK pro Monat",1700,4.0,104.0,2740,Moutier,Bern,Rue de la Liberté - 18 12-18,APARTMENT,47.27827491,7.371665600000001,https://flatfox.ch/de/wohnung/rue-de-la-liberte-18-12-18-2740-moutier/1517313/,2026-05-17T01:43:38+00:00,16.346153846153847
1519218,"Steingrüeblistrasse 22, 9000 St.Gallen - CHF 1’290 inkl. NK pro Monat",1290,1.0,38.0,9000,St.Gallen,St. Gallen,Steingrüeblistrasse 22,APARTMENT,47.42639411,9.38879618,https://flatfox.ch/de/wohnung/steingrueblistrasse-22-9000-stgallen/1519218/,2026-05-17T01:43:38+00:00,33.94736842105263
1519226,"Steingrüeblistrasse 26, 9000 St.Gallen - CHF 845 inkl. NK pro Monat",845,1.0,22.0,9000,St.Gallen,St. Gallen,Steingrüeblistrasse 26,APARTMENT,47.42639782,9.38911668,https://flatfox.ch/de/wohnung/steingrueblistrasse-26-9000-stgallen/1519226/,2026-05-17T01:43:38+00:00,38.40909090909091
1519244,"Steingrüeblistrasse 28, 9000 St.Gallen - CHF 990 inkl. NK pro Monat",990,1.0,27.0,9000,St.Gallen,St. Gallen,Steingrüeblistrasse 28,APARTMENT,47.42650592,9.3894441,https://flatfox.ch/de/wohnung/steingrueblistrasse-28-9000-stgallen/1519244/,2026-05-17T01:43:38+00:00,36.666666666666664
1519282,"Steingrüeblistrasse 30, 9000 St.Gallen - CHF 1’000 inkl. NK pro Monat",1000,1.0,27.0,9000,St.Gallen,St. Gallen,Steingrüeblistrasse 30,APARTMENT,47.42651348,9.38950031,https://flatfox.ch/de/wohnung/steingrueblistrasse-30-9000-stgallen/1519282/,2026-05-17T01:43:38+00:00,37.03703703703704
1519323,"Steingrüeblistrasse 34, 9000 St.Gallen - CHF 1’950 inkl. NK pro Monat",1950,4.0,76.0,9000,St.Gallen,St. Gallen,Steingrüeblistrasse 34,APARTMENT,47.42652831,9.38961316,https://flatfox.ch/de/wohnung/steingrueblistrasse-34-9000-stgallen/1519323/,2026-05-17T01:43:38+00:00,25.657894736842106
1519331,"Steingrüeblistrasse 34, 9000 St.Gallen - CHF 1’980 inkl. NK pro Monat",1980,4.0,77.0,9000,St.Gallen,St. Gallen,Steingrüeblistrasse 34,APARTMENT,47.42652831,9.38961316,https://flatfox.ch/de/wohnung/steingrueblistrasse-34-9000-stgallen/1519331/,2026-05-17T01:43:38+00:00,25.714285714285715
1520821,"Burgfeldermattweg 49, 4123 Allschwil - CHF 2’620 inkl. NK pro Monat",2620,4.5,105.0,4123,Allschwil,Basel-Landschaft,Burgfeldermattweg 49,APARTMENT,47.55578528,7.54115956,https://flatfox.ch/de/wohnung/burgfeldermattweg-49-4123-allschwil/1520821/,2026-05-17T01:43:38+00:00,24.952380952380953
1522281,"Landskronstrasse 15, 4056 Basel - CHF 2’420",2420,3.5,65.0,4056,Basel,Basel-Stadt,Landskronstrasse 15,FURNISHED_FLAT,47.56886914,7.57835177,https://flatfox.ch/de/wohnung/landskronstrasse-15-4056-basel/1522281/,2026-05-17T01:43:38+00:00,37.23076923076923
1522334,"Häsingerstrasse 29, 4055 Basel - CHF 2’040",2040,3.0,72.0,4055,Basel,Basel-Stadt,Häsingerstrasse 29,FURNISHED_FLAT,47.56260529,7.56894354,https://flatfox.ch/de/wohnung/hasingerstrasse-29-4055-basel/1522334/,2026-05-17T01:43:38+00:00,28.333333333333332
1523063,"Langgasse 165, 9008 St. Gallen - CHF 1’680 inkl. NK pro Monat",1680,4.5,97.0,9008,St. Gallen,St. Gallen,Langgasse 165,APARTMENT,47.45061942,9.3978691,https://flatfox.ch/de/wohnung/langgasse-165-9008-st-gallen/1523063/,2026-05-17T01:43:38+00:00,17.31958762886598
1526546,"Corso Elvezia 35, 6900 Lugano - CHF 2’160",2160,2.5,65.0,6900,Lugano,Ticino,Corso Elvezia 35,FURNISHED_FLAT,46.0100757,8.95606455,https://flatfox.ch/de/wohnung/corso-elvezia-35-6900-lugano/1526546/,2026-05-17T01:43:38+00:00,33.23076923076923
1529201,"Benedikt-Hugistrasse 30, 4500 Solothurn - CHF 1’390 inkl. NK pro Monat",1390,3.0,54.0,4500,Solothurn,Solothurn,Benedikt-Hugistrasse 30,APARTMENT,47.2093483,7.51573098,https://flatfox.ch/de/wohnung/benedikt-hugistrasse-30-4500-solothurn/1529201/,2026-05-17T01:43:38+00:00,25.74074074074074
1529460,"Burgfeldermattweg 19, 4123 Allschwil - CHF 2’428 inkl. NK pro Monat",2428,3.5,108.0,4123,Allschwil,Basel-Landschaft,Burgfeldermattweg 19,APARTMENT,47.55431724,7.539882599999999,https://flatfox.ch/de/wohnung/burgfeldermattweg-19-4123-allschwil/1529460/,2026-05-17T01:43:39+00:00,22.48148148148148
1529913,"Oberrieterstrasse 33, 9462 Montlingen - CHF 1’840",1840,3.5,90.0,9462,Montlingen,St. Gallen,Oberrieterstrasse 33,DUPLEX,47.33368857,9.58439933,https://flatfox.ch/de/wohnung/oberrieterstrasse-33-9462-montlingen/1529913/,2026-05-17T01:43:39+00:00,20.444444444444443
1530649,"Samariterstrasse 8, 8032 Zürich - CHF 2’500 inkl. NK pro Monat",2500,4.0,90.0,8032,Zürich,Zurich,Samariterstrasse 8,APARTMENT,47.36776815,8.56164363,https://flatfox.ch/de/wohnung/samariterstrasse-8-8032-zurich/1530649/,2026-05-17T01:43:39+00:00,27.77777777777778
1530650,"Weissmühlestrasse 4, 8840 Einsiedeln - CHF 1’562 inkl. NK pro Monat",1562,3.5,75.0,8840,Einsiedeln,Schwyz,Weissmühlestrasse 4,APARTMENT,47.13376231,8.7436512,https://flatfox.ch/de/wohnung/weissmuhlestrasse-4-8840-einsiedeln/1530650/,2026-05-17T01:43:39+00:00,20.826666666666668
1533079,"Rue du Chêne 5, 1020 Renens - CHF 2’580 inkl. NK pro Monat",2580,1.0,77.0,1020,Renens,Vaud,Rue du Chêne 5,LOFT,46.53117249,6.59003762,https://flatfox.ch/de/wohnung/rue-du-chene-5-1020-renens/1533079/,2026-05-17T01:43:39+00:00,33.506493506493506
1533106,"Rue du Chêne 5, 1020 Renens - CHF 3’230 inkl. NK pro Monat",3230,3.5,114.0,1020,Renens,Vaud,Rue du Chêne 5,APARTMENT,46.53117249,6.59003762,https://flatfox.ch/de/wohnung/rue-du-chene-5-1020-renens/1533106/,2026-05-17T01:43:39+00:00,28.333333333333332
1533137,"Rue du Chêne 5, 1020 Renens - CHF 2’485 inkl. NK pro Monat",2485,2.5,73.0,1020,Renens,Vaud,Rue du Chêne 5,APARTMENT,46.53117249,6.59003762,https://flatfox.ch/de/wohnung/rue-du-chene-5-1020-renens/1533137/,2026-05-17T01:43:39+00:00,34.04109589041096
1534854,"Rathausstrasse 28, 4410 Liestal - CHF 1’890 inkl. NK pro Monat",1890,3.5,103.0,4410,Liestal,Basel-Landschaft,Rathausstrasse 28,DUPLEX,47.48428685,7.734451,https://flatfox.ch/de/wohnung/rathausstrasse-28-4410-liestal/1534854/,2026-05-17T01:43:39+00:00,18.349514563106798
1535026,"Kranichweg 3, 3074 Muri b. Bern - CHF 1’950 inkl. NK pro Monat",1950,3.5,80.0,3074,Muri b. Bern,Bern,Kranichweg 3,APARTMENT,46.93439246,7.489743199999999,https://flatfox.ch/de/wohnung/kranichweg-3-3074-muri-b-bern/1535026/,2026-05-17T01:43:39+00:00,24.375
1535105,6926 Montagnola - CHF 6’000,6000,4.5,143.0,6926,Montagnola,Ticino,,APARTMENT,45.982948833339584,8.916843676847739,https://flatfox.ch/de/wohnung/6926-montagnola/1535105/,2026-05-17T01:43:39+00:00,41.95804195804196
1535278,6850 Mendrisio - CHF 2’500,2500,3.5,170.0,6850,Mendrisio,Ticino,,ROOF_FLAT,45.87293667050949,8.978326339662459,https://flatfox.ch/de/wohnung/6850-mendrisio/1535278/,2026-05-17T01:43:39+00:00,14.705882352941176
1538788,"Ruchwiesenstrasse 26, 8404 Winterthur - CHF 1’645 inkl. NK pro Monat",1645,3.5,85.0,8404,Winterthur,Zurich,Ruchwiesenstrasse 26,APARTMENT,47.5193087,8.75453432,https://flatfox.ch/de/wohnung/ruchwiesenstrasse-26-8404-winterthur/1538788/,2026-05-17T01:43:39+00:00,19.352941176470587
1539156,"Arlesheimerstr. 24, 4147 Aesch BL - CHF 1’820 inkl. NK pro Monat",1820,3.5,75.0,4147,Aesch BL,Basel-Landschaft,Arlesheimerstr. 24,APARTMENT,47.47860756,7.598628199999999,https://flatfox.ch/de/wohnung/arlesheimerstr-24-4147-aesch-bl/1539156/,2026-05-17T01:43:39+00:00,24.266666666666666
1539394,"Zürchermatte BE 153'040 10, 3550 Langnau i. E. - CHF 1’975 inkl. NK pro Monat",1975,4.5,95.0,3550,Langnau i. E.,Bern,Zürchermatte BE 153'040 10,DUPLEX,46.93786221,7.79068245,https://flatfox.ch/de/wohnung/zurchermatte-be-153040-10-3550-langnau-i-e/1539394/,2026-05-17T01:43:39+00:00,20.789473684210527
1540897,"Boulevard de Pérolles 91, 1700 Fribourg - CHF 2’690 inkl. NK pro Monat",2690,5.5,114.0,1700,Fribourg,Fribourg,Boulevard de Pérolles 91,APARTMENT,46.79477198,7.15680031,https://flatfox.ch/de/wohnung/boulevard-de-perolles-91-1700-fribourg/1540897/,2026-05-17T01:43:41+00:00,23.596491228070175
1544052,"Bühlstrasse 10, 8055 Zürich - CHF 3’890 inkl. NK pro Monat",3890,4.5,86.0,8055,Zürich,Zurich,Bühlstrasse 10,APARTMENT,47.36779681,8.515695599999999,https://flatfox.ch/de/wohnung/buhlstrasse-10-8055-zurich/1544052/,2026-05-17T01:43:41+00:00,45.23255813953488
1545260,"Bottmingerstr. 121, 4102 Binningen - CHF 2’140 inkl. NK pro Monat",2140,3.5,78.0,4102,Binningen,Basel-Landschaft,Bottmingerstr. 121,APARTMENT,47.52882668,7.5739658,https://flatfox.ch/de/wohnung/bottmingerstr-121-4102-binningen/1545260/,2026-05-17T01:43:41+00:00,27.435897435897434
1547597,"Saars 2, 2000 Neuchâtel - CHF 1’527",1527,2.5,69.0,2000,Neuchâtel,Neuchâtel,Saars 2,APARTMENT,46.99715146,6.94832942,https://flatfox.ch/de/wohnung/saars-2-2000-neuchatel/1547597/,2026-05-17T01:43:41+00:00,22.130434782608695
1556544,"Chemin du Polny 18, 1066 Epalinges - CHF 4’300 inkl. NK pro Monat",4300,4.5,115.0,1066,Epalinges,Vaud,Chemin du Polny 18,APARTMENT,46.55224881,6.66370169,https://flatfox.ch/de/wohnung/chemin-du-polny-18-1066-epalinges/1556544/,2026-05-17T01:43:43+00:00,37.391304347826086
1559566,"Rives de la Broye 8, 1530 Payerne - CHF 1’416 inkl. NK pro Monat",1416,2.5,57.0,1530,Payerne,Vaud,Rives de la Broye 8,APARTMENT,46.81413863,6.927871199999999,https://flatfox.ch/de/wohnung/rives-de-la-broye-8-1530-payerne/1559566/,2026-05-17T01:43:43+00:00,24.842105263157894
1563249,"Freiestrasse, 51, 2540 Grenchen - CHF 1’770 inkl. NK pro Monat",1770,4.5,104.0,2540,Grenchen,Solothurn,"Freiestrasse, 51",APARTMENT,47.19112364,7.40114542,https://flatfox.ch/de/wohnung/freiestrasse-51-2540-grenchen/1563249/,2026-05-17T01:43:43+00:00,17.01923076923077
1564631,"Morgentalstrasse 77, 8038 Zürich - CHF 3’300",3300,3.5,74.0,8038,Zürich,Zurich,Morgentalstrasse 77,APARTMENT,47.34321129,8.5239979,https://flatfox.ch/de/wohnung/morgentalstrasse-77-8038-zurich/1564631/,2026-05-17T01:43:43+00:00,44.5945945945946
1566468,"Via Logio, 6946 Ponte Capriasca - CHF 1’600",1600,2.5,65.0,6946,Ponte Capriasca,Ticino,Via Logio,APARTMENT,46.05796393,8.95270875,https://flatfox.ch/de/wohnung/via-logio-6946-ponte-capriasca/1566468/,2026-05-17T01:43:43+00:00,24.615384615384617
1567293,"Im Baumgarten 14, 3066 Stettlen - CHF 2’260 inkl. NK pro Monat",2260,4.5,101.0,3066,Stettlen,Bern,Im Baumgarten 14,APARTMENT,46.95716699,7.525534299999999,https://flatfox.ch/de/wohnung/im-baumgarten-14-3066-stettlen/1567293/,2026-05-17T01:43:43+00:00,22.376237623762375
1569543,"Steinmattweg 19, 4143 Dornach - CHF 1’799 inkl. NK pro Monat",1799,3.5,83.0,4143,Dornach,Solothurn,Steinmattweg 19,APARTMENT,47.47388631,7.60994467,https://flatfox.ch/de/wohnung/steinmattweg-19-4143-dornach/1569543/,2026-05-17T01:43:43+00:00,21.674698795180724
1569708,"Benedikt-Hugistrasse 30, 4500 Solothurn - CHF 1’390 inkl. NK pro Monat",1390,3.0,54.0,4500,Solothurn,Solothurn,Benedikt-Hugistrasse 30,APARTMENT,47.2093483,7.51573098,https://flatfox.ch/de/wohnung/benedikt-hugistrasse-30-4500-solothurn/1569708/,2026-05-17T01:43:43+00:00,25.74074074074074
1569774,"Hochfeldstrasse 20, 9451 Kriessern - CHF 1’785",1785,3.5,85.0,9451,Kriessern,St. Gallen,Hochfeldstrasse 20,APARTMENT,47.36508072,9.6094867,https://flatfox.ch/de/wohnung/hochfeldstrasse-20-9451-kriessern/1569774/,2026-05-17T01:43:44+00:00,21.0
1570039,"Gishalde 6b, 4663 Aarburg - CHF 2’170 inkl. NK pro Monat",2170,3.5,87.0,4663,Aarburg,Aargau,Gishalde 6b,APARTMENT,47.32183712,7.91777419,https://flatfox.ch/de/wohnung/gishalde-6b-4663-aarburg/1570039/,2026-05-17T01:43:44+00:00,24.942528735632184
1570454,"Via Angelo Nessi 42, 6605 Locarno - CHF 1’115 inkl. NK pro Monat",1115,2.5,54.0,6605,Locarno,Ticino,Via Angelo Nessi 42,APARTMENT,46.16222676,8.791139399999999,https://flatfox.ch/de/wohnung/via-angelo-nessi-42-6605-locarno/1570454/,2026-05-17T01:43:44+00:00,20.64814814814815
1572803,"Eymatt 8, 3930 Visp - CHF 2’020 inkl. NK pro Monat",2020,3.5,74.0,3930,Visp,Valais,Eymatt 8,APARTMENT,46.29828982,7.87902646,https://flatfox.ch/de/wohnung/eymatt-8-3930-visp/1572803/,2026-05-17T01:43:44+00:00,27.2972972972973
1572925,"Bechburgstrasse 17, 4528 Zuchwil - CHF 1’550",1550,4.0,80.0,4528,Zuchwil,Solothurn,Bechburgstrasse 17,APARTMENT,47.20591331,7.5470032,https://flatfox.ch/de/wohnung/bechburgstrasse-17-4528-zuchwil/1572925/,2026-05-17T01:43:44+00:00,19.375
1577326,"Ulrich-Röschstrasse 55, 9500 Wil - CHF 2’310 inkl. NK pro Monat",2310,5.5,120.0,9500,Wil,St. Gallen,Ulrich-Röschstrasse 55,APARTMENT,47.47029618,9.0600169,https://flatfox.ch/de/wohnung/ulrich-roschstrasse-55-9500-wil/1577326/,2026-05-17T01:43:44+00:00,19.25
1579893,"Via dell'Indipendenza 10, 6826 Riva San Vitale - CHF 1’515",1515,2.5,60.0,6826,Riva San Vitale,Ticino,Via dell'Indipendenza 10,APARTMENT,45.90465582,8.972882199999999,https://flatfox.ch/de/wohnung/via-dellindipendenza-10-6826-riva-san-vitale/1579893/,2026-05-17T01:43:44+00:00,25.25
1580441,"Rue de l'Avenir 40, 2800 Delémont - CHF 1’760 inkl. NK pro Monat",1760,4.5,100.0,2800,Delémont,Jura,Rue de l'Avenir 40,APARTMENT,47.36526351,7.35391575,https://flatfox.ch/de/wohnung/rue-de-lavenir-40-2800-delemont/1580441/,2026-05-17T01:43:44+00:00,17.6
1581688,"Route du Bugnon 48, 1752 Villars-sur-Glâne - CHF 1’820 inkl. NK pro Monat",1820,3.5,84.0,1752,Villars-sur-Glâne,Fribourg,Route du Bugnon 48,APARTMENT,46.7954575,7.11592039,https://flatfox.ch/de/wohnung/route-du-bugnon-48-1752-villars-sur-glane/1581688/,2026-05-17T01:43:46+00:00,21.666666666666668
1588663,"Impasse des Eglantines 1, 1700 Fribourg - CHF 2’700 inkl. NK pro Monat",2700,6.5,175.0,1700,Fribourg,Fribourg,Impasse des Eglantines 1,APARTMENT,46.80858926,7.17246127,https://flatfox.ch/de/wohnung/impasse-des-eglantines-1-1700-fribourg/1588663/,2026-05-17T01:43:46+00:00,15.428571428571429
1589247,"Rue de Clendy 33, 1400 Yverdon - CHF 1’780 inkl. NK pro Monat",1780,2.5,66.0,1400,Yverdon,Vaud,Rue de Clendy 33,APARTMENT,46.77831093,6.65341918,https://flatfox.ch/de/wohnung/rue-de-clendy-33-1400-yverdon/1589247/,2026-05-17T01:43:46+00:00,26.96969696969697
1589253,"Rue de Clendy 33, 1400 Yverdon - CHF 1’790 inkl. NK pro Monat",1790,2.5,67.0,1400,Yverdon,Vaud,Rue de Clendy 33,APARTMENT,46.77831093,6.65341918,https://flatfox.ch/de/wohnung/rue-de-clendy-33-1400-yverdon/1589253/,2026-05-17T01:43:46+00:00,26.71641791044776
1589292,"Rue de Clendy 37, 1400 Yverdon - CHF 1’800 inkl. NK pro Monat",1800,2.5,68.0,1400,Yverdon,Vaud,Rue de Clendy 37,APARTMENT,46.7787281,6.65402474,https://flatfox.ch/de/wohnung/rue-de-clendy-37-1400-yverdon/1589292/,2026-05-17T01:43:46+00:00,26.470588235294116
1589316,"Rue de Clendy 39, 1400 Yverdon - CHF 2’160 inkl. NK pro Monat",2160,3.5,92.0,1400,Yverdon,Vaud,Rue de Clendy 39,APARTMENT,46.7787281,6.65402474,https://flatfox.ch/de/wohnung/rue-de-clendy-39-1400-yverdon/1589316/,2026-05-17T01:43:46+00:00,23.47826086956522
1589351,"Rue de Clendy 45, 1400 Yverdon - CHF 2’150 inkl. NK pro Monat",2150,3.5,90.0,1400,Yverdon,Vaud,Rue de Clendy 45,APARTMENT,46.77857059,6.654176499999999,https://flatfox.ch/de/wohnung/rue-de-clendy-45-1400-yverdon/1589351/,2026-05-17T01:43:46+00:00,23.88888888888889
1594567,"Aarburgerstrasse 147, 4600 Olten - CHF 1’690 inkl. NK pro Monat",1690,4.5,88.0,4600,Olten,Solothurn,Aarburgerstrasse 147,APARTMENT,47.3441569,7.907810899999999,https://flatfox.ch/de/wohnung/aarburgerstrasse-147-4600-olten/1594567/,2026-05-17T01:43:46+00:00,19.204545454545453
1595814,"Zürchermatte BE 153'040 13, 3550 Langnau i. E. - CHF 1’990 inkl. NK pro Monat",1990,5.5,102.0,3550,Langnau i. E.,Bern,Zürchermatte BE 153'040 13,DUPLEX,46.93786221,7.79068245,https://flatfox.ch/de/wohnung/zurchermatte-be-153040-13-3550-langnau-i-e/1595814/,2026-05-17T01:43:46+00:00,19.50980392156863
1596041,"Via Tarchini 9, 6828 Balerna - CHF 1’190",1190,3.5,72.0,6828,Balerna,Ticino,Via Tarchini 9,APARTMENT,45.84571884,9.003221000000003,https://flatfox.ch/de/wohnung/via-tarchini-9-6828-balerna/1596041/,2026-05-17T01:43:46+00:00,16.52777777777778
1597298,"Sonnenbühlstrasse 2, 8181 Höri - CHF 2’150 inkl. NK pro Monat",2150,2.5,52.0,8181,Höri,Zurich,Sonnenbühlstrasse 2,APARTMENT,47.50726271,8.50959121,https://flatfox.ch/de/wohnung/sonnenbuhlstrasse-2-8181-hori/1597298/,2026-05-17T01:43:48+00:00,41.34615384615385
1598665,"Thunstrasse 47, 3005 Bern - CHF 3’140",3140,4.5,100.0,3005,Bern,Bern,Thunstrasse 47,APARTMENT,46.94132245,7.456632999999999,https://flatfox.ch/de/wohnung/thunstrasse-47-3005-bern/1598665/,2026-05-17T01:43:48+00:00,31.4
1598683,"Hauptstrasse 21, 4304 Giebenach - CHF 1’795 inkl. NK pro Monat",1795,4.5,97.0,4304,Giebenach,Basel-Landschaft,Hauptstrasse 21,APARTMENT,47.52323273,7.7467190000000015,https://flatfox.ch/de/wohnung/hauptstrasse-21-4304-giebenach/1598683/,2026-05-17T01:43:48+00:00,18.50515463917526
1598969,"Alemannenstrasse 19, 4106 Therwil - CHF 1’662 inkl. NK pro Monat",1662,3.0,71.0,4106,Therwil,Basel-Landschaft,Alemannenstrasse 19,APARTMENT,47.50484479,7.55027091,https://flatfox.ch/de/wohnung/alemannenstrasse-19-4106-therwil/1598969/,2026-05-17T01:43:48+00:00,23.408450704225352
1599164,"Schützenstrasse 7b, 8575 Bürglen TG - CHF 2’190 inkl. NK pro Monat",2190,4.5,113.0,8575,Bürglen TG,Thurgau,Schützenstrasse 7b,ATTIC_FLAT,47.54959894,9.15146545,https://flatfox.ch/de/wohnung/schutzenstrasse-7b-8575-burglen-tg/1599164/,2026-05-17T01:43:48+00:00,19.38053097345133
1601532,"Haini-Rennhas-Strasse 22, 9403 Goldach - CHF 1’460 inkl. NK pro Monat",1460,3.5,71.0,9403,Goldach,St. Gallen,Haini-Rennhas-Strasse 22,APARTMENT,47.47919141,9.46261714,https://flatfox.ch/de/wohnung/haini-rennhas-strasse-22-9403-goldach/1601532/,2026-05-17T01:43:48+00:00,20.56338028169014
1604347,"Via Gaggini da Bissone 7, 6900 Lugano - CHF 4’500",4500,3.5,100.0,6900,Lugano,Ticino,Via Gaggini da Bissone 7,FURNISHED_FLAT,45.99578586,8.94429689,https://flatfox.ch/de/wohnung/via-gaggini-da-bissone-7-6900-lugano/1604347/,2026-05-17T01:43:48+00:00,45.0
1605878,"Industriestrasse 28, 9400 Rorschach - CHF 1’460 inkl. NK pro Monat",1460,3.5,60.0,9400,Rorschach,St. Gallen,Industriestrasse 28,APARTMENT,47.47658935,9.48443812,https://flatfox.ch/de/wohnung/industriestrasse-28-9400-rorschach/1605878/,2026-05-17T01:43:48+00:00,24.333333333333332
1606033,"Neufeldstrasse 7, 9450 Altstätten - CHF 1’465 inkl. NK pro Monat",1465,4.0,81.0,9450,Altstätten,St. Gallen,Neufeldstrasse 7,APARTMENT,47.38118050000001,9.5543153,https://flatfox.ch/de/wohnung/neufeldstrasse-7-9450-altstatten/1606033/,2026-05-17T01:43:48+00:00,18.08641975308642
1607266,"Neumarkt 2, 5200 Brugg - CHF 2’000 inkl. NK pro Monat",2000,2.5,83.0,5200,Brugg,Aargau,Neumarkt 2,APARTMENT,47.48184021,8.208890499999999,https://flatfox.ch/de/wohnung/neumarkt-2-5200-brugg/1607266/,2026-05-17T01:43:48+00:00,24.096385542168676
1608544,"Feldweg 4, 5453 Remetschwil - CHF 3’500 inkl. NK pro Monat",3500,5.5,130.0,5453,Remetschwil,Aargau,Feldweg 4,APARTMENT,47.40957813,8.32960679,https://flatfox.ch/de/wohnung/feldweg-4-5453-remetschwil/1608544/,2026-05-17T01:43:48+00:00,26.923076923076923
1609295,"Zürichstrasse 18, 3422 Kirchberg BE - CHF 1’690 inkl. NK pro Monat",1690,2.5,68.0,3422,Kirchberg BE,Bern,Zürichstrasse 18,APARTMENT,47.09009076,7.586617100000001,https://flatfox.ch/de/wohnung/zurichstrasse-18-3422-kirchberg-be/1609295/,2026-05-17T01:43:48+00:00,24.852941176470587
1609556,"Hühnerbühlstrasse 33-51, 3065 Bolligen - CHF 1’900 inkl. NK pro Monat",1900,3.5,72.0,3065,Bolligen,Bern,Hühnerbühlstrasse 33-51,APARTMENT,46.97264798,7.49942251,https://flatfox.ch/de/wohnung/huhnerbuhlstrasse-33-51-3065-bolligen/1609556/,2026-05-17T01:43:50+00:00,26.38888888888889
1610093,"Hühnerbühlstrasse 41, 3065 Bolligen - CHF 2’200 inkl. NK pro Monat",2200,4.5,91.0,3065,Bolligen,Bern,Hühnerbühlstrasse 41,APARTMENT,46.97257734,7.5003791999999985,https://flatfox.ch/de/wohnung/huhnerbuhlstrasse-41-3065-bolligen/1610093/,2026-05-17T01:43:50+00:00,24.175824175824175
1610362,"Via alla Bozzoreda 39, 6963 Pregassona - CHF 2’265 inkl. NK pro Monat",2265,4.5,104.0,6963,Pregassona,Ticino,Via alla Bozzoreda 39,APARTMENT,46.0235088,8.96737645,https://flatfox.ch/de/wohnung/via-alla-bozzoreda-39-6963-pregassona/1610362/,2026-05-17T01:43:50+00:00,21.778846153846153
1612059,"Bernstrasse 69/71, 3303 Jegenstorf - CHF 1’895 inkl. NK pro Monat",1895,3.5,78.0,3303,Jegenstorf,Bern,Bernstrasse 69/71,APARTMENT,47.04308391,7.505016200000002,https://flatfox.ch/de/wohnung/bernstrasse-6971-3303-jegenstorf/1612059/,2026-05-17T01:43:50+00:00,24.294871794871796
1612065,"Reuslistrasse 43i, 4450 Sissach - CHF 2’490 inkl. NK pro Monat",2490,3.5,89.0,4450,Sissach,Basel-Landschaft,Reuslistrasse 43i,ATTIC_FLAT,47.46055735,7.8157954,https://flatfox.ch/de/wohnung/reuslistrasse-43i-4450-sissach/1612065/,2026-05-17T01:43:50+00:00,27.97752808988764
1612731,"Via Rovello 32F, 6942 Savosa - CHF 2’450",2450,3.5,107.0,6942,Savosa,Ticino,Via Rovello 32F,APARTMENT,46.01714471,8.94987887,https://flatfox.ch/de/wohnung/via-rovello-32f-6942-savosa/1612731/,2026-05-17T01:43:50+00:00,22.897196261682243
1612851,"Neuweilerstrasse 19, 4054 Basel - CHF 2’330",2330,3.0,78.0,4054,Basel,Basel-Stadt,Neuweilerstrasse 19,FURNISHED_FLAT,47.54634825,7.56284223,https://flatfox.ch/de/wohnung/neuweilerstrasse-19-4054-basel/1612851/,2026-05-17T01:43:50+00:00,29.871794871794872
1612885,"Landskronstrasse 15, 4056 Basel - CHF 1’890",1890,3.5,70.0,4056,Basel,Basel-Stadt,Landskronstrasse 15,FURNISHED_FLAT,47.56886914,7.57835177,https://flatfox.ch/de/wohnung/landskronstrasse-15-4056-basel/1612885/,2026-05-17T01:43:50+00:00,27.0
1612888,"Sierenzerstrasse 102, 4055 Basel - CHF 1’980",1980,2.5,54.0,4055,Basel,Basel-Stadt,Sierenzerstrasse 102,FURNISHED_FLAT,47.55744981,7.567803199999999,https://flatfox.ch/de/wohnung/sierenzerstrasse-102-4055-basel/1612888/,2026-05-17T01:43:50+00:00,36.666666666666664
1612900,"Dörflistrasse 112, 8050 Zürich - CHF 3’200",3200,3.5,69.0,8050,Zürich,Zurich,Dörflistrasse 112,FURNISHED_FLAT,47.4108231,8.54782217,https://flatfox.ch/de/wohnung/dorflistrasse-112-8050-zurich/1612900/,2026-05-17T01:43:50+00:00,46.3768115942029
1615128,"Heidenlochstrasse 90, 4410 Liestal - CHF 1’940 inkl. NK pro Monat",1940,2.5,73.0,4410,Liestal,Basel-Landschaft,Heidenlochstrasse 90,ATTIC_FLAT,47.4809921,7.74936457,https://flatfox.ch/de/wohnung/heidenlochstrasse-90-4410-liestal/1615128/,2026-05-17T01:43:50+00:00,26.575342465753426
1616578,"Beundenstr. 12, 4538 Oberbipp - CHF 2’030 inkl. NK pro Monat",2030,3.5,114.0,4538,Oberbipp,Bern,Beundenstr. 12,APARTMENT,47.25837615,7.665236999999999,https://flatfox.ch/de/wohnung/beundenstr-12-4538-oberbipp/1616578/,2026-05-17T01:43:50+00:00,17.80701754385965
1616881,"Haini-Rennhas-Strasse 17, 9403 Goldach - CHF 1’280 inkl. NK pro Monat",1280,3.5,71.0,9403,Goldach,St. Gallen,Haini-Rennhas-Strasse 17,APARTMENT,47.47897681,9.462025,https://flatfox.ch/de/wohnung/haini-rennhas-strasse-17-9403-goldach/1616881/,2026-05-17T01:43:50+00:00,18.028169014084508
1617268,"Avenue de la Gare 13, 1964 Conthey - CHF 2’390 inkl. NK pro Monat",2390,6.0,136.0,1964,Conthey,Valais,Avenue de la Gare 13,APARTMENT,46.21940132,7.303308199999999,https://flatfox.ch/de/wohnung/avenue-de-la-gare-13-1964-conthey/1617268/,2026-05-17T01:43:52+00:00,17.573529411764707
1618279,"Hardgutstrasse 28, 8048 Zürich - CHF 2’960 inkl. NK pro Monat",2960,3.5,93.0,8048,Zürich,Zurich,Hardgutstrasse 28,ATTIC_FLAT,47.38323880000002,8.50105353,https://flatfox.ch/de/wohnung/hardgutstrasse-28-8048-zurich/1618279/,2026-05-17T01:43:52+00:00,31.827956989247312
1618772,"Amselweg 52, 4528 Zuchwil - CHF 1’380 inkl. NK pro Monat",1380,3.0,75.0,4528,Zuchwil,Solothurn,Amselweg 52,ROOF_FLAT,47.2140293,7.56245111,https://flatfox.ch/de/wohnung/amselweg-52-4528-zuchwil/1618772/,2026-05-17T01:43:52+00:00,18.4
1619094,"Rue de l'Eglise 77, 1680 Romont FR - CHF 1’890 inkl. NK pro Monat",1890,4.5,120.0,1680,Romont FR,Fribourg,Rue de l'Eglise 77,APARTMENT,46.69589016,6.918779799999999,https://flatfox.ch/de/wohnung/rue-de-leglise-77-1680-romont-fr/1619094/,2026-05-17T01:43:52+00:00,15.75
1619175,"Hegenheimerstrasse 62, 4055 Basel - CHF 2’040",2040,3.0,75.0,4055,Basel,Basel-Stadt,Hegenheimerstrasse 62,FURNISHED_FLAT,47.5610354,7.57092355,https://flatfox.ch/de/wohnung/hegenheimerstrasse-62-4055-basel/1619175/,2026-05-17T01:43:52+00:00,27.2
1619794,"Dorfstrasse 21, 5736 Menziken - CHF 2’490 inkl. NK pro Monat",2490,3.5,139.0,5736,Menziken,Aargau,Dorfstrasse 21,DUPLEX,47.23608536,8.17978863,https://flatfox.ch/de/wohnung/dorfstrasse-21-5736-menziken/1619794/,2026-05-17T01:43:52+00:00,17.913669064748202
1620432,"Magdalenenstrasse 9, 8050 Zürich - CHF 3’180",3180,2.0,103.0,8050,Zürich,Zurich,Magdalenenstrasse 9,FURNISHED_FLAT,47.40725672,8.55144198,https://flatfox.ch/de/wohnung/magdalenenstrasse-9-8050-zurich/1620432/,2026-05-17T01:43:52+00:00,30.87378640776699
1620439,"Oberdorfstrasse 60, 8810 Horgen - CHF 2’970",2970,4.5,80.0,8810,Horgen,Zurich,Oberdorfstrasse 60,FURNISHED_FLAT,47.25778156,8.591486999999999,https://flatfox.ch/de/wohnung/oberdorfstrasse-60-8810-horgen/1620439/,2026-05-17T01:43:52+00:00,37.125
1622006,"Progrès 3, 2300 La Chaux-de-Fonds - CHF 950",950,3.0,85.0,2300,La Chaux-de-Fonds,Neuchâtel,Progrès 3,APARTMENT,47.10681991,6.82979472,https://flatfox.ch/de/wohnung/progres-3-2300-la-chaux-de-fonds/1622006/,2026-05-17T01:43:52+00:00,11.176470588235293
1623023,"Commerce 17, 2300 La Chaux-de-Fonds - CHF 1’200",1200,4.0,110.0,2300,La Chaux-de-Fonds,Neuchâtel,Commerce 17,APARTMENT,47.1176783,6.84056677,https://flatfox.ch/de/wohnung/commerce-17-2300-la-chaux-de-fonds/1623023/,2026-05-17T01:43:52+00:00,10.909090909090908
1623026,"Commerce 17, 2300 La Chaux-de-Fonds - CHF 1’200 inkl. NK pro Monat",1200,4.0,110.0,2300,La Chaux-de-Fonds,Neuchâtel,Commerce 17,APARTMENT,47.1176783,6.84056677,https://flatfox.ch/de/wohnung/commerce-17-2300-la-chaux-de-fonds/1623026/,2026-05-17T01:43:52+00:00,10.909090909090908
1628678,"Rue du Temple 7, 2830 Courrendlin - CHF 1’050",1050,4.5,85.0,2830,Courrendlin,Jura,Rue du Temple 7,APARTMENT,47.33450415,7.374772600000001,https://flatfox.ch/de/wohnung/rue-du-temple-7-2830-courrendlin/1628678/,2026-05-17T01:43:54+00:00,12.352941176470589
1630884,"Rue de l'Industrie 7, 1700 Fribourg - CHF 1’960 inkl. NK pro Monat",1960,3.5,100.0,1700,Fribourg,Fribourg,Rue de l'Industrie 7,APARTMENT,46.7958748,7.15335081,https://flatfox.ch/de/wohnung/rue-de-lindustrie-7-1700-fribourg/1630884/,2026-05-17T01:43:54+00:00,19.6
1631264,"Kranichweg 1, 3074 Muri b. Bern - CHF 2’170 inkl. NK pro Monat",2170,4.5,97.0,3074,Muri b. Bern,Bern,Kranichweg 1,APARTMENT,46.93459932,7.48978283,https://flatfox.ch/de/wohnung/kranichweg-1-3074-muri-b-bern/1631264/,2026-05-17T01:43:54+00:00,22.371134020618555
1631893,"Via Rampighetta 1, 6533 Lumino - CHF 1’215",1215,2.5,51.0,6533,Lumino,Ticino,Via Rampighetta 1,APARTMENT,46.23012318,9.06061796,https://flatfox.ch/de/wohnung/via-rampighetta-1-6533-lumino/1631893/,2026-05-17T01:43:54+00:00,23.823529411764707
1632557,"Via F. Borromini 27, 6500 Bellinzona - CHF 1’600 inkl. NK pro Monat",1600,3.5,94.0,6500,Bellinzona,Ticino,Via F. Borromini 27,APARTMENT,46.18920383,9.01200621,https://flatfox.ch/de/wohnung/via-f-borromini-27-6500-bellinzona/1632557/,2026-05-17T01:43:54+00:00,17.02127659574468
1634107,"In der Breite 6, 8914 Aeugstertal - CHF 4’450 inkl. NK pro Monat",4450,4.5,161.0,8914,Aeugstertal,Zurich,In der Breite 6,DUPLEX,47.58267757,8.87629893,https://flatfox.ch/de/wohnung/in-der-breite-6-8914-aeugstertal/1634107/,2026-05-17T01:43:54+00:00,27.63975155279503
1634834,"Staffelstr. 5a, 3303 Jegenstorf - CHF 1’700 inkl. NK pro Monat",1700,4.0,72.0,3303,Jegenstorf,Bern,Staffelstr. 5a,APARTMENT,47.05314661,7.509569099999998,https://flatfox.ch/de/wohnung/staffelstr-5a-3303-jegenstorf/1634834/,2026-05-17T01:43:54+00:00,23.61111111111111
1635599,"Charles-Naine 8, 2300 La Chaux-de-Fonds - CHF 970",970,3.5,68.0,2300,La Chaux-de-Fonds,Neuchâtel,Charles-Naine 8,APARTMENT,47.09370257,6.809469099999999,https://flatfox.ch/de/wohnung/charles-naine-8-2300-la-chaux-de-fonds/1635599/,2026-05-17T01:43:54+00:00,14.264705882352942
1635765,"Via Nova 15, 7017 Flims Dorf - CHF 1’980 inkl. NK pro Monat",1980,3.0,50.0,7017,Flims Dorf,Graubünden,Via Nova 15,APARTMENT,46.83652151,9.28759747,https://flatfox.ch/de/wohnung/via-nova-15-7017-flims-dorf/1635765/,2026-05-17T01:43:54+00:00,39.6
1636528,"Sankt Alban-Rheinweg 84, 4052 Basel - CHF 2’230",2230,2.5,65.0,4052,Basel,Basel-Stadt,Sankt Alban-Rheinweg 84,FURNISHED_FLAT,47.55479751,7.60285746,https://flatfox.ch/de/wohnung/sankt-alban-rheinweg-84-4052-basel/1636528/,2026-05-17T01:43:55+00:00,34.30769230769231
1637173,"Grenier 26, 2300 La Chaux-de-Fonds - CHF 1’110",1110,4.5,80.0,2300,La Chaux-de-Fonds,Neuchâtel,Grenier 26,APARTMENT,47.10116231,6.83153563,https://flatfox.ch/de/wohnung/grenier-26-2300-la-chaux-de-fonds/1637173/,2026-05-17T01:43:55+00:00,13.875
1637182,"Grenier 26, 2300 La Chaux-de-Fonds - CHF 1’110 inkl. NK pro Monat",1110,4.5,80.0,2300,La Chaux-de-Fonds,Neuchâtel,Grenier 26,APARTMENT,47.10116231,6.83153563,https://flatfox.ch/de/wohnung/grenier-26-2300-la-chaux-de-fonds/1637182/,2026-05-17T01:43:55+00:00,13.875
1637921,"Zollhausstrasse 16, 2504 Biel/Bienne - CHF 1’810 inkl. NK pro Monat",1810,3.5,77.0,2504,Biel/Bienne,Bern,Zollhausstrasse 16,APARTMENT,47.15713428,7.27128898,https://flatfox.ch/de/wohnung/zollhausstrasse-16-2504-bielbienne/1637921/,2026-05-17T01:43:55+00:00,23.506493506493506
1639431,"Waffenplatzstrasse 43, 8003 Zürich - CHF 3’050",3050,3.5,70.0,8003,Zürich,Zurich,Waffenplatzstrasse 43,FURNISHED_FLAT,47.35951819,8.527009999999999,https://flatfox.ch/de/wohnung/waffenplatzstrasse-43-8003-zurich/1639431/,2026-05-17T01:43:55+00:00,43.57142857142857
1642550,"Lindenstrasse 19a, 9500 Wil - CHF 2’650 inkl. NK pro Monat",2650,3.5,182.0,9500,Wil,St. Gallen,Lindenstrasse 19a,APARTMENT,47.45821814,9.04354911,https://flatfox.ch/de/wohnung/lindenstrasse-19a-9500-wil/1642550/,2026-05-17T01:43:55+00:00,14.56043956043956
1643916,"Dorfstrasse, 8483 Kollbrunn - CHF 1’250 inkl. NK pro Monat",1250,1.5,30.0,8483,Kollbrunn,Zurich,Dorfstrasse,FURNISHED_FLAT,47.45708481,8.7745912,https://flatfox.ch/de/wohnung/dorfstrasse-8483-kollbrunn/1643916/,2026-05-17T01:43:55+00:00,41.666666666666664
1645636,"Riehenstr. 163, 4058 Basel - CHF 1’400 inkl. NK pro Monat",1400,2.0,59.0,4058,Basel,Basel-Stadt,Riehenstr. 163,APARTMENT,47.56545259,7.60638126,https://flatfox.ch/de/wohnung/riehenstr-163-4058-basel/1645636/,2026-05-17T01:43:55+00:00,23.728813559322035
1649258,"Rue des Frères-Lumière 33, 1723 Marly - CHF 1’800 inkl. NK pro Monat",1800,3.5,82.0,1723,Marly,Fribourg,Rue des Frères-Lumière 33,APARTMENT,46.77519942,7.156772900000001,https://flatfox.ch/de/wohnung/rue-des-freres-lumiere-33-1723-marly/1649258/,2026-05-17T01:43:55+00:00,21.951219512195124
1649319,"Boulevard de Pérolles 57, 1700 Fribourg - CHF 2’110 inkl. NK pro Monat",2110,4.5,113.0,1700,Fribourg,Fribourg,Boulevard de Pérolles 57,APARTMENT,46.79638034,7.15494579,https://flatfox.ch/de/wohnung/boulevard-de-perolles-57-1700-fribourg/1649319/,2026-05-17T01:43:55+00:00,18.672566371681416
1650541,"Bankstrasse 8, 12, 8400 Winterthur - CHF 1’880 inkl. NK pro Monat",1880,4.0,93.0,8400,Winterthur,Zurich,"Bankstrasse 8, 12",APARTMENT,47.50055351,8.72590117,https://flatfox.ch/de/wohnung/bankstrasse-8-12-8400-winterthur/1650541/,2026-05-17T01:43:55+00:00,20.21505376344086
1651793,"Daniel-Jeanrichard 7, 2300 La Chaux-de-Fonds - CHF 1’250",1250,2.5,82.0,2300,La Chaux-de-Fonds,Neuchâtel,Daniel-Jeanrichard 7,APARTMENT,47.1014741,6.82912317,https://flatfox.ch/de/wohnung/daniel-jeanrichard-7-2300-la-chaux-de-fonds/1651793/,2026-05-17T01:43:57+00:00,15.24390243902439
1651802,"Daniel-Jeanrichard 7, 2300 La Chaux-de-Fonds - CHF 1’250 inkl. NK pro Monat",1250,2.5,82.0,2300,La Chaux-de-Fonds,Neuchâtel,Daniel-Jeanrichard 7,APARTMENT,47.1014741,6.82912317,https://flatfox.ch/de/wohnung/daniel-jeanrichard-7-2300-la-chaux-de-fonds/1651802/,2026-05-17T01:43:57+00:00,15.24390243902439
1653537,"Offenburgerstrasse 55, 4057 Basel - CHF 2’490 inkl. NK pro Monat",2490,3.5,125.0,4057,Basel,Basel-Stadt,Offenburgerstrasse 55,DUPLEX,47.56940744,7.58965596,https://flatfox.ch/de/wohnung/offenburgerstrasse-55-4057-basel/1653537/,2026-05-17T01:43:57+00:00,19.92
1654269,"Fluhackerstrasse 9, 4710 Balsthal - CHF 1’530 inkl. NK pro Monat",1530,4.5,79.0,4710,Balsthal,Solothurn,Fluhackerstrasse 9,APARTMENT,47.32072,7.7031837,https://flatfox.ch/de/wohnung/fluhackerstrasse-9-4710-balsthal/1654269/,2026-05-17T01:43:57+00:00,19.367088607594937
1654813,"Weisse Gasse 16, 4001 Basel - CHF 2’480",2480,2.5,73.0,4001,Basel,Basel-Stadt,Weisse Gasse 16,FURNISHED_FLAT,47.55563096,7.589569300000002,https://flatfox.ch/de/wohnung/weisse-gasse-16-4001-basel/1654813/,2026-05-17T01:43:57+00:00,33.97260273972603
1655690,"Croix-de-Pierre 8, 1470 Estavayer-le-Lac - CHF 1’000 inkl. NK pro Monat",1000,2.0,40.0,1470,Estavayer-le-Lac,Fribourg,Croix-de-Pierre 8,APARTMENT,46.8433398,6.8556756,https://flatfox.ch/de/wohnung/croix-de-pierre-8-1470-estavayer-le-lac/1655690/,2026-05-17T01:43:57+00:00,25.0
1655897,"Bahnhofstrasse 15, 4242 Laufen - CHF 2’350 inkl. NK pro Monat",2350,3.5,108.0,4242,Laufen,Basel-Landschaft,Bahnhofstrasse 15,APARTMENT,47.4207512,7.5019156,https://flatfox.ch/de/wohnung/bahnhofstrasse-15-4242-laufen/1655897/,2026-05-17T01:43:57+00:00,21.75925925925926
1656187,"Zeppelinstr. 11, 8280 Kreuzlingen - CHF 2’090 inkl. NK pro Monat",2090,4.5,102.0,8280,Kreuzlingen,Thurgau,Zeppelinstr. 11,APARTMENT,47.64679036,9.1575131,https://flatfox.ch/de/wohnung/zeppelinstr-11-8280-kreuzlingen/1656187/,2026-05-17T01:43:57+00:00,20.49019607843137
1657297,"Rue des Jeanneret 49, 2400 Le Locle - CHF 895 inkl. NK pro Monat",895,3.0,50.0,2400,Le Locle,Neuchâtel,Rue des Jeanneret 49,APARTMENT,47.05070939,6.73911973,https://flatfox.ch/de/wohnung/rue-des-jeanneret-49-2400-le-locle/1657297/,2026-05-17T01:43:57+00:00,17.9
1657303,"Rue du 23 Juin 40, 2905 Courtedoux - CHF 1’630 inkl. NK pro Monat",1630,6.5,160.0,2905,Courtedoux,Jura,Rue du 23 Juin 40,APARTMENT,47.40961328,7.04165348,https://flatfox.ch/de/wohnung/rue-du-23-juin-40-2905-courtedoux/1657303/,2026-05-17T01:43:59+00:00,10.1875
1657852,"Via Bolghetto 19, 6877 Coldrerio - CHF 2’500",2500,3.5,123.0,6877,Coldrerio,Ticino,Via Bolghetto 19,DUPLEX,45.8509245,8.98677131,https://flatfox.ch/de/wohnung/via-bolghetto-19-6877-coldrerio/1657852/,2026-05-17T01:43:59+00:00,20.32520325203252
1662346,"Grenzacherstrasse 67, 4058 Basel - CHF 1’850",1850,2.5,50.0,4058,Basel,Basel-Stadt,Grenzacherstrasse 67,FURNISHED_FLAT,47.55901777,7.60134248,https://flatfox.ch/de/wohnung/grenzacherstrasse-67-4058-basel/1662346/,2026-05-17T01:43:59+00:00,37.0
1662812,"Sollrütistrasse 18, 3098 Schliern b. Köniz BE - CHF 2’055 inkl. NK pro Monat",2055,4.5,107.0,3098,Schliern b. Köniz BE,Bern,Sollrütistrasse 18,APARTMENT,46.9090019,7.41726431,https://flatfox.ch/de/wohnung/sollrutistrasse-18-3098-schliern-b-koniz-be/1662812/,2026-05-17T01:43:59+00:00,19.205607476635514
1664332,"Feldstrasse 5b, 4663 Aarburg - CHF 1’880 inkl. NK pro Monat",1880,4.5,89.0,4663,Aarburg,Aargau,Feldstrasse 5b,APARTMENT,47.32869661,7.900337899999999,https://flatfox.ch/de/wohnung/feldstrasse-5b-4663-aarburg/1664332/,2026-05-17T01:43:59+00:00,21.123595505617978
1664878,"Avenue de Provence 7, 1007 Lausanne - CHF 2’010 inkl. NK pro Monat",2010,2.5,53.0,1007,Lausanne,Vaud,Avenue de Provence 7,APARTMENT,46.52137925,6.61328982,https://flatfox.ch/de/wohnung/avenue-de-provence-7-1007-lausanne/1664878/,2026-05-17T01:43:59+00:00,37.924528301886795
1667272,"Mattweg 57, 4144 Arlesheim - CHF 1’780 inkl. NK pro Monat",1780,3.5,84.0,4144,Arlesheim,Basel-Landschaft,Mattweg 57,APARTMENT,47.49951173,7.6161958,https://flatfox.ch/de/wohnung/mattweg-57-4144-arlesheim/1667272/,2026-05-17T01:43:59+00:00,21.19047619047619
1670605,1580 Avenches - CHF 1’720,1720,2.5,57.0,1580,Avenches,Vaud,,APARTMENT,46.880630492626125,7.042739891551253,https://flatfox.ch/de/wohnung/1580-avenches/1670605/,2026-05-17T01:44:01+00:00,30.17543859649123
1671570,"Stegmätteli 11, 3177 Laupen - CHF 2’400 inkl. NK pro Monat",2400,3.5,98.0,3177,Laupen,Bern,Stegmätteli 11,APARTMENT,46.89869943,7.239434300000002,https://flatfox.ch/de/wohnung/stegmatteli-11-3177-laupen/1671570/,2026-05-17T01:44:01+00:00,24.489795918367346
1677669,"Bözingenstrasse 141a, 2504 Biel, Bienne - CHF 1’970 inkl. NK pro Monat",1970,3.5,133.0,2504,"Biel, Bienne",Bern,Bözingenstrasse 141a,APARTMENT,47.15164389,7.26403621,https://flatfox.ch/de/wohnung/bozingenstrasse-141a-2504-biel-bienne/1677669/,2026-05-17T01:44:01+00:00,14.81203007518797
1679449,"Luppmenstrasse 13, 8320 Fehraltorf - CHF 1’650",1650,1.0,35.0,8320,Fehraltorf,Zurich,Luppmenstrasse 13,STUDIO,47.38827836,8.744974,https://flatfox.ch/de/wohnung/luppmenstrasse-13-8320-fehraltorf/1679449/,2026-05-17T01:44:01+00:00,47.142857142857146
1680443,"Via Domenico Fontana 8, 6900 Lugano - CHF 1’900",1900,2.5,80.0,6900,Lugano,Ticino,Via Domenico Fontana 8,APARTMENT,45.99379813,8.94407532,https://flatfox.ch/de/wohnung/via-domenico-fontana-8-6900-lugano/1680443/,2026-05-17T01:44:03+00:00,23.75
1681320,"Oberburgstrasse 10, 3400 Burgdorf - CHF 2’890 inkl. NK pro Monat",2890,1.0,224.0,3400,Burgdorf,Bern,Oberburgstrasse 10,LOFT,47.05368784,7.6231979,https://flatfox.ch/de/wohnung/oberburgstrasse-10-3400-burgdorf/1681320/,2026-05-17T01:44:03+00:00,12.901785714285714
1681997,"Rue des Battieux 34, 2000 Neuchâtel - CHF 1’490 inkl. NK pro Monat",1490,3.5,89.0,2000,Neuchâtel,Neuchâtel,Rue des Battieux 34,APARTMENT,46.98485255,6.900649199999999,https://flatfox.ch/de/wohnung/rue-des-battieux-34-2000-neuchatel/1681997/,2026-05-17T01:44:03+00:00,16.741573033707866
1682183,"Alemannenstrasse 5, 9320 Arbon - CHF 1’700 inkl. NK pro Monat",1700,4.0,83.0,9320,Arbon,Thurgau,Alemannenstrasse 5,APARTMENT,47.51222034,9.4293361,https://flatfox.ch/de/wohnung/alemannenstrasse-5-9320-arbon/1682183/,2026-05-17T01:44:03+00:00,20.481927710843372
1684376,"Numa-Droz 45, 2300 La Chaux-de-Fonds - CHF 1’070",1070,3.5,80.0,2300,La Chaux-de-Fonds,Neuchâtel,Numa-Droz 45,APARTMENT,47.10398686,6.826946599999999,https://flatfox.ch/de/wohnung/numa-droz-45-2300-la-chaux-de-fonds/1684376/,2026-05-17T01:44:03+00:00,13.375
1684953,"Stockbergstrasse 4, 9014 St. Gallen - CHF 1’490 inkl. NK pro Monat",1490,2.5,54.0,9014,St. Gallen,St. Gallen,Stockbergstrasse 4,APARTMENT,47.40734111,9.33411117,https://flatfox.ch/de/wohnung/stockbergstrasse-4-9014-st-gallen/1684953/,2026-05-17T01:44:03+00:00,27.59259259259259
1685069,"Forenackerstrasse 6, 8246 Langwiesen - CHF 1’800 inkl. NK pro Monat",1800,4.5,95.0,8246,Langwiesen,Zurich,Forenackerstrasse 6,APARTMENT,47.68535886,8.65441658,https://flatfox.ch/de/wohnung/forenackerstrasse-6-8246-langwiesen/1685069/,2026-05-17T01:44:03+00:00,18.94736842105263
1685322,"Rue du Rocher 24, 2000 Neuchâtel - CHF 2’850 inkl. NK pro Monat",2850,5.0,127.0,2000,Neuchâtel,Neuchâtel,Rue du Rocher 24,APARTMENT,46.99826693,6.9347754,https://flatfox.ch/de/wohnung/rue-du-rocher-24-2000-neuchatel/1685322/,2026-05-17T01:44:03+00:00,22.440944881889763
1687239,"Brühlweg 11, 2542 Pieterlen - CHF 1’330 inkl. NK pro Monat",1330,2.5,56.0,2542,Pieterlen,Bern,Brühlweg 11,APARTMENT,47.1722898,7.335375600000002,https://flatfox.ch/de/wohnung/bruhlweg-11-2542-pieterlen/1687239/,2026-05-17T01:44:03+00:00,23.75
1687476,"Via Paradiso, 6924 Sorengo - CHF 2’400",2400,4.5,130.0,6924,Sorengo,Ticino,Via Paradiso,APARTMENT,45.99674073,8.93813644,https://flatfox.ch/de/wohnung/via-paradiso-6924-sorengo/1687476/,2026-05-17T01:44:03+00:00,18.46153846153846
1689280,"Ziegelrain 1, 5000 Aarau - CHF 1’620 inkl. NK pro Monat",1620,2.0,79.0,5000,Aarau,Aargau,Ziegelrain 1,APARTMENT,47.39151671,8.04424047,https://flatfox.ch/de/wohnung/ziegelrain-1-5000-aarau/1689280/,2026-05-17T01:44:03+00:00,20.50632911392405
1690149,"Seidenhofstr. 1, 6003 Luzern - CHF 2’890 inkl. NK pro Monat",2890,3.5,79.0,6003,Luzern,Lucerne,Seidenhofstr. 1,APARTMENT,47.05065011,8.30754583,https://flatfox.ch/de/wohnung/seidenhofstr-1-6003-luzern/1690149/,2026-05-17T01:44:03+00:00,36.58227848101266
1690181,"Hirschengraben 7, 6003 Luzern - CHF 3’890 inkl. NK pro Monat",3890,4.5,102.0,6003,Luzern,Lucerne,Hirschengraben 7,APARTMENT,47.05010263,8.30564684,https://flatfox.ch/de/wohnung/hirschengraben-7-6003-luzern/1690181/,2026-05-17T01:44:03+00:00,38.13725490196079
1690548,3963 Crans-Montana - CHF 6’500,6500,4.5,155.0,3963,Crans-Montana,Valais,,APARTMENT,46.356661417511226,7.508087703242542,https://flatfox.ch/de/wohnung/3963-crans-montana/1690548/,2026-05-17T01:44:03+00:00,41.935483870967744
1692219,"Route des Monts-de-Lavaux 5a, 1092 Belmont-sur-Lausanne - CHF 3’450 inkl. NK pro Monat",3450,4.5,112.0,1092,Belmont-sur-Lausanne,Vaud,Route des Monts-de-Lavaux 5a,APARTMENT,46.52333956,6.6775029,https://flatfox.ch/de/wohnung/route-des-monts-de-lavaux-5a-1092-belmont-sur-laus/1692219/,2026-05-17T01:44:05+00:00,30.803571428571427
1694137,6900 Lugano - CHF 1’800,1800,2.5,80.0,6900,Lugano,Ticino,,FURNISHED_FLAT,46.00938325853544,8.95089287149214,https://flatfox.ch/de/wohnung/6900-lugano/1694137/,2026-05-17T01:44:05+00:00,22.5
1695022,6596 Gordola - CHF 1’040,1040,1.5,33.0,6596,Gordola,Ticino,,FURNISHED_FLAT,46.18085323559372,8.860721957592183,https://flatfox.ch/de/wohnung/6596-gordola/1695022/,2026-05-17T01:44:08+00:00,31.515151515151516
1695730,"Espenstrasse 85a, 8408 Winterthur - CHF 2’100 inkl. NK pro Monat",2100,2.0,50.0,8408,Winterthur,Zurich,Espenstrasse 85a,FURNISHED_FLAT,47.50763835,8.680073199999999,https://flatfox.ch/de/wohnung/espenstrasse-85a-8408-winterthur/1695730/,2026-05-17T01:44:10+00:00,42.0
1696235,"Schwarzenbergstr. 1, 8134 Adliswil - CHF 2’690 inkl. NK pro Monat",2690,4.0,89.0,8134,Adliswil,Zurich,Schwarzenbergstr. 1,APARTMENT,47.30889977,8.5194103,https://flatfox.ch/de/wohnung/schwarzenbergstr-1-8134-adliswil/1696235/,2026-05-17T01:44:12+00:00,30.224719101123597
1696321,"Haini-Rennhas-Strasse 17, 9403 Goldach - CHF 1’510 inkl. NK pro Monat",1510,4.5,83.0,9403,Goldach,St. Gallen,Haini-Rennhas-Strasse 17,APARTMENT,47.47893021,9.46211616,https://flatfox.ch/de/wohnung/haini-rennhas-strasse-17-9403-goldach/1696321/,2026-05-17T01:44:12+00:00,18.19277108433735
1698874,"Hauptstr. 17, 4450 Sissach - CHF 1’780 inkl. NK pro Monat",1780,2.5,74.0,4450,Sissach,Basel-Landschaft,Hauptstr. 17,APARTMENT,47.46225736,7.816979700000001,https://flatfox.ch/de/wohnung/hauptstr-17-4450-sissach/1698874/,2026-05-17T01:44:12+00:00,24.054054054054053
1699773,"Via Vincenzo Vela 1, 6862 Mendrisio - CHF 1’750",1750,5.5,173.0,6862,Mendrisio,Ticino,Via Vincenzo Vela 1,APARTMENT,45.87026815,8.96652862,https://flatfox.ch/de/wohnung/via-vincenzo-vela-1-6862-mendrisio/1699773/,2026-05-17T01:44:12+00:00,10.115606936416185
1701331,"Rives de la Broye 20, 1530 Payerne - CHF 1’370 inkl. NK pro Monat",1370,2.5,51.0,1530,Payerne,Vaud,Rives de la Broye 20,APARTMENT,46.81393839,6.92849512,https://flatfox.ch/de/wohnung/rives-de-la-broye-20-1530-payerne/1701331/,2026-05-17T01:44:12+00:00,26.862745098039216
1702329,"Weissensteinstrasse 12, 3400 Burgdorf - CHF 1’390",1390,2.0,50.0,3400,Burgdorf,Bern,Weissensteinstrasse 12,APARTMENT,47.05731418,7.6159252,https://flatfox.ch/de/wohnung/weissensteinstrasse-12-3400-burgdorf/1702329/,2026-05-17T01:44:12+00:00,27.8
1702371,"Hegenheimerstrasse 62, 4055 Basel - CHF 1’990",1990,2.0,49.0,4055,Basel,Basel-Stadt,Hegenheimerstrasse 62,FURNISHED_FLAT,47.5610354,7.57092355,https://flatfox.ch/de/wohnung/hegenheimerstrasse-62-4055-basel/1702371/,2026-05-17T01:44:12+00:00,40.61224489795919
1706135,"Via Carlo Maderno 62, 6825 Mendrisio - CHF 4’650",4650,6.5,250.0,6825,Mendrisio,Ticino,Via Carlo Maderno 62,ATTIC_FLAT,45.91077441,8.982750500000002,https://flatfox.ch/de/wohnung/via-carlo-maderno-62-6825-mendrisio/1706135/,2026-05-17T01:44:12+00:00,18.6
1706402,"Corso San Gottardo 96, 6830 Chiasso - CHF 1’700",1700,6.0,192.0,6830,Chiasso,Ticino,Corso San Gottardo 96,APARTMENT,45.8371756,9.02407859,https://flatfox.ch/de/wohnung/corso-san-gottardo-96-6830-chiasso/1706402/,2026-05-17T01:44:13+00:00,8.854166666666666
1706790,"Via Galli 21, 6830 Chiasso - CHF 900",900,3.5,70.0,6830,Chiasso,Ticino,Via Galli 21,APARTMENT,45.83575364,9.02515861,https://flatfox.ch/de/wohnung/via-galli-21-6830-chiasso/1706790/,2026-05-17T01:44:13+00:00,12.857142857142858
1706969,"Corso San Gottardo 96, 6830 Chiasso - CHF 950",950,3.5,75.0,6830,Chiasso,Ticino,Corso San Gottardo 96,APARTMENT,45.8371756,9.02407859,https://flatfox.ch/de/wohnung/corso-san-gottardo-96-6830-chiasso/1706969/,2026-05-17T01:44:13+00:00,12.666666666666666
1707017,"Via Trevano 91, 6900 Lugano - CHF 1’750",1750,3.5,79.0,6900,Lugano,Ticino,Via Trevano 91,APARTMENT,46.02108371,8.95809564,https://flatfox.ch/de/wohnung/via-trevano-91-6900-lugano/1707017/,2026-05-17T01:44:13+00:00,22.151898734177216
1707041,"Via Luvee 11, 6855 Stabio - CHF 1’700",1700,4.5,120.0,6855,Stabio,Ticino,Via Luvee 11,APARTMENT,45.85463142,8.94443441,https://flatfox.ch/de/wohnung/via-luvee-11-6855-stabio/1707041/,2026-05-17T01:44:13+00:00,14.166666666666666
1707141,"Via Cureglia, 6949 Comano - CHF 3’800",3800,3.5,150.0,6949,Comano,Ticino,Via Cureglia,APARTMENT,46.03315668,8.9524975,https://flatfox.ch/de/wohnung/via-cureglia-6949-comano/1707141/,2026-05-17T01:44:13+00:00,25.333333333333332
1707656,"Forellenweg 16, 2500 Biel/Bienne - CHF 1’300 inkl. NK pro Monat",1300,3.5,72.0,2500,Biel/Bienne,Bern,Forellenweg 16,APARTMENT,47.14616131,7.268954700000001,https://flatfox.ch/de/wohnung/forellenweg-16-2500-bielbienne/1707656/,2026-05-17T01:44:13+00:00,18.055555555555557
1708349,"Via Franscini 15, 6815 Melide - CHF 2’750",2750,4.5,130.0,6815,Melide,Ticino,Via Franscini 15,APARTMENT,45.9531564,8.945238999999999,https://flatfox.ch/de/wohnung/via-franscini-15-6815-melide/1708349/,2026-05-17T01:44:13+00:00,21.153846153846153
1709354,"Frauentalweg 71, 8045 Zürich - CHF 4’440",4440,4.5,145.0,8045,Zürich,Zurich,Frauentalweg 71,FURNISHED_FLAT,47.35386338,8.50948021,https://flatfox.ch/de/wohnung/frauentalweg-71-8045-zurich/1709354/,2026-05-17T01:44:13+00:00,30.620689655172413
1709938,"Soodstrasse 88, 8041 Zürich - CHF 2’660",2660,2.5,56.0,8041,Zürich,Zurich,Soodstrasse 88,FURNISHED_FLAT,47.32583019,8.51837026,https://flatfox.ch/de/wohnung/soodstrasse-88-8041-zurich/1709938/,2026-05-17T01:44:13+00:00,47.5
1709983,"Steinenvorstadt 71, 4051 Basel - CHF 2’260",2260,2.5,48.0,4051,Basel,Basel-Stadt,Steinenvorstadt 71,FURNISHED_FLAT,47.55197541,7.58808924,https://flatfox.ch/de/wohnung/steinenvorstadt-71-4051-basel/1709983/,2026-05-17T01:44:13+00:00,47.083333333333336
1709985,"Ringstrasse 16, 8306 Brüttisellen - CHF 2’610",2610,3.0,60.0,8306,Brüttisellen,Zurich,Ringstrasse 16,FURNISHED_FLAT,47.4169915,8.6254326,https://flatfox.ch/de/wohnung/ringstrasse-16-8306-bruttisellen/1709985/,2026-05-17T01:44:13+00:00,43.5
1710197,"Rue Neuve 33, 2800 Delémont - CHF 1’760 inkl. NK pro Monat",1760,4.5,100.0,2800,Delémont,Jura,Rue Neuve 33,APARTMENT,47.36491659,7.3547225,https://flatfox.ch/de/wohnung/rue-neuve-33-2800-delemont/1710197/,2026-05-17T01:44:15+00:00,17.6
1711310,"Murbacherstrasse 52, 4056 Basel - CHF 2’340",2340,3.0,64.0,4056,Basel,Basel-Stadt,Murbacherstrasse 52,FURNISHED_FLAT,47.56887133,7.57591877,https://flatfox.ch/de/wohnung/murbacherstrasse-52-4056-basel/1711310/,2026-05-17T01:44:19+00:00,36.5625
1711312,"Bremgarterstrasse 17, 5525 Fischbach-Göslikon - CHF 2’780",2780,4.5,140.0,5525,Fischbach-Göslikon,Aargau,Bremgarterstrasse 17,APARTMENT,47.36814377,8.31210486,https://flatfox.ch/de/wohnung/bremgarterstrasse-17-5525-fischbach-goslikon/1711312/,2026-05-17T01:44:19+00:00,19.857142857142858
1711653,"Dörflistrasse 112, 8050 Zürich - CHF 3’140",3140,3.5,301.0,8050,Zürich,Zurich,Dörflistrasse 112,FURNISHED_FLAT,47.4108231,8.54782217,https://flatfox.ch/de/wohnung/dorflistrasse-112-8050-zurich/1711653/,2026-05-17T01:44:19+00:00,10.43189368770764
1711731,"Vogesenstrasse 23, 4056 Basel - CHF 3’220",3220,3.5,100.0,4056,Basel,Basel-Stadt,Vogesenstrasse 23,FURNISHED_FLAT,47.56585312,7.578424399999999,https://flatfox.ch/de/wohnung/vogesenstrasse-23-4056-basel/1711731/,2026-05-17T01:44:19+00:00,32.2
1711745,"Häsingerstrasse 29, 4055 Basel - CHF 2’630",2630,3.0,72.0,4055,Basel,Basel-Stadt,Häsingerstrasse 29,FURNISHED_FLAT,47.56260529,7.56894354,https://flatfox.ch/de/wohnung/hasingerstrasse-29-4055-basel/1711745/,2026-05-17T01:44:19+00:00,36.52777777777778
1711753,"Murbacherstrasse 49, 4056 Basel - CHF 1’770",1770,2.0,54.0,4056,Basel,Basel-Stadt,Murbacherstrasse 49,FURNISHED_FLAT,47.56876741,7.576340900000002,https://flatfox.ch/de/wohnung/murbacherstrasse-49-4056-basel/1711753/,2026-05-17T01:44:19+00:00,32.77777777777778
1712018,"Spinnereistr. 2, 8192 Glattfelden - CHF 2’210",2210,3.5,98.0,8192,Glattfelden,Zurich,Spinnereistr. 2,APARTMENT,47.55618114,8.5011655,https://flatfox.ch/de/wohnung/spinnereistr-2-8192-glattfelden/1712018/,2026-05-17T01:44:19+00:00,22.551020408163264
1712831,"Via Angelo Nessi 13, 6600 Locarno - CHF 1’280 inkl. NK pro Monat",1280,3.5,73.0,6600,Locarno,Ticino,Via Angelo Nessi 13,APARTMENT,46.16360435,8.79346851,https://flatfox.ch/de/wohnung/via-angelo-nessi-13-6600-locarno/1712831/,2026-05-17T01:44:19+00:00,17.534246575342465
1714127,"via Paradiso 6, 6900 Lugano - CHF 1’650",1650,2.5,55.0,6900,Lugano,Ticino,via Paradiso 6,APARTMENT,45.99674211,8.94002394,https://flatfox.ch/de/wohnung/via-paradiso-6-6900-lugano/1714127/,2026-05-17T01:44:19+00:00,30.0
1714134,"via Paradiso 6, 6924 Sorengo - CHF 1’650",1650,2.5,55.0,6924,Sorengo,Ticino,via Paradiso 6,APARTMENT,45.99641511,8.93688681,https://flatfox.ch/de/wohnung/via-paradiso-6-6924-sorengo/1714134/,2026-05-17T01:44:19+00:00,30.0
1714292,"Hofackerstrasse 20, 8157 Dielsdorf - CHF 2’580 inkl. NK pro Monat",2580,5.5,130.0,8157,Dielsdorf,Zurich,Hofackerstrasse 20,APARTMENT,47.4864704,8.45389026,https://flatfox.ch/de/wohnung/hofackerstrasse-20-8157-dielsdorf/1714292/,2026-05-17T01:44:19+00:00,19.846153846153847
1717928,"Glärnischstr. 303, 8708 Männedorf - CHF 3’722 inkl. NK pro Monat",3722,3.5,89.0,8708,Männedorf,Zurich,Glärnischstr. 303,ATTIC_FLAT,47.25450955,8.700733999999999,https://flatfox.ch/de/wohnung/glarnischstr-303-8708-mannedorf/1717928/,2026-05-17T01:44:19+00:00,41.82022471910113
1718845,"Aarauerstrasse 157, 4600 Olten - CHF 1’598 inkl. NK pro Monat",1598,3.0,74.0,4600,Olten,Solothurn,Aarauerstrasse 157,APARTMENT,47.34994363,7.9182206000000015,https://flatfox.ch/de/wohnung/aarauerstrasse-157-4600-olten/1718845/,2026-05-17T01:44:19+00:00,21.594594594594593
1719209,"Lyssachstrasse 34, 3400 Burgdorf - CHF 1’980",1980,3.5,95.0,3400,Burgdorf,Bern,Lyssachstrasse 34,APARTMENT,47.06003082,7.61905828,https://flatfox.ch/de/wohnung/lyssachstrasse-34-3400-burgdorf/1719209/,2026-05-17T01:44:19+00:00,20.842105263157894
1719278,"Lyssachstrasse 36, 3400 Burgdorf - CHF 2’400",2400,4.5,113.0,3400,Burgdorf,Bern,Lyssachstrasse 36,APARTMENT,47.06012365,7.6187856,https://flatfox.ch/de/wohnung/lyssachstrasse-36-3400-burgdorf/1719278/,2026-05-17T01:44:19+00:00,21.238938053097346
1721067,"Via Luini 1, 6830 Chiasso - CHF 1’190 inkl. NK pro Monat",1190,3.0,80.0,6830,Chiasso,Ticino,Via Luini 1,APARTMENT,45.8380688,9.02399381,https://flatfox.ch/de/wohnung/via-luini-1-6830-chiasso/1721067/,2026-05-17T01:44:26+00:00,14.875
1723511,"Poststrasse 13, 8180 Bülach - CHF 3’245",3245,3.5,112.0,8180,Bülach,Zurich,Poststrasse 13,APARTMENT,47.51643850000002,8.53941931,https://flatfox.ch/de/wohnung/poststrasse-13-8180-bulach/1723511/,2026-05-17T01:44:26+00:00,28.973214285714285
1725586,"Oehningerstrasse 2, 8260 Stein am Rhein - CHF 1’950 inkl. NK pro Monat",1950,2.5,55.0,8260,Stein am Rhein,Schaffhausen,Oehningerstrasse 2,APARTMENT,47.65899231,8.86155341,https://flatfox.ch/de/wohnung/oehningerstrasse-2-8260-stein-am-rhein/1725586/,2026-05-17T01:44:28+00:00,35.45454545454545
1728892,"Hühnerbühlstrasse 37, 3065 Bolligen - CHF 2’250 inkl. NK pro Monat",2250,3.5,84.0,3065,Bolligen,Bern,Hühnerbühlstrasse 37,APARTMENT,46.97262073,7.4998561000000015,https://flatfox.ch/de/wohnung/huhnerbuhlstrasse-37-3065-bolligen/1728892/,2026-05-17T01:44:28+00:00,26.785714285714285
1735046,"Ziegelfeldstrasse 28, 4600 Olten - CHF 1’690 inkl. NK pro Monat",1690,4.5,79.0,4600,Olten,Solothurn,Ziegelfeldstrasse 28,APARTMENT,47.35215261,7.89931163,https://flatfox.ch/de/wohnung/ziegelfeldstrasse-28-4600-olten/1735046/,2026-05-17T01:44:29+00:00,21.39240506329114
1735526,"via Bosco, 6974 Aldesago - CHF 2’021",2021,3.5,100.0,6974,Aldesago,Ticino,via Bosco,APARTMENT,46.0115524,8.97821213,https://flatfox.ch/de/wohnung/via-bosco-6974-aldesago/1735526/,2026-05-17T01:44:29+00:00,20.21
1737013,"Rue de la Synagogue 33, 1204 Genève - CHF 8’955 inkl. NK pro Monat",8955,7.0,236.0,1204,Genève,Geneva,Rue de la Synagogue 33,DUPLEX,46.20270221,6.13843891,https://flatfox.ch/de/wohnung/rue-de-la-synagogue-33-1204-geneve/1737013/,2026-05-17T01:44:29+00:00,37.94491525423729
1737613,"Via Cava 5, 6855 Stabio - CHF 1’900",1900,4.5,98.0,6855,Stabio,Ticino,Via Cava 5,APARTMENT,45.85262521,8.94443077,https://flatfox.ch/de/wohnung/via-cava-5-6855-stabio/1737613/,2026-05-17T01:44:29+00:00,19.387755102040817
1737633,"Via Cava 5, 6855 Stabio - CHF 1’650",1650,2.5,54.0,6855,Stabio,Ticino,Via Cava 5,FURNISHED_FLAT,45.85262521,8.94443077,https://flatfox.ch/de/wohnung/via-cava-5-6855-stabio/1737633/,2026-05-17T01:44:29+00:00,30.555555555555557
1737679,"Via Volta 2 / 2 A, 6830 Chiasso - CHF 1’450",1450,2.5,53.0,6830,Chiasso,Ticino,Via Volta 2 / 2 A,APARTMENT,45.83362913,9.03128922,https://flatfox.ch/de/wohnung/via-volta-2-2-a-6830-chiasso/1737679/,2026-05-17T01:44:29+00:00,27.358490566037737
1737735,"Via Francesco Borromini 23, 6900 Lugano - CHF 4’000",4000,4.5,150.0,6900,Lugano,Ticino,Via Francesco Borromini 23,ATTIC_FLAT,46.00352239,8.94330891,https://flatfox.ch/de/wohnung/via-francesco-borromini-23-6900-lugano/1737735/,2026-05-17T01:44:29+00:00,26.666666666666668
1737741,"Via Volta 2 / 2 A, 6830 Chiasso - CHF 1’000",1000,2.5,53.0,6830,Chiasso,Ticino,Via Volta 2 / 2 A,APARTMENT,45.83362913,9.03128922,https://flatfox.ch/de/wohnung/via-volta-2-2-a-6830-chiasso/1737741/,2026-05-17T01:44:29+00:00,18.867924528301888
1737821,"Via Francesco Borromini 23, 6900 Lugano - CHF 2’100",2100,2.5,56.0,6900,Lugano,Ticino,Via Francesco Borromini 23,FURNISHED_FLAT,46.00352239,8.94330891,https://flatfox.ch/de/wohnung/via-francesco-borromini-23-6900-lugano/1737821/,2026-05-17T01:44:29+00:00,37.5
1737851,"Via Volta 2 / 2 A, 6830 Chiasso - CHF 1’310",1310,3.5,80.0,6830,Chiasso,Ticino,Via Volta 2 / 2 A,APARTMENT,45.83362913,9.03128922,https://flatfox.ch/de/wohnung/via-volta-2-2-a-6830-chiasso/1737851/,2026-05-17T01:44:29+00:00,16.375
1737965,"Via Cava 5, 6855 Stabio - CHF 2’150",2150,3.5,75.0,6855,Stabio,Ticino,Via Cava 5,FURNISHED_FLAT,45.85262521,8.94443077,https://flatfox.ch/de/wohnung/via-cava-5-6855-stabio/1737965/,2026-05-17T01:44:31+00:00,28.666666666666668
1738062,"Via Luvee 11, 6855 Stabio - CHF 1’800",1800,4.5,110.0,6855,Stabio,Ticino,Via Luvee 11,APARTMENT,45.85463142,8.94443441,https://flatfox.ch/de/wohnung/via-luvee-11-6855-stabio/1738062/,2026-05-17T01:44:31+00:00,16.363636363636363
1738218,"Lerchenweg 38, 8302 Kloten - CHF 2’850",2850,3.5,87.0,8302,Kloten,Zurich,Lerchenweg 38,APARTMENT,47.44313882,8.58920399,https://flatfox.ch/de/wohnung/lerchenweg-38-8302-kloten/1738218/,2026-05-17T01:44:31+00:00,32.758620689655174
1738733,"Konkordiaweg 4, 2503 Biel - CHF 840",840,1.0,24.0,2503,Biel,Bern,Konkordiaweg 4,STUDIO,47.13356995,7.2548346000000015,https://flatfox.ch/de/wohnung/konkordiaweg-4-2503-biel/1738733/,2026-05-17T01:44:31+00:00,35.0
1738802,"Mettstrasse 18a, 2503 Biel/Bienne - CHF 1’090",1090,2.5,57.0,2503,Biel/Bienne,Bern,Mettstrasse 18a,APARTMENT,47.13929186,7.26334484,https://flatfox.ch/de/wohnung/mettstrasse-18a-2503-bielbienne/1738802/,2026-05-17T01:44:31+00:00,19.12280701754386
1739092,"Via Cava 5, 6855 Stabio - CHF 1’350",1350,3.5,75.0,6855,Stabio,Ticino,Via Cava 5,APARTMENT,45.85262521,8.94443077,https://flatfox.ch/de/wohnung/via-cava-5-6855-stabio/1739092/,2026-05-17T01:44:31+00:00,18.0
1739889,"Riva Antonio Caccia 6a, 6900 Lugano - CHF 6’900",6900,4.5,193.0,6900,Lugano,Ticino,Riva Antonio Caccia 6a,APARTMENT,45.99564628,8.94617251,https://flatfox.ch/de/wohnung/riva-antonio-caccia-6a-6900-lugano/1739889/,2026-05-17T01:44:32+00:00,35.751295336787564
1741120,6930 Bedano - CHF 1’930,1930,4.0,70.0,6930,Bedano,Ticino,,APARTMENT,46.05047173468683,8.916653858428662,https://flatfox.ch/de/wohnung/6930-bedano/1741120/,2026-05-17T01:44:32+00:00,27.571428571428573
1741330,6855 Stabio - CHF 1’950,1950,4.5,110.0,6855,Stabio,Ticino,,APARTMENT,45.84764608973936,8.935075165014483,https://flatfox.ch/de/wohnung/6855-stabio/1741330/,2026-05-17T01:44:32+00:00,17.727272727272727
1742682,"Rue du Marais 36, 2400 Le Locle - CHF 730",730,2.0,45.0,2400,Le Locle,Neuchâtel,Rue du Marais 36,APARTMENT,47.05976358,6.751650199999999,https://flatfox.ch/de/wohnung/rue-du-marais-36-2400-le-locle/1742682/,2026-05-17T01:44:32+00:00,16.22222222222222
1742878,"Route de Raya 10, 2400 Le Locle - CHF 990",990,5.0,42.0,2400,Le Locle,Neuchâtel,Route de Raya 10,APARTMENT,47.06299847,6.75649868,https://flatfox.ch/de/wohnung/route-de-raya-10-2400-le-locle/1742878/,2026-05-17T01:44:32+00:00,23.571428571428573
1742921,"Route du Raya 9, 2400 Le Locle - CHF 1’100",1100,4.0,80.0,2400,Le Locle,Neuchâtel,Route du Raya 9,APARTMENT,47.06224614,6.755424499999999,https://flatfox.ch/de/wohnung/route-du-raya-9-2400-le-locle/1742921/,2026-05-17T01:44:34+00:00,13.75
1742968,"Bahnhofstrasse 172, 6423 Seewen SZ - CHF 900",900,1.0,19.0,6423,Seewen SZ,Schwyz,Bahnhofstrasse 172,SINGLE_ROOM,47.0293085,8.630026599999999,https://flatfox.ch/de/wohnung/bahnhofstrasse-172-6423-seewen-sz/1742968/,2026-05-17T01:44:34+00:00,47.36842105263158
1742985,"Bahnhofstrasse 172, 6423 Seewen SZ - CHF 1’190",1190,1.0,25.0,6423,Seewen SZ,Schwyz,Bahnhofstrasse 172,APARTMENT,47.0293085,8.630026599999999,https://flatfox.ch/de/wohnung/bahnhofstrasse-172-6423-seewen-sz/1742985/,2026-05-17T01:44:34+00:00,47.6
1743034,"Via Lugano 16, 6710 Biasca - CHF 1’050",1050,3.0,60.0,6710,Biasca,Ticino,Via Lugano 16,APARTMENT,46.3458336,8.973355399999999,https://flatfox.ch/de/wohnung/via-lugano-16-6710-biasca/1743034/,2026-05-17T01:44:34+00:00,17.5
1743053,"Via Lugano 4, 6710 Biasca - CHF 1’050",1050,3.5,70.0,6710,Biasca,Ticino,Via Lugano 4,APARTMENT,46.34660711,8.97311453,https://flatfox.ch/de/wohnung/via-lugano-4-6710-biasca/1743053/,2026-05-17T01:44:34+00:00,15.0
1743068,"Rue des Anémones 4, 1450 Ste-Croix - CHF 1’300",1300,2.0,45.0,1450,Ste-Croix,Vaud,Rue des Anémones 4,APARTMENT,46.8224249,6.5087466,https://flatfox.ch/de/wohnung/rue-des-anemones-4-1450-ste-croix/1743068/,2026-05-17T01:44:34+00:00,28.88888888888889
1743191,"Leinfeldstrasse 20, 4632 Trimbach - CHF 1’350",1350,3.5,75.0,4632,Trimbach,Solothurn,Leinfeldstrasse 20,APARTMENT,47.36266046,7.904495199999999,https://flatfox.ch/de/wohnung/leinfeldstrasse-20-4632-trimbach/1743191/,2026-05-17T01:44:34+00:00,18.0
1743436,"Neuhofstrasse 3, 8500 Frauenfeld - CHF 1’800 inkl. NK pro Monat",1800,4.5,99.0,8500,Frauenfeld,Thurgau,Neuhofstrasse 3,APARTMENT,47.56204633,8.88586926,https://flatfox.ch/de/wohnung/neuhofstrasse-3-8500-frauenfeld/1743436/,2026-05-17T01:44:34+00:00,18.181818181818183
1743450,"Feldbergstrasse 23, 4057 Basel - CHF 1’140",1140,1.0,35.0,4057,Basel,Basel-Stadt,Feldbergstrasse 23,APARTMENT,47.56592815,7.5886496,https://flatfox.ch/de/wohnung/feldbergstrasse-23-4057-basel/1743450/,2026-05-17T01:44:34+00:00,32.57142857142857
1743800,"Grendelweg 11, 5074 Eiken - CHF 1’530 inkl. NK pro Monat",1530,3.5,85.0,5074,Eiken,Aargau,Grendelweg 11,APARTMENT,47.534175,7.985924499999999,https://flatfox.ch/de/wohnung/grendelweg-11-5074-eiken/1743800/,2026-05-17T01:44:34+00:00,18.0
1746067,6514 Sementina - CHF 1’180,1180,2.5,58.0,6514,Sementina,Ticino,,APARTMENT,46.190860198259024,8.966784476570009,https://flatfox.ch/de/wohnung/6514-sementina/1746067/,2026-05-17T01:44:37+00:00,20.344827586206897
1746194,"Via San Gottardo, 6648 Minusio - CHF 2’372",2372,3.5,98.0,6648,Minusio,Ticino,Via San Gottardo,APARTMENT,46.17712727,8.82426582,https://flatfox.ch/de/wohnung/via-san-gottardo-6648-minusio/1746194/,2026-05-17T01:44:37+00:00,24.20408163265306
1746318,"Via San Gottardo 156, 6648 Minusio - CHF 2’170",2170,2.5,53.0,6648,Minusio,Ticino,Via San Gottardo 156,APARTMENT,46.17871965,8.826240799999999,https://flatfox.ch/de/wohnung/via-san-gottardo-156-6648-minusio/1746318/,2026-05-17T01:44:37+00:00,40.943396226415096
1746366,"Via San Gottardo, 6648 Minusio - CHF 2’420",2420,3.5,86.0,6648,Minusio,Ticino,Via San Gottardo,APARTMENT,46.17712727,8.82426582,https://flatfox.ch/de/wohnung/via-san-gottardo-6648-minusio/1746366/,2026-05-17T01:44:37+00:00,28.13953488372093
1746423,"Edenstrasse 7, 7270 Davos Platz - CHF 2’275",2275,3.5,50.0,7270,Davos Platz,Graubünden,Edenstrasse 7,FURNISHED_FLAT,46.79453481,9.81735813,https://flatfox.ch/de/wohnung/edenstrasse-7-7270-davos-platz/1746423/,2026-05-17T01:44:37+00:00,45.5
1746425,"Via dei Faggi 27, 6912 Pazzallo - CHF 1’795",1795,3.5,88.0,6912,Pazzallo,Ticino,Via dei Faggi 27,APARTMENT,45.98448729,8.938473000000002,https://flatfox.ch/de/wohnung/via-dei-faggi-27-6912-pazzallo/1746425/,2026-05-17T01:44:37+00:00,20.397727272727273
1746539,"Piazza Nosetto 4, 6500 Bellinzona - CHF 1’280",1280,2.5,60.0,6500,Bellinzona,Ticino,Piazza Nosetto 4,APARTMENT,46.1910461,9.02283052,https://flatfox.ch/de/wohnung/piazza-nosetto-4-6500-bellinzona/1746539/,2026-05-17T01:44:39+00:00,21.333333333333332
1746546,"Lufingerstrasse 24, 8185 Winkel - CHF 5’700",5700,4.5,151.0,8185,Winkel,Zurich,Lufingerstrasse 24,ATTIC_FLAT,47.47985581,8.55973377,https://flatfox.ch/de/wohnung/lufingerstrasse-24-8185-winkel/1746546/,2026-05-17T01:44:39+00:00,37.74834437086093
1746608,6986 Miglieglia - CHF 1’470,1470,3.5,133.0,6986,Miglieglia,Ticino,,APARTMENT,46.02383152367337,8.856645475434808,https://flatfox.ch/de/wohnung/6986-miglieglia/1746608/,2026-05-17T01:44:39+00:00,11.052631578947368
1746735,6500 Bellinzona - CHF 2’200,2200,2.5,50.0,6500,Bellinzona,Ticino,,APARTMENT,46.19390009534355,9.02381198075139,https://flatfox.ch/de/wohnung/6500-bellinzona/1746735/,2026-05-17T01:44:39+00:00,44.0
1746869,"Via dei Faggi 25, 6912 Pazzallo - CHF 2’075",2075,4.5,101.0,6912,Pazzallo,Ticino,Via dei Faggi 25,APARTMENT,45.98464996,8.9388791,https://flatfox.ch/de/wohnung/via-dei-faggi-25-6912-pazzallo/1746869/,2026-05-17T01:44:39+00:00,20.544554455445546
1746871,6612 Ascona - CHF 2’500,2500,3.5,80.0,6612,Ascona,Ticino,,APARTMENT,46.15820669636712,8.767503333738345,https://flatfox.ch/de/wohnung/6612-ascona/1746871/,2026-05-17T01:44:39+00:00,31.25
1746954,"Via Sottobisio 12, 6828 Balerna - CHF 1’240",1240,3.5,83.0,6828,Balerna,Ticino,Via Sottobisio 12,APARTMENT,45.84518834,9.00603369,https://flatfox.ch/de/wohnung/via-sottobisio-12-6828-balerna/1746954/,2026-05-17T01:44:39+00:00,14.939759036144578
1747008,"Via Fontana 8, 6830 Chiasso - CHF 1’120",1120,3.0,80.0,6830,Chiasso,Ticino,Via Fontana 8,APARTMENT,45.83662781,9.02271035,https://flatfox.ch/de/wohnung/via-fontana-8-6830-chiasso/1747008/,2026-05-17T01:44:39+00:00,14.0
1747043,"Sous-Rosé 4, 2822 Courroux - CHF 850",850,2.0,52.0,2822,Courroux,Jura,Sous-Rosé 4,APARTMENT,47.35932373,7.383149699999999,https://flatfox.ch/de/wohnung/sous-rose-4-2822-courroux/1747043/,2026-05-17T01:44:39+00:00,16.346153846153847
1747218,"Rue Francillon 34, 2610 St-Imier - CHF 950",950,3.5,76.0,2610,St-Imier,Bern,Rue Francillon 34,APARTMENT,47.15298392,6.9999238,https://flatfox.ch/de/wohnung/rue-francillon-34-2610-st-imier/1747218/,2026-05-17T01:44:39+00:00,12.5
1747290,"Sous-Rosé 2, 2822 Courroux - CHF 920",920,1.0,56.0,2822,Courroux,Jura,Sous-Rosé 2,APARTMENT,47.35940446,7.3825013,https://flatfox.ch/de/wohnung/sous-rose-2-2822-courroux/1747290/,2026-05-17T01:44:41+00:00,16.428571428571427
1747614,"Via dei Faggi 25, 6912 Pazzallo - CHF 2’095",2095,4.5,105.0,6912,Pazzallo,Ticino,Via dei Faggi 25,APARTMENT,45.98464996,8.9388791,https://flatfox.ch/de/wohnung/via-dei-faggi-25-6912-pazzallo/1747614/,2026-05-17T01:44:41+00:00,19.952380952380953
1747782,"Via dei Faggi 27, 6912 Pazzallo - CHF 1’100",1100,1.5,43.0,6912,Pazzallo,Ticino,Via dei Faggi 27,APARTMENT,45.98448729,8.938473000000002,https://flatfox.ch/de/wohnung/via-dei-faggi-27-6912-pazzallo/1747782/,2026-05-17T01:44:41+00:00,25.58139534883721
1749086,"Via R. Leoncavallo 37, 6614 Brissago - CHF 1’450",1450,3.0,75.0,6614,Brissago,Ticino,Via R. Leoncavallo 37,APARTMENT,46.11731621,8.70866487,https://flatfox.ch/de/wohnung/via-r-leoncavallo-37-6614-brissago/1749086/,2026-05-17T01:44:43+00:00,19.333333333333332
1749092,"Thunstettenstrasse 58a, 4900 Langenthal - CHF 1’450",1450,4.5,92.0,4900,Langenthal,Bern,Thunstettenstrasse 58a,APARTMENT,47.2050178,7.7777393,https://flatfox.ch/de/wohnung/thunstettenstrasse-58a-4900-langenthal/1749092/,2026-05-17T01:44:43+00:00,15.76086956521739
1750043,"Alpenblickstrasse 81, 8810 Horgen - CHF 2’880",2880,3.0,64.0,8810,Horgen,Zurich,Alpenblickstrasse 81,FURNISHED_FLAT,47.26552261,8.58258218,https://flatfox.ch/de/wohnung/alpenblickstrasse-81-8810-horgen/1750043/,2026-05-17T01:44:43+00:00,45.0
1750060,"Kreuzstrasse 64, 8008 Zürich - CHF 4’860",4860,3.5,125.0,8008,Zürich,Zurich,Kreuzstrasse 64,FURNISHED_FLAT,47.36450676,8.55282036,https://flatfox.ch/de/wohnung/kreuzstrasse-64-8008-zurich/1750060/,2026-05-17T01:44:43+00:00,38.88
1750130,"Im Grund 2, 8910 Affoltern am Albis - CHF 2’480",2480,3.0,56.0,8910,Affoltern am Albis,Zurich,Im Grund 2,FURNISHED_FLAT,47.27609373,8.44977741,https://flatfox.ch/de/wohnung/im-grund-2-8910-affoltern-am-albis/1750130/,2026-05-17T01:44:43+00:00,44.285714285714285
1750139,"Dörflistrasse 112, 8050 Zürich - CHF 3’310",3310,3.5,69.0,8050,Zürich,Zurich,Dörflistrasse 112,FURNISHED_FLAT,47.4108231,8.54782217,https://flatfox.ch/de/wohnung/dorflistrasse-112-8050-zurich/1750139/,2026-05-17T01:44:43+00:00,47.971014492753625
1750165,"Austrasse 52, 8045 Zürich - CHF 4’630",4630,4.5,105.0,8045,Zürich,Zurich,Austrasse 52,FURNISHED_FLAT,47.3642138,8.51935011,https://flatfox.ch/de/wohnung/austrasse-52-8045-zurich/1750165/,2026-05-17T01:44:43+00:00,44.095238095238095
1750233,"Steinenvorstadt 71, 4051 Basel - CHF 1’919",1919,2.5,48.0,4051,Basel,Basel-Stadt,Steinenvorstadt 71,FURNISHED_FLAT,47.55197541,7.58808924,https://flatfox.ch/de/wohnung/steinenvorstadt-71-4051-basel/1750233/,2026-05-17T01:44:43+00:00,39.979166666666664
1750234,"Sankt Alban-Anlage 49, 4052 Basel - CHF 2’400",2400,3.0,90.0,4052,Basel,Basel-Stadt,Sankt Alban-Anlage 49,FURNISHED_FLAT,47.552863,7.601230200000002,https://flatfox.ch/de/wohnung/sankt-alban-anlage-49-4052-basel/1750234/,2026-05-17T01:44:43+00:00,26.666666666666668
1750264,"Dornacherstrasse 109, 4053 Basel - CHF 2’040",2040,3.0,70.0,4053,Basel,Basel-Stadt,Dornacherstrasse 109,FURNISHED_FLAT,47.54351131,7.58935634,https://flatfox.ch/de/wohnung/dornacherstrasse-109-4053-basel/1750264/,2026-05-17T01:44:43+00:00,29.142857142857142
1750271,"Missionsstrasse 38, 4055 Basel - CHF 1’280",1280,1.0,34.0,4055,Basel,Basel-Stadt,Missionsstrasse 38,FURNISHED_FLAT,47.56027858,7.57721881,https://flatfox.ch/de/wohnung/missionsstrasse-38-4055-basel/1750271/,2026-05-17T01:44:43+00:00,37.64705882352941
1751210,"Hauptstrasse 5, 4242 Laufen - CHF 1’630",1630,3.0,110.0,4242,Laufen,Basel-Landschaft,Hauptstrasse 5,APARTMENT,47.42126581,7.50037163,https://flatfox.ch/de/wohnung/hauptstrasse-5-4242-laufen/1751210/,2026-05-17T01:44:43+00:00,14.818181818181818
1751373,"Rue des Vaudrès 9b, 1815 Clarens - CHF 2’350 inkl. NK pro Monat",2350,3.5,67.0,1815,Clarens,Vaud,Rue des Vaudrès 9b,APARTMENT,46.4430496,6.8888265,https://flatfox.ch/de/wohnung/rue-des-vaudres-9b-1815-clarens/1751373/,2026-05-17T01:44:43+00:00,35.07462686567164
1752759,6962 Viganello - CHF 1’908 inkl. NK pro Monat,1908,2.0,48.0,6962,Viganello,Ticino,,FURNISHED_FLAT,46.0123891968636,8.96921374034571,https://flatfox.ch/de/wohnung/6962-viganello/1752759/,2026-05-17T01:44:44+00:00,39.75
1752789,6963 Pregassona - CHF 3’240 inkl. NK pro Monat,3240,3.5,105.0,6963,Pregassona,Ticino,,FURNISHED_FLAT,46.020753141459295,8.975617697180256,https://flatfox.ch/de/wohnung/6963-pregassona/1752789/,2026-05-17T01:44:44+00:00,30.857142857142858
1752875,4132 Muttenz - CHF 2’500 inkl. NK pro Monat,2500,3.0,78.0,4132,Muttenz,Basel-Landschaft,,FURNISHED_FLAT,47.52367954163804,7.648483485187416,https://flatfox.ch/de/wohnung/4132-muttenz/1752875/,2026-05-17T01:44:44+00:00,32.05128205128205
1753018,6833 Vacallo - CHF 1’260 inkl. NK pro Monat,1260,1.5,42.0,6833,Vacallo,Ticino,,FURNISHED_FLAT,45.84802811377664,9.036502546107103,https://flatfox.ch/de/wohnung/6833-vacallo/1753018/,2026-05-17T01:44:44+00:00,30.0
1754484,6962 Viganello - CHF 1’550,1550,4.5,94.0,6962,Viganello,Ticino,,APARTMENT,46.01231439363315,8.969114778080248,https://flatfox.ch/de/wohnung/6962-viganello/1754484/,2026-05-17T01:44:44+00:00,16.48936170212766
1755858,"VIA CEREDA 7C, 6828 Balerna - CHF 1’230",1230,3.0,90.0,6828,Balerna,Ticino,VIA CEREDA 7C,APARTMENT,45.84735389,8.99654917,https://flatfox.ch/de/wohnung/via-cereda-7c-6828-balerna/1755858/,2026-05-17T01:44:46+00:00,13.666666666666666
1757086,"Bodenackertrasse 29, 4226 Breitenbach - CHF 1’720 inkl. NK pro Monat",1720,4.5,99.0,4226,Breitenbach,Solothurn,Bodenackertrasse 29,APARTMENT,47.4009736,7.54512189,https://flatfox.ch/de/wohnung/bodenackertrasse-29-4226-breitenbach/1757086/,2026-05-17T01:44:48+00:00,17.373737373737374
1757544,"Rosenweg 6, 2554 Meinisberg - CHF 890",890,2.0,55.0,2554,Meinisberg,Bern,Rosenweg 6,APARTMENT,47.16106425,7.3518242,https://flatfox.ch/de/wohnung/rosenweg-6-2554-meinisberg/1757544/,2026-05-17T01:44:48+00:00,16.181818181818183
1758441,"Iddastrasse 30, 9008 St. Gallen - CHF 1’280 inkl. NK pro Monat",1280,2.5,54.0,9008,St. Gallen,St. Gallen,Iddastrasse 30,APARTMENT,47.43754725,9.38800714,https://flatfox.ch/de/wohnung/iddastrasse-30-9008-st-gallen/1758441/,2026-05-17T01:44:48+00:00,23.703703703703702
1759151,"Käppelibodenweg 42, 4132 Muttenz - CHF 2’115 inkl. NK pro Monat",2115,3.5,86.0,4132,Muttenz,Basel-Landschaft,Käppelibodenweg 42,APARTMENT,47.53297977,7.628727199999999,https://flatfox.ch/de/wohnung/kappelibodenweg-42-4132-muttenz/1759151/,2026-05-17T01:44:50+00:00,24.593023255813954
1759293,"Via alla Torre 14, 6850 Mendrisio - CHF 750",750,1.5,35.0,6850,Mendrisio,Ticino,Via alla Torre 14,STUDIO,45.86912239999999,8.98799176,https://flatfox.ch/de/wohnung/via-alla-torre-14-6850-mendrisio/1759293/,2026-05-17T01:44:50+00:00,21.428571428571427
1759486,"Vicolo Bena 4D, 6850 Mendrisio - CHF 1’250",1250,2.5,40.0,6850,Mendrisio,Ticino,Vicolo Bena 4D,APARTMENT,45.86847497,8.99166853,https://flatfox.ch/de/wohnung/vicolo-bena-4d-6850-mendrisio/1759486/,2026-05-17T01:44:50+00:00,31.25
1759855,"Meisenweg 9, 4552 Derendingen - CHF 1’590 inkl. NK pro Monat",1590,4.0,78.0,4552,Derendingen,Solothurn,Meisenweg 9,APARTMENT,47.19949261,7.59316468,https://flatfox.ch/de/wohnung/meisenweg-9-4552-derendingen/1759855/,2026-05-17T01:44:50+00:00,20.384615384615383
1761223,"Egelseestrasse 2, 8570 Weinfelden - CHF 2’130 inkl. NK pro Monat",2130,3.5,108.0,8570,Weinfelden,Thurgau,Egelseestrasse 2,ATTIC_FLAT,47.5718462,9.09778731,https://flatfox.ch/de/wohnung/egelseestrasse-2-8570-weinfelden/1761223/,2026-05-17T01:44:50+00:00,19.72222222222222
1761380,"Via alla Bozzareda 14F, 6963 Pregassona - CHF 2’750",2750,3.5,145.0,6963,Pregassona,Ticino,Via alla Bozzareda 14F,APARTMENT,46.02080468,8.9755895,https://flatfox.ch/de/wohnung/via-alla-bozzareda-14f-6963-pregassona/1761380/,2026-05-17T01:44:50+00:00,18.96551724137931
1761599,"Vicolo Bena 4D, 6850 Mendrisio - CHF 1’430",1430,3.0,56.0,6850,Mendrisio,Ticino,Vicolo Bena 4D,APARTMENT,45.86847497,8.99166853,https://flatfox.ch/de/wohnung/vicolo-bena-4d-6850-mendrisio/1761599/,2026-05-17T01:44:50+00:00,25.535714285714285
1762805,"Via Rovello 32 B, 6942 Savosa - CHF 2’500",2500,3.5,107.0,6942,Savosa,Ticino,Via Rovello 32 B,APARTMENT,46.017468,8.94914091,https://flatfox.ch/de/wohnung/via-rovello-32-b-6942-savosa/1762805/,2026-05-17T01:44:50+00:00,23.364485981308412
1763644,"Lärchenstrasse 3, 9630 Wattwil - CHF 1’760 inkl. NK pro Monat",1760,4.5,76.0,9630,Wattwil,St. Gallen,Lärchenstrasse 3,APARTMENT,47.2921261,9.09792689,https://flatfox.ch/de/wohnung/larchenstrasse-3-9630-wattwil/1763644/,2026-05-17T01:44:50+00:00,23.157894736842106
1765101,"Zilstrasse 70, 9016 St. Gallen - CHF 1’900 inkl. NK pro Monat",1900,2.5,73.0,9016,St. Gallen,St. Gallen,Zilstrasse 70,APARTMENT,47.44332098,9.41089892,https://flatfox.ch/de/wohnung/zilstrasse-70-9016-st-gallen/1765101/,2026-05-17T01:44:50+00:00,26.027397260273972
1766645,"Entenweidstrasse 80, 4056 Basel - CHF 1’080",1080,1.0,30.0,4056,Basel,Basel-Stadt,Entenweidstrasse 80,APARTMENT,47.56913141,7.573791699999999,https://flatfox.ch/de/wohnung/entenweidstrasse-80-4056-basel/1766645/,2026-05-17T01:44:50+00:00,36.0
1766722,3960 Sierre - CHF 1’280,1280,3.0,75.0,3960,Sierre,Valais,,APARTMENT,46.29173642633951,7.542938829824681,https://flatfox.ch/de/wohnung/3960-sierre/1766722/,2026-05-17T01:44:50+00:00,17.066666666666666
1766725,"Rte de Sion 95, 3960 Sierre - CHF 1’130",1130,2.0,50.0,3960,Sierre,Valais,Rte de Sion 95,APARTMENT,46.28333122,7.51691946,https://flatfox.ch/de/wohnung/rte-de-sion-95-3960-sierre/1766725/,2026-05-17T01:44:50+00:00,22.6
1766877,"Dammstrasse 24, 3400 Burgdorf - CHF 1’730 inkl. NK pro Monat",1730,3.5,96.0,3400,Burgdorf,Bern,Dammstrasse 24,APARTMENT,47.06176733,7.62521066,https://flatfox.ch/de/wohnung/dammstrasse-24-3400-burgdorf/1766877/,2026-05-17T01:44:50+00:00,18.020833333333332
1767332,"Zwingerstr. 23a, 4053 Basel - CHF 1’851 inkl. NK pro Monat",1851,2.5,77.0,4053,Basel,Basel-Stadt,Zwingerstr. 23a,APARTMENT,47.54390875,7.5937484,https://flatfox.ch/de/wohnung/zwingerstr-23a-4053-basel/1767332/,2026-05-17T01:44:50+00:00,24.038961038961038
1767649,"Parkfeldweg 8, 2557 Studen - CHF 1’890 inkl. NK pro Monat",1890,4.5,135.0,2557,Studen,Bern,Parkfeldweg 8,APARTMENT,47.11083621,7.30815243,https://flatfox.ch/de/wohnung/parkfeldweg-8-2557-studen/1767649/,2026-05-17T01:44:50+00:00,14.0
1768138,"Via Roncaccio 7, 6900 Lugano - CHF 1’845 inkl. NK pro Monat",1845,3.5,94.0,6900,Lugano,Ticino,Via Roncaccio 7,APARTMENT,46.00315831,8.94201757,https://flatfox.ch/de/wohnung/via-roncaccio-7-6900-lugano/1768138/,2026-05-17T01:44:50+00:00,19.627659574468087
1769353,"Combe-Grieurin 31, 2300 La Chaux-de-Fonds - CHF 785",785,2.0,55.0,2300,La Chaux-de-Fonds,Neuchâtel,Combe-Grieurin 31,APARTMENT,47.10186025,6.81832669,https://flatfox.ch/de/wohnung/combe-grieurin-31-2300-la-chaux-de-fonds/1769353/,2026-05-17T01:44:50+00:00,14.272727272727273
1769507,"Alte Rosenstrasse 3, 8360 Eschlikon TG - CHF 1’970",1970,4.5,91.0,8360,Eschlikon TG,Thurgau,Alte Rosenstrasse 3,APARTMENT,47.46305339,8.96206089,https://flatfox.ch/de/wohnung/alte-rosenstrasse-3-8360-eschlikon-tg/1769507/,2026-05-17T01:44:50+00:00,21.64835164835165
1771789,6816 Bissone - CHF 1’750,1750,2.5,48.0,6816,Bissone,Ticino,,APARTMENT,45.95243325686787,8.966404750106392,https://flatfox.ch/de/wohnung/6816-bissone/1771789/,2026-05-17T01:44:50+00:00,36.458333333333336
1772802,"Solothurnstrasse 67, 2543 Lengnau BE - CHF 1’500 inkl. NK pro Monat",1500,3.5,78.0,2543,Lengnau BE,Bern,Solothurnstrasse 67,APARTMENT,47.18522481,7.37631675,https://flatfox.ch/de/wohnung/solothurnstrasse-67-2543-lengnau-be/1772802/,2026-05-17T01:44:52+00:00,19.23076923076923
1779619,"In den Erlen 4, 9030 Abtwil - CHF 1’460 inkl. NK pro Monat",1460,4.0,65.0,9030,Abtwil,St. Gallen,In den Erlen 4,APARTMENT,47.41988067,9.31525849,https://flatfox.ch/de/wohnung/in-den-erlen-4-9030-abtwil/1779619/,2026-05-17T01:44:52+00:00,22.46153846153846
1779628,"Schmiedeweg 5, 4563 Gerlafingen - CHF 1’420 inkl. NK pro Monat",1420,3.0,65.0,4563,Gerlafingen,Solothurn,Schmiedeweg 5,APARTMENT,47.16995575,7.56765055,https://flatfox.ch/de/wohnung/schmiedeweg-5-4563-gerlafingen/1779628/,2026-05-17T01:44:52+00:00,21.846153846153847
1783682,"Industriestrasse 28, 9400 Rorschach - CHF 1’180 inkl. NK pro Monat",1180,2.5,43.0,9400,Rorschach,St. Gallen,Industriestrasse 28,APARTMENT,47.47658935,9.48443812,https://flatfox.ch/de/wohnung/industriestrasse-28-9400-rorschach/1783682/,2026-05-17T01:44:52+00:00,27.441860465116278
1783683,"Industriestrasse 28, 9400 Rorschach - CHF 1’180 inkl. NK pro Monat",1180,2.5,43.0,9400,Rorschach,St. Gallen,Industriestrasse 28,APARTMENT,47.47658935,9.48443812,https://flatfox.ch/de/wohnung/industriestrasse-28-9400-rorschach/1783683/,2026-05-17T01:44:52+00:00,27.441860465116278
1784033,"Via Clemente Maraini, 6900 Lugano - CHF 5’000",5000,4.5,158.0,6900,Lugano,Ticino,Via Clemente Maraini,APARTMENT,46.00026215,8.9469557,https://flatfox.ch/de/wohnung/via-clemente-maraini-6900-lugano/1784033/,2026-05-17T01:44:52+00:00,31.645569620253166
1785075,"Avenue Jean-Marie Musy 2, 1700 Fribourg - CHF 1’390 inkl. NK pro Monat",1390,3.5,77.0,1700,Fribourg,Fribourg,Avenue Jean-Marie Musy 2,APARTMENT,46.80713058,7.1757113000000015,https://flatfox.ch/de/wohnung/avenue-jean-marie-musy-2-1700-fribourg/1785075/,2026-05-17T01:44:53+00:00,18.051948051948052
1785901,"Rue Neuve 33, 2800 Delémont - CHF 1’740 inkl. NK pro Monat",1740,4.5,100.0,2800,Delémont,Jura,Rue Neuve 33,APARTMENT,47.36491659,7.3547225,https://flatfox.ch/de/wohnung/rue-neuve-33-2800-delemont/1785901/,2026-05-17T01:44:53+00:00,17.4
1785910,"Oberstrasse 205, 9000 St. Gallen - CHF 1’290 inkl. NK pro Monat",1290,2.5,53.0,9000,St. Gallen,St. Gallen,Oberstrasse 205,APARTMENT,47.41213068,9.35195782,https://flatfox.ch/de/wohnung/oberstrasse-205-9000-st-gallen/1785910/,2026-05-17T01:44:53+00:00,24.339622641509433
1786723,"Goumoënsstrasse 47, 3007 Bern - CHF 1’325",1325,2.0,48.0,3007,Bern,Bern,Goumoënsstrasse 47,APARTMENT,46.93435071,7.43198619,https://flatfox.ch/de/wohnung/goumoensstrasse-47-3007-bern/1786723/,2026-05-17T01:44:53+00:00,27.604166666666668
1786735,"Degersheimerstrasse 21, 9100 Herisau - CHF 1’450 inkl. NK pro Monat",1450,3.0,60.0,9100,Herisau,Appenzell Ausserrhoden,Degersheimerstrasse 21,APARTMENT,47.38479151,9.2701113,https://flatfox.ch/de/wohnung/degersheimerstrasse-21-9100-herisau/1786735/,2026-05-17T01:44:53+00:00,24.166666666666668
1787030,"Jakob Bosshart-Strasse 4, 8424 Embrach - CHF 4’500",4500,4.5,120.0,8424,Embrach,Zurich,Jakob Bosshart-Strasse 4,FURNISHED_FLAT,47.50199551,8.59656444,https://flatfox.ch/de/wohnung/jakob-bosshart-strasse-4-8424-embrach/1787030/,2026-05-17T01:44:53+00:00,37.5
1787834,"Madretschstrasse 42, 2503 Biel - CHF 1’200 inkl. NK pro Monat",1200,3.0,56.0,2503,Biel,Bern,Madretschstrasse 42,APARTMENT,47.13334280000001,7.25404413,https://flatfox.ch/de/wohnung/madretschstrasse-42-2503-biel/1787834/,2026-05-17T01:44:53+00:00,21.428571428571427
1788170,"Platanenweg 7, 4914 Roggwil BE - CHF 1’420 inkl. NK pro Monat",1420,3.0,65.0,4914,Roggwil BE,Bern,Platanenweg 7,APARTMENT,47.24511569,7.818068100000001,https://flatfox.ch/de/wohnung/platanenweg-7-4914-roggwil-be/1788170/,2026-05-17T01:44:53+00:00,21.846153846153847
1788175,"Lehenmattstr. 55, 4052 Basel - CHF 1’840 inkl. NK pro Monat",1840,3.0,67.0,4052,Basel,Basel-Stadt,Lehenmattstr. 55,APARTMENT,47.55408289,7.61395561,https://flatfox.ch/de/wohnung/lehenmattstr-55-4052-basel/1788175/,2026-05-17T01:44:53+00:00,27.46268656716418
1788239,"Zollhausstrasse 16, 2504 Biel/Bienne - CHF 2’495 inkl. NK pro Monat",2495,4.5,111.0,2504,Biel/Bienne,Bern,Zollhausstrasse 16,APARTMENT,47.15713428,7.27128898,https://flatfox.ch/de/wohnung/zollhausstrasse-16-2504-bielbienne/1788239/,2026-05-17T01:44:53+00:00,22.47747747747748
1788431,"Rue des Roncoz 39, 1906 Charrat - CHF 950",950,1.0,37.0,1906,Charrat,Valais,Rue des Roncoz 39,STUDIO,46.12480593,7.133850499999999,https://flatfox.ch/de/wohnung/rue-des-roncoz-39-1906-charrat/1788431/,2026-05-17T01:44:53+00:00,25.675675675675677
1788972,"Kanalweg 18, 4800 Zofingen - CHF 1’840 inkl. NK pro Monat",1840,4.5,97.0,4800,Zofingen,Aargau,Kanalweg 18,APARTMENT,47.28404975,7.9355992,https://flatfox.ch/de/wohnung/kanalweg-18-4800-zofingen/1788972/,2026-05-17T01:44:53+00:00,18.969072164948454
1790319,"Bahnhofstrasse 11, 3250 Lyss - CHF 1’890 inkl. NK pro Monat",1890,2.5,94.0,3250,Lyss,Bern,Bahnhofstrasse 11,APARTMENT,47.07591847,7.305867699999999,https://flatfox.ch/de/wohnung/bahnhofstrasse-11-3250-lyss/1790319/,2026-05-17T01:44:53+00:00,20.106382978723403
1790968,"Lerchenweg 22, 8302 Kloten - CHF 2’900",2900,3.5,91.0,8302,Kloten,Zurich,Lerchenweg 22,APARTMENT,47.44355886,8.58777025,https://flatfox.ch/de/wohnung/lerchenweg-22-8302-kloten/1790968/,2026-05-17T01:44:53+00:00,31.86813186813187
1791453,"Impasse du castel 8, 1700 Fribourg - CHF 835",835,1.0,24.0,1700,Fribourg,Fribourg,Impasse du castel 8,APARTMENT,46.81593248,7.174459300000001,https://flatfox.ch/de/wohnung/impasse-du-castel-8-1700-fribourg/1791453/,2026-05-17T01:44:53+00:00,34.791666666666664
1792515,"Brugghalden 6, 9300 Wittenbach - CHF 1’390",1390,3.5,80.0,9300,Wittenbach,St. Gallen,Brugghalden 6,APARTMENT,47.45126144,9.39804689,https://flatfox.ch/de/wohnung/brugghalden-6-9300-wittenbach/1792515/,2026-05-17T01:44:55+00:00,17.375
1796440,"Via dell'Indipendenza 10, 6826 Riva San Vitale - CHF 1’700",1700,2.5,62.0,6826,Riva San Vitale,Ticino,Via dell'Indipendenza 10,FURNISHED_FLAT,45.90465582,8.972882199999999,https://flatfox.ch/de/wohnung/via-dellindipendenza-10-6826-riva-san-vitale/1796440/,2026-05-17T01:44:55+00:00,27.419354838709676
1800132,"Dorfstrasse 60, 8302 Kloten - CHF 1’320",1320,1.0,30.0,8302,Kloten,Zurich,Dorfstrasse 60,APARTMENT,47.45168586,8.588922799999999,https://flatfox.ch/de/wohnung/dorfstrasse-60-8302-kloten/1800132/,2026-05-17T01:44:55+00:00,44.0
1802011,"Tiergartenstrasse 50c, 4410 Liestal - CHF 2’775 inkl. NK pro Monat",2775,3.5,92.0,4410,Liestal,Basel-Landschaft,Tiergartenstrasse 50c,ATTIC_FLAT,47.48155471,7.72243588,https://flatfox.ch/de/wohnung/tiergartenstrasse-50c-4410-liestal/1802011/,2026-05-17T01:44:55+00:00,30.16304347826087
1804106,"Via Carlo Pereda, 6828 Balerna - CHF 1’700",1700,4.5,155.0,6828,Balerna,Ticino,Via Carlo Pereda,FURNISHED_FLAT,45.84071759,9.01674144,https://flatfox.ch/de/wohnung/via-carlo-pereda-6828-balerna/1804106/,2026-05-17T01:44:56+00:00,10.96774193548387
1815231,"Aubrigstrasse 23a, 8800 Thalwil - CHF 3’350 inkl. NK pro Monat",3350,3.5,107.0,8800,Thalwil,Zurich,Aubrigstrasse 23a,APARTMENT,47.28694525,8.56736723,https://flatfox.ch/de/wohnung/aubrigstrasse-23a-8800-thalwil/1815231/,2026-05-17T01:45:05+00:00,31.30841121495327
1815968,"Eichelackerstrasse 20, 8106 Regensdorf - CHF 4’490",4490,4.5,136.0,8106,Regensdorf,Zurich,Eichelackerstrasse 20,ATTIC_FLAT,47.45451891,8.45973816,https://flatfox.ch/de/wohnung/eichelackerstrasse-20-8106-regensdorf/1815968/,2026-05-17T01:45:05+00:00,33.01470588235294
1819842,"Langgasse 125, 9008 St. Gallen - CHF 1’510 inkl. NK pro Monat",1510,2.0,46.0,9008,St. Gallen,St. Gallen,Langgasse 125,APARTMENT,47.44323553,9.3951647,https://flatfox.ch/de/wohnung/langgasse-125-9008-st-gallen/1819842/,2026-05-17T01:45:05+00:00,32.82608695652174
1819864,"Rue du Nord 174, 2300 La Chaux-de-Fonds - CHF 930",930,3.0,79.0,2300,La Chaux-de-Fonds,Neuchâtel,Rue du Nord 174,APARTMENT,47.10126942,6.818227100000001,https://flatfox.ch/de/wohnung/rue-du-nord-174-2300-la-chaux-de-fonds/1819864/,2026-05-17T01:45:05+00:00,11.772151898734178
1820171,"Chemin des Malpierre 9, 2088 Cressier - CHF 2’038 inkl. NK pro Monat",2038,4.5,89.0,2088,Cressier,Neuchâtel,Chemin des Malpierre 9,APARTMENT,47.04545171,7.02816824,https://flatfox.ch/de/wohnung/chemin-des-malpierre-9-2088-cressier/1820171/,2026-05-17T01:45:05+00:00,22.89887640449438
1822203,"Linsebühlstr. 35, 9000 St. Gallen - CHF 1’270 inkl. NK pro Monat",1270,3.0,47.0,9000,St. Gallen,St. Gallen,Linsebühlstr. 35,APARTMENT,47.42462595,9.38189531,https://flatfox.ch/de/wohnung/linsebuhlstr-35-9000-st-gallen/1822203/,2026-05-17T01:45:06+00:00,27.02127659574468
1826074,"Rue Industrielle 86, 2740 Moutier - CHF 760",760,2.5,55.0,2740,Moutier,Bern,Rue Industrielle 86,APARTMENT,47.27234481,7.362559999999998,https://flatfox.ch/de/wohnung/rue-industrielle-86-2740-moutier/1826074/,2026-05-17T01:45:06+00:00,13.818181818181818
1832539,"Avenue du Léman 34, 1005 Lausanne - CHF 4’842 inkl. NK pro Monat",4842,5.0,170.0,1005,Lausanne,Vaud,Avenue du Léman 34,APARTMENT,46.51551238,6.649067500000002,https://flatfox.ch/de/wohnung/avenue-du-leman-34-1005-lausanne/1832539/,2026-05-17T01:45:06+00:00,28.48235294117647
1836959,"Route de Sion 95, 3960 Sierre - CHF 1’530",1530,4.0,86.0,3960,Sierre,Valais,Route de Sion 95,APARTMENT,46.28333122,7.51691946,https://flatfox.ch/de/wohnung/route-de-sion-95-3960-sierre/1836959/,2026-05-17T01:45:06+00:00,17.790697674418606
1838939,"Avenue C.-F. Ramuz 95, 1009 Pully - CHF 3’100 inkl. NK pro Monat",3100,3.5,115.0,1009,Pully,Vaud,Avenue C.-F. Ramuz 95,APARTMENT,46.5131121,6.65965711,https://flatfox.ch/de/wohnung/avenue-c-f-ramuz-95-1009-pully/1838939/,2026-05-17T01:45:06+00:00,26.956521739130434
1842062,"Loostrasse 7, 8803 Rüschlikon - CHF 4’990 inkl. NK pro Monat",4990,5.5,110.0,8803,Rüschlikon,Zurich,Loostrasse 7,APARTMENT,47.30640061,8.5442771,https://flatfox.ch/de/wohnung/loostrasse-7-8803-ruschlikon/1842062/,2026-05-17T01:45:08+00:00,45.36363636363637
1842267,"Rue du - Juin 70 70B 23-juin, 2905 Courtedoux - CHF 1’380 inkl. NK pro Monat",1380,4.0,98.0,2905,Courtedoux,Jura,Rue du - Juin 70 70B 23-juin,APARTMENT,47.4097469,7.04389886,https://flatfox.ch/de/wohnung/rue-du-juin-70-70b-23-juin-2905-courtedoux/1842267/,2026-05-17T01:45:08+00:00,14.081632653061224
1846428,"Hauptstrasse 16, 4431 Bennwil - CHF 1’790 inkl. NK pro Monat",1790,4.5,97.0,4431,Bennwil,Basel-Landschaft,Hauptstrasse 16,APARTMENT,47.40689,7.7847012000000015,https://flatfox.ch/de/wohnung/hauptstrasse-16-4431-bennwil/1846428/,2026-05-17T01:45:08+00:00,18.45360824742268
1847874,"Rue de Champréveyres 7, 2000 Neuchâtel - CHF 3’070 inkl. NK pro Monat",3070,5.5,120.0,2000,Neuchâtel,Neuchâtel,Rue de Champréveyres 7,ATTIC_FLAT,47.00579488,6.96198385,https://flatfox.ch/de/wohnung/rue-de-champreveyres-7-2000-neuchatel/1847874/,2026-05-17T01:45:08+00:00,25.583333333333332
1848432,6907 MASSAGNO - CHF 3’000,3000,3.5,75.0,6907,MASSAGNO,Ticino,,APARTMENT,46.01302923258727,8.941744683385254,https://flatfox.ch/de/wohnung/6907-massagno/1848432/,2026-05-17T01:45:08+00:00,40.0
1848590,"Route de Châtel-Saint-Denis 73, 1807 Blonay - CHF 3’450",3450,5.5,115.0,1807,Blonay,Vaud,Route de Châtel-Saint-Denis 73,APARTMENT,46.47557021,6.893720399999999,https://flatfox.ch/de/wohnung/route-de-chatel-saint-denis-73-1807-blonay/1848590/,2026-05-17T01:45:08+00:00,30.0
1848636,6855 Stabio - CHF 1’100,1100,4.5,100.0,6855,Stabio,Ticino,,APARTMENT,45.847625021621845,8.935163101680862,https://flatfox.ch/de/wohnung/6855-stabio/1848636/,2026-05-17T01:45:08+00:00,11.0
1850484,"Oelegasse 60, 3210 Kerzers - CHF 2’650",2650,5.5,195.0,3210,Kerzers,Fribourg,Oelegasse 60,APARTMENT,46.97274721,7.20872079,https://flatfox.ch/de/wohnung/oelegasse-60-3210-kerzers/1850484/,2026-05-17T01:45:08+00:00,13.58974358974359
1850902,"via Alle Zocche, 6833 Vacallo - CHF 1’400",1400,2.5,50.0,6833,Vacallo,Ticino,via Alle Zocche,APARTMENT,45.84238754,9.03442265,https://flatfox.ch/de/wohnung/via-alle-zocche-6833-vacallo/1850902/,2026-05-17T01:45:08+00:00,28.0
1852037,"Bahnhofstrasse 172, 6423 Schwyz - CHF 1’140",1140,1.0,24.0,6423,Schwyz,Schwyz,Bahnhofstrasse 172,FURNISHED_FLAT,47.0293085,8.630026599999999,https://flatfox.ch/de/wohnung/bahnhofstrasse-172-6423-schwyz/1852037/,2026-05-17T01:45:10+00:00,47.5
1852135,"Via Soldini 25, 6830 Chiasso - CHF 1’100",1100,3.0,85.0,6830,Chiasso,Ticino,Via Soldini 25,APARTMENT,45.83394125,9.02284869,https://flatfox.ch/de/wohnung/via-soldini-25-6830-chiasso/1852135/,2026-05-17T01:45:10+00:00,12.941176470588236
1852868,"Hauptstrasse 1, 7240 Küblis - CHF 1’050",1050,1.0,23.0,7240,Küblis,Graubünden,Hauptstrasse 1,APARTMENT,46.91365931,9.76970955,https://flatfox.ch/de/wohnung/hauptstrasse-1-7240-kublis/1852868/,2026-05-17T01:45:10+00:00,45.65217391304348
1857161,"Spisergasse 10, 9000 St. Gallen - CHF 2’460 inkl. NK pro Monat",2460,3.0,80.0,9000,St. Gallen,St. Gallen,Spisergasse 10,APARTMENT,47.42479632,9.37722151,https://flatfox.ch/de/wohnung/spisergasse-10-9000-st-gallen/1857161/,2026-05-17T01:45:10+00:00,30.75
1859303,"Weihernstrasse 7, 4533 Riedholz - CHF 1’290",1290,3.5,72.0,4533,Riedholz,Solothurn,Weihernstrasse 7,APARTMENT,47.2287698,7.56253196,https://flatfox.ch/de/wohnung/weihernstrasse-7-4533-riedholz/1859303/,2026-05-17T01:45:10+00:00,17.916666666666668
1861152,"Rue du Nord 174, 2300 La Chaux-de-Fonds - CHF 1’070",1070,3.5,82.0,2300,La Chaux-de-Fonds,Neuchâtel,Rue du Nord 174,APARTMENT,47.10126942,6.818227100000001,https://flatfox.ch/de/wohnung/rue-du-nord-174-2300-la-chaux-de-fonds/1861152/,2026-05-17T01:45:12+00:00,13.048780487804878
1862823,"Lerchenweg 34, 8302 Kloten - CHF 2’380",2380,2.5,71.0,8302,Kloten,Zurich,Lerchenweg 34,APARTMENT,47.44341243,8.58876585,https://flatfox.ch/de/wohnung/lerchenweg-34-8302-kloten/1862823/,2026-05-17T01:45:12+00:00,33.521126760563384
1864637,"Karl Mathystrasse 44, 2540 Grenchen - CHF 850",850,2.0,42.0,2540,Grenchen,Solothurn,Karl Mathystrasse 44,APARTMENT,47.18745998,7.3802643,https://flatfox.ch/de/wohnung/karl-mathystrasse-44-2540-grenchen/1864637/,2026-05-17T01:45:12+00:00,20.238095238095237
1865284,"Impasse des Chênes 5, 1720 Corminboeuf - CHF 1’490 inkl. NK pro Monat",1490,3.5,80.0,1720,Corminboeuf,Fribourg,Impasse des Chênes 5,APARTMENT,46.80836521,7.10812113,https://flatfox.ch/de/wohnung/impasse-des-chenes-5-1720-corminboeuf/1865284/,2026-05-17T01:45:12+00:00,18.625
1865301,"Zwickystrasse 32, 8304 Wallisellen - CHF 2’680 inkl. NK pro Monat",2680,3.5,105.0,8304,Wallisellen,Zurich,Zwickystrasse 32,APARTMENT,47.40498820000002,8.60149323,https://flatfox.ch/de/wohnung/zwickystrasse-32-8304-wallisellen/1865301/,2026-05-17T01:45:12+00:00,25.523809523809526
1865432,"Via dell'Indipendenza 10, 6826 Riva San Vitale - CHF 1’160",1160,1.5,32.0,6826,Riva San Vitale,Ticino,Via dell'Indipendenza 10,FURNISHED_FLAT,45.90465582,8.972882199999999,https://flatfox.ch/de/wohnung/via-dellindipendenza-10-6826-riva-san-vitale/1865432/,2026-05-17T01:45:12+00:00,36.25
1866636,"Via Cantonale 37, 6705 Cresciano - CHF 1’500",1500,4.5,97.0,6705,Cresciano,Ticino,Via Cantonale 37,APARTMENT,46.2774273,9.0086048,https://flatfox.ch/de/wohnung/via-cantonale-37-6705-cresciano/1866636/,2026-05-17T01:45:12+00:00,15.463917525773196
1870092,"Wyttenbachstrasse 27, 3013 Bern - CHF 1’455 inkl. NK pro Monat",1455,3.0,83.0,3013,Bern,Bern,Wyttenbachstrasse 27,APARTMENT,46.955777900000015,7.44784157,https://flatfox.ch/de/wohnung/wyttenbachstrasse-27-3013-bern/1870092/,2026-05-17T01:45:12+00:00,17.53012048192771
1871761,"Untere Schwandenstrasse 21, 8805 Richterswil - CHF 2’670 inkl. NK pro Monat",2670,3.5,81.0,8805,Richterswil,Zurich,Untere Schwandenstrasse 21,APARTMENT,47.20641655,8.68834625,https://flatfox.ch/de/wohnung/untere-schwandenstrasse-21-8805-richterswil/1871761/,2026-05-17T01:45:13+00:00,32.96296296296296
1873901,"Bernstrasse 65/67, 3303 Jegenstorf - CHF 2’735 inkl. NK pro Monat",2735,4.5,116.0,3303,Jegenstorf,Bern,Bernstrasse 65/67,APARTMENT,47.04317323,7.50489489,https://flatfox.ch/de/wohnung/bernstrasse-6567-3303-jegenstorf/1873901/,2026-05-17T01:45:13+00:00,23.57758620689655
1874771,"Via Carlo Pereda 16, 6828 Balerna - CHF 1’900",1900,4.5,140.0,6828,Balerna,Ticino,Via Carlo Pereda 16,APARTMENT,45.84032196,9.0168721,https://flatfox.ch/de/wohnung/via-carlo-pereda-16-6828-balerna/1874771/,2026-05-17T01:45:13+00:00,13.571428571428571
1874831,"Oetlingerstrasse 2, 4057 Basel - CHF 5’563",5563,4.5,131.0,4057,Basel,Basel-Stadt,Oetlingerstrasse 2,APARTMENT,47.56719159,7.587047699999999,https://flatfox.ch/de/wohnung/oetlingerstrasse-2-4057-basel/1874831/,2026-05-17T01:45:13+00:00,42.465648854961835
1874832,"Oetlingerstrasse 2, 4057 Basel - CHF 7’307",7307,5.5,180.0,4057,Basel,Basel-Stadt,Oetlingerstrasse 2,APARTMENT,47.56719159,7.587047699999999,https://flatfox.ch/de/wohnung/oetlingerstrasse-2-4057-basel/1874832/,2026-05-17T01:45:13+00:00,40.59444444444444
1875315,"Avenue Jean-Gambach 16, 1700 FRIBOURG - CHF 2’450",2450,3.5,106.0,1700,FRIBOURG,Fribourg,Avenue Jean-Gambach 16,APARTMENT,46.80452335,7.1482377,https://flatfox.ch/de/wohnung/avenue-jean-gambach-16-1700-fribourg/1875315/,2026-05-17T01:45:13+00:00,23.11320754716981
1876567,"Route du Raya 3, 2400 Le Locle - CHF 920",920,3.0,67.0,2400,Le Locle,Neuchâtel,Route du Raya 3,APARTMENT,47.06197392,6.75439578,https://flatfox.ch/de/wohnung/route-du-raya-3-2400-le-locle/1876567/,2026-05-17T01:45:13+00:00,13.73134328358209
1877173,"Breitenweg 24B, 5703 Seon - CHF 2’023 inkl. NK pro Monat",2023,3.5,90.0,5703,Seon,Aargau,Breitenweg 24B,APARTMENT,47.35484524,8.162341999999999,https://flatfox.ch/de/wohnung/breitenweg-24b-5703-seon/1877173/,2026-05-17T01:45:13+00:00,22.477777777777778
1878598,"Rue des Ruaux 3, 2603 Péry - CHF 1’118 inkl. NK pro Monat",1118,3.5,74.0,2603,Péry,Bern,Rue des Ruaux 3,APARTMENT,47.1928094,7.24484287,https://flatfox.ch/de/wohnung/rue-des-ruaux-3-2603-pery/1878598/,2026-05-17T01:45:13+00:00,15.108108108108109
1879273,"ch. de la Tourelle 6, 1209 Genève - CHF 4’530 inkl. NK pro Monat",4530,5.0,127.0,1209,Genève,Geneva,ch. de la Tourelle 6,APARTMENT,46.22387839,6.12547697,https://flatfox.ch/de/wohnung/ch-de-la-tourelle-6-1209-geneve/1879273/,2026-05-17T01:45:13+00:00,35.669291338582674
1882623,"Place de la Gare 5, 1700 Fribourg - CHF 2’590 inkl. NK pro Monat",2590,3.0,125.0,1700,Fribourg,Fribourg,Place de la Gare 5,APARTMENT,46.8033633,7.151880599999999,https://flatfox.ch/de/wohnung/place-de-la-gare-5-1700-fribourg/1882623/,2026-05-17T01:45:17+00:00,20.72
1884091,"Maggenbergstrasse 3, 1712 Tafers - CHF 1’540 inkl. NK pro Monat",1540,3.5,80.0,1712,Tafers,Fribourg,Maggenbergstrasse 3,APARTMENT,46.81575068,7.2265889,https://flatfox.ch/de/wohnung/maggenbergstrasse-3-1712-tafers/1884091/,2026-05-17T01:45:17+00:00,19.25
1885161,"Nidaugasse 8, 2502 Biel/Bienne - CHF 2’400",2400,2.5,75.0,2502,Biel/Bienne,Bern,Nidaugasse 8,FURNISHED_FLAT,47.1401717,7.2454988,https://flatfox.ch/de/wohnung/nidaugasse-8-2502-bielbienne/1885161/,2026-05-17T01:45:17+00:00,32.0
1885195,"Nidaugasse 8, 2502 Biel/Bienne - CHF 3’100",3100,3.5,126.0,2502,Biel/Bienne,Bern,Nidaugasse 8,FURNISHED_FLAT,47.1401717,7.2454988,https://flatfox.ch/de/wohnung/nidaugasse-8-2502-bielbienne/1885195/,2026-05-17T01:45:17+00:00,24.603174603174605
1887567,"Marsstrasse 19, 4123 Allschwil - CHF 1’805 inkl. NK pro Monat",1805,3.0,82.0,4123,Allschwil,Basel-Landschaft,Marsstrasse 19,APARTMENT,47.5575922,7.55528578,https://flatfox.ch/de/wohnung/marsstrasse-19-4123-allschwil/1887567/,2026-05-17T01:45:17+00:00,22.01219512195122
1888797,"Wytweidweg 7, 4710 Balsthal - CHF 1’350 inkl. NK pro Monat",1350,3.5,70.0,4710,Balsthal,Solothurn,Wytweidweg 7,APARTMENT,47.31858482,7.70334152,https://flatfox.ch/de/wohnung/wytweidweg-7-4710-balsthal/1888797/,2026-05-17T01:45:17+00:00,19.285714285714285
1891779,"Allschwilerstr. 12, 4142 Münchenstein - CHF 2’030 inkl. NK pro Monat",2030,4.0,100.0,4142,Münchenstein,Basel-Landschaft,Allschwilerstr. 12,APARTMENT,47.52517966,7.60744926,https://flatfox.ch/de/wohnung/allschwilerstr-12-4142-munchenstein/1891779/,2026-05-17T01:45:17+00:00,20.3
1892426,"Neumattstrasse 26, 4657 Dulliken - CHF 1’450",1450,4.0,85.0,4657,Dulliken,Solothurn,Neumattstrasse 26,APARTMENT,47.35387153,7.94014531,https://flatfox.ch/de/wohnung/neumattstrasse-26-4657-dulliken/1892426/,2026-05-17T01:45:17+00:00,17.058823529411764
1892429,"Madretschstrasse 122, 2503 Biel/Bienne - CHF 1’030",1030,2.0,45.0,2503,Biel/Bienne,Bern,Madretschstrasse 122,APARTMENT,47.13679818,7.25865953,https://flatfox.ch/de/wohnung/madretschstrasse-122-2503-bielbienne/1892429/,2026-05-17T01:45:17+00:00,22.88888888888889
1892443,"Feldbergstrasse 23, 4057 Basel - CHF 1’420",1420,2.0,63.0,4057,Basel,Basel-Stadt,Feldbergstrasse 23,APARTMENT,47.56592815,7.5886496,https://flatfox.ch/de/wohnung/feldbergstrasse-23-4057-basel/1892443/,2026-05-17T01:45:17+00:00,22.53968253968254
1892472,"Steinenring 25, 4051 Basel - CHF 2’490 inkl. NK pro Monat",2490,2.5,85.0,4051,Basel,Basel-Stadt,Steinenring 25,APARTMENT,47.55180417,7.57934058,https://flatfox.ch/de/wohnung/steinenring-25-4051-basel/1892472/,2026-05-17T01:45:17+00:00,29.294117647058822
1892995,"Avenue de la Gare 7, 1700 Fribourg - CHF 2’390 inkl. NK pro Monat",2390,3.0,126.0,1700,Fribourg,Fribourg,Avenue de la Gare 7,APARTMENT,46.80348579,7.15225262,https://flatfox.ch/de/wohnung/avenue-de-la-gare-7-1700-fribourg/1892995/,2026-05-17T01:45:17+00:00,18.96825396825397
1894236,"Grand-Rue 145, 2720 Tramelan - CHF 1’320",1320,3.5,70.0,2720,Tramelan,Bern,Grand-Rue 145,ROOF_FLAT,47.22304864,7.10052948,https://flatfox.ch/de/wohnung/grand-rue-145-2720-tramelan/1894236/,2026-05-17T01:45:17+00:00,18.857142857142858
1896189,"Via Vincenzo D'Alberti 10, 6830 Chiasso - CHF 1’200",1200,4.5,100.0,6830,Chiasso,Ticino,Via Vincenzo D'Alberti 10,APARTMENT,45.83613531,9.02319599,https://flatfox.ch/de/wohnung/via-vincenzo-dalberti-10-6830-chiasso/1896189/,2026-05-17T01:45:17+00:00,12.0
1898717,"Hauptstrasse 15/links, 1716 Plaffeien - CHF 1’310 inkl. NK pro Monat",1310,4.5,82.0,1716,Plaffeien,Fribourg,Hauptstrasse 15/links,APARTMENT,46.7423524,7.287155800000002,https://flatfox.ch/de/wohnung/hauptstrasse-15links-1716-plaffeien/1898717/,2026-05-17T01:45:18+00:00,15.975609756097562
1899252,"Rüttenenstrasse 34, 4513 Langendorf - CHF 1’500",1500,4.5,80.0,4513,Langendorf,Solothurn,Rüttenenstrasse 34,APARTMENT,47.2225961,7.51917438,https://flatfox.ch/de/wohnung/ruttenenstrasse-34-4513-langendorf/1899252/,2026-05-17T01:45:18+00:00,18.75
1900034,"Rue des Frères-Lumière 33, 1723 Marly - CHF 2’190 inkl. NK pro Monat",2190,4.5,103.0,1723,Marly,Fribourg,Rue des Frères-Lumière 33,APARTMENT,46.77519942,7.156772900000001,https://flatfox.ch/de/wohnung/rue-des-freres-lumiere-33-1723-marly/1900034/,2026-05-17T01:45:18+00:00,21.262135922330096
1900228,"Helvétie 79, 2300 La Chaux-de-Fonds - CHF 1’550 inkl. NK pro Monat",1550,4.5,88.0,2300,La Chaux-de-Fonds,Neuchâtel,Helvétie 79,APARTMENT,47.08996942,6.818418899999999,https://flatfox.ch/de/wohnung/helvetie-79-2300-la-chaux-de-fonds/1900228/,2026-05-17T01:45:18+00:00,17.613636363636363
1901309,6900 Lugano - CHF 2’325,2325,4.5,177.0,6900,Lugano,Ticino,,APARTMENT,46.00938092095584,8.950875845193524,https://flatfox.ch/de/wohnung/6900-lugano/1901309/,2026-05-17T01:45:18+00:00,13.135593220338983
1902012,"Glärnischstrasse 157, 8708 Männedorf - CHF 3’690 inkl. NK pro Monat",3690,5.0,123.0,8708,Männedorf,Zurich,Glärnischstrasse 157,APARTMENT,47.25828057,8.69265395,https://flatfox.ch/de/wohnung/glarnischstrasse-157-8708-mannedorf/1902012/,2026-05-17T01:45:18+00:00,30.0
1902964,"Zürichstrasse 13, 4665 Oftringen - CHF 2’160 inkl. NK pro Monat",2160,3.5,96.0,4665,Oftringen,Aargau,Zürichstrasse 13,APARTMENT,47.3129615,7.921951699999999,https://flatfox.ch/de/wohnung/zurichstrasse-13-4665-oftringen/1902964/,2026-05-17T01:45:18+00:00,22.5
1907618,"francesco chiesa, 6850 Mendrisio - CHF 1’100",1100,3.5,80.0,6850,Mendrisio,Ticino,francesco chiesa,APARTMENT,45.86384167,8.97961162,https://flatfox.ch/de/wohnung/francesco-chiesa-6850-mendrisio/1907618/,2026-05-17T01:45:18+00:00,13.75
1907900,"Spielhofweg 2, 2545 Selzach - CHF 1’995 inkl. NK pro Monat",1995,3.5,109.0,2545,Selzach,Solothurn,Spielhofweg 2,APARTMENT,47.20676512,7.45353074,https://flatfox.ch/de/wohnung/spielhofweg-2-2545-selzach/1907900/,2026-05-17T01:45:20+00:00,18.30275229357798
2185294,9030 Abtwil SG - CHF 2’450 inkl. NK pro Monat,2450,4.0,120.0,9030,Abtwil SG,St. Gallen,,FURNISHED_FLAT,47.41920400118472,9.314621321486324,https://flatfox.ch/de/wohnung/9030-abtwil-sg/2185294/,2026-05-17T01:45:20+00:00,20.416666666666668
3440589,"Tschäpperliring 6, 4153 Reinach - CHF 1’830 inkl. NK pro Monat",1830,4.0,76.0,4153,Reinach,Basel-Landschaft,Tschäpperliring 6,APARTMENT,47.4895099,7.59313983,https://flatfox.ch/de/wohnung/tschapperliring-6-4153-reinach/3440589/,2026-05-17T01:45:20+00:00,24.07894736842105
3566602,"Schalbergstrasse 4, 4153 Reinach - CHF 1’900 inkl. NK pro Monat",1900,3.5,81.0,4153,Reinach,Basel-Landschaft,Schalbergstrasse 4,APARTMENT,47.48910364,7.593610699999999,https://flatfox.ch/de/wohnung/schalbergstrasse-4-4153-reinach/3566602/,2026-05-17T01:45:20+00:00,23.45679012345679
3937724,"Corso San Gottardo 25, 6830 Chiasso - CHF 1’020 inkl. NK pro Monat",1020,2.5,54.0,6830,Chiasso,Ticino,Corso San Gottardo 25,APARTMENT,45.83295116,9.03173998,https://flatfox.ch/de/wohnung/corso-san-gottardo-25-6830-chiasso/3937724/,2026-05-17T01:45:20+00:00,18.88888888888889
3959986,"Furkastr. 38, 3900 Brig - CHF 1’990 inkl. NK pro Monat",1990,4.5,129.0,3900,Brig,Valais,Furkastr. 38,APARTMENT,46.31981987,7.984078299999998,https://flatfox.ch/de/wohnung/furkastr-38-3900-brig/3959986/,2026-05-17T01:45:20+00:00,15.426356589147288
8478308,"Rue de Champréveyres 9, 2000 Neuchâtel - CHF 1’550 inkl. NK pro Monat",1550,3.0,72.0,2000,Neuchâtel,Neuchâtel,Rue de Champréveyres 9,APARTMENT,47.00590351,6.962181,https://flatfox.ch/de/wohnung/rue-de-champreveyres-9-2000-neuchatel/8478308/,2026-05-17T01:45:20+00:00,21.52777777777778
11790945,"Steinenvorstadt 19, 4051 Basel - CHF 1’760 inkl. NK pro Monat",1760,2.0,67.0,4051,Basel,Basel-Stadt,Steinenvorstadt 19,APARTMENT,47.55334986,7.58903692,https://flatfox.ch/de/wohnung/steinenvorstadt-19-4051-basel/11790945/,2026-05-17T01:45:20+00:00,26.26865671641791
20526628,"Bahnhofstrasse 23, 3066 Stettlen - CHF 1’710 inkl. NK pro Monat",1710,4.5,84.0,3066,Stettlen,Bern,Bahnhofstrasse 23,APARTMENT,46.95726678,7.52486784,https://flatfox.ch/de/wohnung/bahnhofstrasse-23-3066-stettlen/20526628/,2026-05-17T01:45:20+00:00,20.357142857142858
21711568,"La Lignière 25, 2735 Malleray-Bévilard - CHF 1’450 inkl. NK pro Monat",1450,4.5,111.0,2735,Malleray-Bévilard,Bern,La Lignière 25,APARTMENT,47.2371727,7.274678700000002,https://flatfox.ch/de/wohnung/la-ligniere-25-2735-malleray-bevilard/21711568/,2026-05-17T01:45:20+00:00,13.063063063063064
23051051,"Dättlikonerstrasse 3c, 8422 Pfungen - CHF 1’670 inkl. NK pro Monat",1670,3.5,72.0,8422,Pfungen,Zurich,Dättlikonerstrasse 3c,APARTMENT,47.5178244,8.63787584,https://flatfox.ch/de/wohnung/dattlikonerstrasse-3c-8422-pfungen/23051051/,2026-05-17T01:45:20+00:00,23.194444444444443
25046501,"A Corcelles-le-Jorat, 1082 Corcelles-le-Jorat - CHF 1’950",1950,2.5,73.0,1082,Corcelles-le-Jorat,Vaud,A Corcelles-le-Jorat,FURNISHED_FLAT,46.60745190000001,6.742519499999999,https://flatfox.ch/de/wohnung/a-corcelles-le-jorat-1082-corcelles-le-jorat/25046501/,2026-05-17T01:45:22+00:00,26.71232876712329
26644008,"Pfeidstrasse 8, 2555 Brügg BE - CHF 1’100",1100,2.5,63.0,2555,Brügg BE,Bern,Pfeidstrasse 8,APARTMENT,47.12256451,7.27686031,https://flatfox.ch/de/wohnung/pfeidstrasse-8-2555-brugg-be/26644008/,2026-05-17T01:45:22+00:00,17.46031746031746
29450680,"via alla Roggia, 6900 Lugano - CHF 6’000",6000,4.5,200.0,6900,Lugano,Ticino,via alla Roggia,APARTMENT,46.01047224,8.96460645,https://flatfox.ch/de/wohnung/via-alla-roggia-6900-lugano/29450680/,2026-05-17T01:45:22+00:00,30.0
51368529,"Rue de la Farrère 21, 2830 Courrendlin - CHF 1’170",1170,3.5,86.0,2830,Courrendlin,Jura,Rue de la Farrère 21,APARTMENT,47.3414281,7.36872437,https://flatfox.ch/de/wohnung/rue-de-la-farrere-21-2830-courrendlin/51368529/,2026-05-17T01:45:22+00:00,13.604651162790697
53248418,"Rue de la Croix-Fédérale 23, 2300 La Chaux-de-Fonds - CHF 1’330",1330,3.5,75.0,2300,La Chaux-de-Fonds,Neuchâtel,Rue de la Croix-Fédérale 23,APARTMENT,47.10577823,6.84024228,https://flatfox.ch/de/wohnung/rue-de-la-croix-federale-23-2300-la-chaux-de-fonds/53248418/,2026-05-17T01:45:22+00:00,17.733333333333334
61364753,8132 Egg b. Zürich - CHF 4’740 inkl. NK pro Monat,4740,5.0,110.0,8132,Egg b. Zürich,Zurich,,FURNISHED_FLAT,47.29835201426018,8.689851054371848,https://flatfox.ch/de/wohnung/8132-egg-b-zurich/61364753/,2026-05-17T01:45:22+00:00,43.09090909090909
61367525,"Via Emilio Bossi 12 A, 6830 Chiasso - CHF 1’400",1400,3.5,82.0,6830,Chiasso,Ticino,Via Emilio Bossi 12 A,APARTMENT,45.83470889,9.03134623,https://flatfox.ch/de/wohnung/via-emilio-bossi-12-a-6830-chiasso/61367525/,2026-05-17T01:45:23+00:00,17.073170731707318
61394078,"Hauptstrasse 8, 9030 Abtwil - CHF 2’125 inkl. NK pro Monat",2125,5.5,137.0,9030,Abtwil,St. Gallen,Hauptstrasse 8,DUPLEX,47.42122734,9.31621812,https://flatfox.ch/de/wohnung/hauptstrasse-8-9030-abtwil/61394078/,2026-05-17T01:45:23+00:00,15.510948905109489
65010488,6900 Paradiso - CHF 1’800,1800,3.5,73.0,6900,Paradiso,Ticino,,FURNISHED_FLAT,45.990668049695,8.945182203868699,https://flatfox.ch/de/wohnung/6900-paradiso/65010488/,2026-05-17T01:45:23+00:00,24.65753424657534
68143963,"Dörnliweg 22, 4125 Riehen - CHF 2’110 inkl. NK pro Monat",2110,3.0,83.0,4125,Riehen,Basel-Stadt,Dörnliweg 22,APARTMENT,47.574266,7.649314200000001,https://flatfox.ch/de/wohnung/dornliweg-22-4125-riehen/68143963/,2026-05-17T01:45:25+00:00,25.42168674698795
68144598,6500 Bellinzona - CHF 1’510,1510,2.5,105.0,6500,Bellinzona,Ticino,,APARTMENT,46.19381667474315,9.023754401533914,https://flatfox.ch/de/wohnung/6500-bellinzona/68144598/,2026-05-17T01:45:25+00:00,14.380952380952381
68147019,"Usterstrasse 82, 8600 Dübendorf - CHF 3’830 inkl. NK pro Monat",3830,4.5,110.0,8600,Dübendorf,Zurich,Usterstrasse 82,ATTIC_FLAT,47.39624377,8.62839146,https://flatfox.ch/de/wohnung/usterstrasse-82-8600-dubendorf/68147019/,2026-05-17T01:45:25+00:00,34.81818181818182
68147906,"Promenade 19, 2300 La Chaux-de-Fonds - CHF 1’200",1200,4.5,101.0,2300,La Chaux-de-Fonds,Neuchâtel,Promenade 19,APARTMENT,47.1176783,6.84056677,https://flatfox.ch/de/wohnung/promenade-19-2300-la-chaux-de-fonds/68147906/,2026-05-17T01:45:25+00:00,11.881188118811881
68148348,"Via dei Faggi 27, 6912 Pazzallo - CHF 2’520",2520,5.5,132.0,6912,Pazzallo,Ticino,Via dei Faggi 27,APARTMENT,45.98448729,8.938473000000002,https://flatfox.ch/de/wohnung/via-dei-faggi-27-6912-pazzallo/68148348/,2026-05-17T01:45:25+00:00,19.09090909090909
68148509,"Bottmingerstr. 9, 4102 Binningen - CHF 3’450 inkl. NK pro Monat",3450,4.5,143.0,4102,Binningen,Basel-Landschaft,Bottmingerstr. 9,APARTMENT,47.53627639,7.57585493,https://flatfox.ch/de/wohnung/bottmingerstr-9-4102-binningen/68148509/,2026-05-17T01:45:27+00:00,24.125874125874127
68149193,"Kändlenstrasse 9, 2543 Lengnau BE - CHF 1’150 inkl. NK pro Monat",1150,3.0,68.0,2543,Lengnau BE,Bern,Kändlenstrasse 9,APARTMENT,47.18090685,7.365808299999999,https://flatfox.ch/de/wohnung/kandlenstrasse-9-2543-lengnau-be/68149193/,2026-05-17T01:45:27+00:00,16.91176470588235
68149401,1800 Vevey - CHF 3’700 inkl. NK pro Monat,3700,3.5,99.0,1800,Vevey,Vaud,,FURNISHED_FLAT,46.463311199806846,6.847881846291064,https://flatfox.ch/de/wohnung/1800-vevey/68149401/,2026-05-17T01:45:27+00:00,37.37373737373738
68150301,"Brüggstrasse 68, 2503 Biel/Bienne - CHF 1’300",1300,3.5,60.0,2503,Biel/Bienne,Bern,Brüggstrasse 68,APARTMENT,47.1290027,7.254918300000001,https://flatfox.ch/de/wohnung/bruggstrasse-68-2503-bielbienne/68150301/,2026-05-17T01:45:27+00:00,21.666666666666668
68150339,"Badenerstrasse 423a, 8003 Zürich - CHF 3’020 inkl. NK pro Monat",3020,1.5,75.0,8003,Zürich,Zurich,Badenerstrasse 423a,LOFT,47.38006479,8.505718600000003,https://flatfox.ch/de/wohnung/badenerstrasse-423a-8003-zurich/68150339/,2026-05-17T01:45:27+00:00,40.266666666666666
68651445,"Via Stefano Franscini 18, 6830 Chiasso - CHF 1’200",1200,2.5,70.0,6830,Chiasso,Ticino,Via Stefano Franscini 18,APARTMENT,45.83588261,9.03106489,https://flatfox.ch/de/wohnung/via-stefano-franscini-18-6830-chiasso/68651445/,2026-05-17T01:45:27+00:00,17.142857142857142
69577889,"Les Grands Champs 52, 1483 Montets - CHF 2’180 inkl. NK pro Monat",2180,5.5,149.0,1483,Montets,Fribourg,Les Grands Champs 52,APARTMENT,46.817354,6.8682029,https://flatfox.ch/de/wohnung/les-grands-champs-52-1483-montets/69577889/,2026-05-17T01:45:27+00:00,14.630872483221477
72218399,"Margrit Rainer - Str. 15, 8050 Zürich - CHF 3’940 inkl. NK pro Monat",3940,1.0,161.0,8050,Zürich,Zurich,Margrit Rainer - Str. 15,DUPLEX,47.41579122,8.53736171,https://flatfox.ch/de/wohnung/margrit-rainer-str-15-8050-zurich/72218399/,2026-05-17T01:45:27+00:00,24.472049689440993
72225540,"Marktgasse 6, 4900 Langenthal - CHF 1’675 inkl. NK pro Monat",1675,3.0,101.0,4900,Langenthal,Bern,Marktgasse 6,APARTMENT,47.21277532,7.789408600000002,https://flatfox.ch/de/wohnung/marktgasse-6-4900-langenthal/72225540/,2026-05-17T01:45:29+00:00,16.584158415841586
72227403,"Gotthardstrasse 53, 8002 Zürich - CHF 5’980 inkl. NK pro Monat",5980,4.5,130.0,8002,Zürich,Zurich,Gotthardstrasse 53,DUPLEX,47.3648079,8.53337633,https://flatfox.ch/de/wohnung/gotthardstrasse-53-8002-zurich/72227403/,2026-05-17T01:45:29+00:00,46.0
72227753,"Via Serafino Balestra 1, 6600 Locarno - CHF 1’550",1550,4.0,91.0,6600,Locarno,Ticino,Via Serafino Balestra 1,APARTMENT,46.16774319,8.79627381,https://flatfox.ch/de/wohnung/via-serafino-balestra-1-6600-locarno/72227753/,2026-05-17T01:45:29+00:00,17.032967032967033
72228221,"Aarbergstrasse 119, 2502 Biel - CHF 1’745 inkl. NK pro Monat",1745,4.0,105.0,2502,Biel,Bern,Aarbergstrasse 119,APARTMENT,47.13448267,7.2424059,https://flatfox.ch/de/wohnung/aarbergstrasse-119-2502-biel/72228221/,2026-05-17T01:45:29+00:00,16.61904761904762
72230723,"Promenade 13, 2300 La Chaux-de-Fonds - CHF 995",995,2.5,62.0,2300,La Chaux-de-Fonds,Neuchâtel,Promenade 13,APARTMENT,47.1176783,6.84056677,https://flatfox.ch/de/wohnung/promenade-13-2300-la-chaux-de-fonds/72230723/,2026-05-17T01:45:29+00:00,16.048387096774192
72230731,"Promenade 13, 2300 La Chaux-de-Fonds - CHF 995 inkl. NK pro Monat",995,2.5,62.0,2300,La Chaux-de-Fonds,Neuchâtel,Promenade 13,APARTMENT,47.1176783,6.84056677,https://flatfox.ch/de/wohnung/promenade-13-2300-la-chaux-de-fonds/72230731/,2026-05-17T01:45:29+00:00,16.048387096774192
72230848,"Impasse du Castel 20, 1700 FRIBOURG - CHF 1’670",1670,3.5,83.0,1700,FRIBOURG,Fribourg,Impasse du Castel 20,APARTMENT,46.81626155,7.17528751,https://flatfox.ch/de/wohnung/impasse-du-castel-20-1700-fribourg/72230848/,2026-05-17T01:45:29+00:00,20.120481927710845
73168305,"Arc-en-Ciel 22, 2300 La Chaux-de-Fonds - CHF 1’290",1290,4.0,76.0,2300,La Chaux-de-Fonds,Neuchâtel,Arc-en-Ciel 22,APARTMENT,47.1176783,6.84056677,https://flatfox.ch/de/wohnung/arc-en-ciel-22-2300-la-chaux-de-fonds/73168305/,2026-05-17T01:45:29+00:00,16.973684210526315
74243852,"Avenue Léopold-Robert 120, 2300 La Chaux-de-Fonds - CHF 1’120",1120,3.5,70.0,2300,La Chaux-de-Fonds,Neuchâtel,Avenue Léopold-Robert 120,APARTMENT,47.09625632,6.81843966,https://flatfox.ch/de/wohnung/avenue-leopold-robert-120-2300-la-chaux-de-fonds/74243852/,2026-05-17T01:45:31+00:00,16.0
74480676,"Wartenbergstrasse 70, 4133 Pratteln - CHF 1’420 inkl. NK pro Monat",1420,2.5,55.0,4133,Pratteln,Basel-Landschaft,Wartenbergstrasse 70,APARTMENT,47.51959471,7.6796782000000015,https://flatfox.ch/de/wohnung/wartenbergstrasse-70-4133-pratteln/74480676/,2026-05-17T01:45:31+00:00,25.818181818181817
81242331,"Bahnhofstrasse 21, 8307 Effretikon - CHF 6’400 inkl. NK pro Monat",6400,5.5,171.0,8307,Effretikon,Zurich,Bahnhofstrasse 21,APARTMENT,47.42617360000001,8.68632188,https://flatfox.ch/de/wohnung/bahnhofstrasse-21-8307-effretikon/81242331/,2026-05-17T01:45:31+00:00,37.42690058479532
82087878,"Sous-Bellevue 47, 2900 Porrentruy - CHF 595 inkl. NK pro Monat",595,1.5,40.0,2900,Porrentruy,Jura,Sous-Bellevue 47,APARTMENT,47.42671094,7.0809976,https://flatfox.ch/de/wohnung/sous-bellevue-47-2900-porrentruy/82087878/,2026-05-17T01:45:31+00:00,14.875
83174127,"Centralbahnstr. 9, 4051 Basel - CHF 2’175 inkl. NK pro Monat",2175,2.5,73.0,4051,Basel,Basel-Stadt,Centralbahnstr. 9,APARTMENT,47.54839068,7.58871136,https://flatfox.ch/de/wohnung/centralbahnstr-9-4051-basel/83174127/,2026-05-17T01:45:31+00:00,29.794520547945204
83175535,"Höhestrasse 40, 8702 Zollikon - CHF 7’362 inkl. NK pro Monat",7362,5.5,182.0,8702,Zollikon,Zurich,Höhestrasse 40,APARTMENT,47.34427522,8.57872156,https://flatfox.ch/de/wohnung/hohestrasse-40-8702-zollikon/83175535/,2026-05-17T01:45:32+00:00,40.45054945054945
83175743,"Via Co' De Lago 4, 6825 Capolago - CHF 1’750",1750,4.5,102.0,6825,Capolago,Ticino,Via Co' De Lago 4,APARTMENT,45.90338639,8.977773899999999,https://flatfox.ch/de/wohnung/via-co-de-lago-4-6825-capolago/83175743/,2026-05-17T01:45:32+00:00,17.15686274509804
83176580,"Via F. Borromini 20, 6500 Bellinzona - CHF 1’470 inkl. NK pro Monat",1470,3.0,82.0,6500,Bellinzona,Ticino,Via F. Borromini 20,APARTMENT,46.18861947,9.01337736,https://flatfox.ch/de/wohnung/via-f-borromini-20-6500-bellinzona/83176580/,2026-05-17T01:45:32+00:00,17.926829268292682
83815184,"Signaustrasse 10, 8008 Zürich - CHF 9’990 inkl. NK pro Monat",9990,5.5,218.0,8008,Zürich,Zurich,Signaustrasse 10,ATTIC_FLAT,47.36297857,8.556728699999999,https://flatfox.ch/de/wohnung/signaustrasse-10-8008-zurich/83815184/,2026-05-17T01:45:32+00:00,45.825688073394495
84440578,"Alberto di sacco 6, 6500 Bellinzona - CHF 2’350",2350,3.5,129.0,6500,Bellinzona,Ticino,Alberto di sacco 6,ATTIC_FLAT,46.19612463,9.02752846,https://flatfox.ch/de/wohnung/alberto-di-sacco-6-6500-bellinzona/84440578/,2026-05-17T01:45:32+00:00,18.217054263565892
84455770,"Kronengasse 2, 9463 Oberriet SG - CHF 2’150",2150,4.5,104.0,9463,Oberriet SG,St. Gallen,Kronengasse 2,APARTMENT,47.31908581,9.56340171,https://flatfox.ch/de/wohnung/kronengasse-2-9463-oberriet-sg/84455770/,2026-05-17T01:45:32+00:00,20.673076923076923
84460026,"Au Village 11, 1483 Les Montets - CHF 2’460 inkl. NK pro Monat",2460,5.5,180.0,1483,Les Montets,Fribourg,Au Village 11,APARTMENT,46.81663453,6.86881935,https://flatfox.ch/de/wohnung/au-village-11-1483-les-montets/84460026/,2026-05-17T01:45:32+00:00,13.666666666666666
84473639,6816 Bissone - CHF 2’000,2000,4.5,120.0,6816,Bissone,Ticino,,APARTMENT,45.952488522899735,8.966403920594091,https://flatfox.ch/de/wohnung/6816-bissone/84473639/,2026-05-17T01:45:32+00:00,16.666666666666668
84516200,"Napfstrasse 12, 3550 Langnau im Emmental - CHF 1’330 inkl. NK pro Monat",1330,3.0,62.0,3550,Langnau im Emmental,Bern,Napfstrasse 12,APARTMENT,46.9416505,7.79283965,https://flatfox.ch/de/wohnung/napfstrasse-12-3550-langnau-im-emmental/84516200/,2026-05-17T01:45:32+00:00,21.451612903225808
84524050,"Rue des Moulins 20, 2300 La Chaux-de-Fonds - CHF 835 inkl. NK pro Monat",835,2.5,42.0,2300,La Chaux-de-Fonds,Neuchâtel,Rue des Moulins 20,APARTMENT,47.10808945,6.83164677,https://flatfox.ch/de/wohnung/rue-des-moulins-20-2300-la-chaux-de-fonds/84524050/,2026-05-17T01:45:32+00:00,19.88095238095238
84526272,"Talgut-Zentrum 18, 3063 Ittigen - CHF 1’730 inkl. NK pro Monat",1730,4.5,102.0,3063,Ittigen,Bern,Talgut-Zentrum 18,APARTMENT,46.97547888,7.48179065,https://flatfox.ch/de/wohnung/talgut-zentrum-18-3063-ittigen/84526272/,2026-05-17T01:45:32+00:00,16.96078431372549
84527184,"Avenue d'Echallens 42, 1004 Lausanne - CHF 1’550 inkl. NK pro Monat",1550,1.0,32.0,1004,Lausanne,Vaud,Avenue d'Echallens 42,APARTMENT,46.5266593,6.618943799999999,https://flatfox.ch/de/wohnung/avenue-dechallens-42-1004-lausanne/84527184/,2026-05-17T01:45:32+00:00,48.4375
84534750,"Ulrich-Röschstrasse 61, 9500 Wil - CHF 2’230 inkl. NK pro Monat",2230,4.5,111.0,9500,Wil,St. Gallen,Ulrich-Röschstrasse 61,APARTMENT,47.47027557,9.0592637,https://flatfox.ch/de/wohnung/ulrich-roschstrasse-61-9500-wil/84534750/,2026-05-17T01:45:34+00:00,20.09009009009009
84544196,"Talgut-Zentrum 18, 3063 Ittigen - CHF 1’620 inkl. NK pro Monat",1620,4.5,102.0,3063,Ittigen,Bern,Talgut-Zentrum 18,APARTMENT,46.97547888,7.48179065,https://flatfox.ch/de/wohnung/talgut-zentrum-18-3063-ittigen/84544196/,2026-05-17T01:45:34+00:00,15.882352941176471
84544711,"Talgut-Zentrum 16, 3063 Ittigen - CHF 1’630 inkl. NK pro Monat",1630,4.5,112.0,3063,Ittigen,Bern,Talgut-Zentrum 16,APARTMENT,46.9755729,7.48209288,https://flatfox.ch/de/wohnung/talgut-zentrum-16-3063-ittigen/84544711/,2026-05-17T01:45:34+00:00,14.553571428571429
84544957,"Talgut-Zentrum 16, 3063 Ittigen - CHF 1’690 inkl. NK pro Monat",1690,4.5,112.0,3063,Ittigen,Bern,Talgut-Zentrum 16,APARTMENT,46.9755729,7.48209288,https://flatfox.ch/de/wohnung/talgut-zentrum-16-3063-ittigen/84544957/,2026-05-17T01:45:34+00:00,15.089285714285714
84545339,"Talgut-Zentrum 16, 3063 Ittigen - CHF 1’310 inkl. NK pro Monat",1310,2.5,65.0,3063,Ittigen,Bern,Talgut-Zentrum 16,APARTMENT,46.9755729,7.48209288,https://flatfox.ch/de/wohnung/talgut-zentrum-16-3063-ittigen/84545339/,2026-05-17T01:45:34+00:00,20.153846153846153
84545857,"Talgut-Zentrum 16, 3063 Ittigen - CHF 1’660 inkl. NK pro Monat",1660,3.5,86.0,3063,Ittigen,Bern,Talgut-Zentrum 16,APARTMENT,46.9755729,7.48209288,https://flatfox.ch/de/wohnung/talgut-zentrum-16-3063-ittigen/84545857/,2026-05-17T01:45:34+00:00,19.302325581395348
84551993,"Wasenhaldenstrasse 8, 5080 Laufenburg - CHF 1’650 inkl. NK pro Monat",1650,3.5,78.0,5080,Laufenburg,Aargau,Wasenhaldenstrasse 8,APARTMENT,47.55803931,8.06264764,https://flatfox.ch/de/wohnung/wasenhaldenstrasse-8-5080-laufenburg/84551993/,2026-05-17T01:45:34+00:00,21.153846153846153
84554167,"Talgut-Zentrum 16, 3063 Ittigen - CHF 1’860 inkl. NK pro Monat",1860,4.5,112.0,3063,Ittigen,Bern,Talgut-Zentrum 16,APARTMENT,46.9755729,7.48209288,https://flatfox.ch/de/wohnung/talgut-zentrum-16-3063-ittigen/84554167/,2026-05-17T01:45:34+00:00,16.607142857142858
84554297,"Talgut-Zentrum 16, 3063 Ittigen - CHF 1’300 inkl. NK pro Monat",1300,2.5,65.0,3063,Ittigen,Bern,Talgut-Zentrum 16,APARTMENT,46.9755729,7.48209288,https://flatfox.ch/de/wohnung/talgut-zentrum-16-3063-ittigen/84554297/,2026-05-17T01:45:34+00:00,20.0
84554340,"Bächimattstr. 7, 3075 Rüfenacht BE - CHF 1’422 inkl. NK pro Monat",1422,3.5,70.0,3075,Rüfenacht BE,Bern,Bächimattstr. 7,APARTMENT,46.93128496,7.52961945,https://flatfox.ch/de/wohnung/bachimattstr-7-3075-rufenacht-be/84554340/,2026-05-17T01:45:34+00:00,20.314285714285713
84554750,"Birchstrasse 98, 8050 Zürich - CHF 2’717 inkl. NK pro Monat",2717,1.0,63.0,8050,Zürich,Zurich,Birchstrasse 98,ATTIC_FLAT,47.40762699,8.53721877,https://flatfox.ch/de/wohnung/birchstrasse-98-8050-zurich/84554750/,2026-05-17T01:45:34+00:00,43.12698412698413
84555809,"Talgut-Zentrum 16, 3063 Ittigen - CHF 1’485 inkl. NK pro Monat",1485,3.5,86.0,3063,Ittigen,Bern,Talgut-Zentrum 16,APARTMENT,46.9755729,7.48209288,https://flatfox.ch/de/wohnung/talgut-zentrum-16-3063-ittigen/84555809/,2026-05-17T01:45:34+00:00,17.267441860465116
84555915,"Talgut-Zentrum 16, 3063 Ittigen - CHF 1’170 inkl. NK pro Monat",1170,2.5,65.0,3063,Ittigen,Bern,Talgut-Zentrum 16,APARTMENT,46.9755729,7.48209288,https://flatfox.ch/de/wohnung/talgut-zentrum-16-3063-ittigen/84555915/,2026-05-17T01:45:34+00:00,18.0
84559389,"Via Sottobisio 12, 6828 Balerna - CHF 1’090",1090,3.0,90.0,6828,Balerna,Ticino,Via Sottobisio 12,APARTMENT,45.84518834,9.00603369,https://flatfox.ch/de/wohnung/via-sottobisio-12-6828-balerna/84559389/,2026-05-17T01:45:34+00:00,12.11111111111111
84564990,"Route des Monts-de-Lavaux 116, 1090 Lutry - CHF 4’490",4490,4.5,110.0,1090,Lutry,Vaud,Route des Monts-de-Lavaux 116,APARTMENT,46.51795942,6.69088919,https://flatfox.ch/de/wohnung/route-des-monts-de-lavaux-116-1090-lutry/84564990/,2026-05-17T01:45:34+00:00,40.81818181818182
84568471,"Talgut-Zentrum 16, 3063 Ittigen - CHF 1’520 inkl. NK pro Monat",1520,3.5,86.0,3063,Ittigen,Bern,Talgut-Zentrum 16,APARTMENT,46.9755729,7.48209288,https://flatfox.ch/de/wohnung/talgut-zentrum-16-3063-ittigen/84568471/,2026-05-17T01:45:34+00:00,17.674418604651162
84570446,"Lehenmattstr. 122, 4052 Basel - CHF 1’370 inkl. NK pro Monat",1370,2.0,46.0,4052,Basel,Basel-Stadt,Lehenmattstr. 122,APARTMENT,47.5517837,7.618421399999999,https://flatfox.ch/de/wohnung/lehenmattstr-122-4052-basel/84570446/,2026-05-17T01:45:34+00:00,29.782608695652176
84571259,"Talgut-Zentrum 18, 3063 Ittigen - CHF 1’630 inkl. NK pro Monat",1630,4.5,106.0,3063,Ittigen,Bern,Talgut-Zentrum 18,APARTMENT,46.97547888,7.48179065,https://flatfox.ch/de/wohnung/talgut-zentrum-18-3063-ittigen/84571259/,2026-05-17T01:45:34+00:00,15.377358490566039
84571865,"Badenerstrasse 6, 5200 Brugg AG - CHF 2’250",2250,4.5,94.0,5200,Brugg AG,Aargau,Badenerstrasse 6,APARTMENT,47.48276068,8.208898099999999,https://flatfox.ch/de/wohnung/badenerstrasse-6-5200-brugg-ag/84571865/,2026-05-17T01:45:34+00:00,23.93617021276596
84572972,"Via Luigi Taddei 15, 6962 Viganello - CHF 1’435 inkl. NK pro Monat",1435,3.5,71.0,6962,Viganello,Ticino,Via Luigi Taddei 15,APARTMENT,46.01443015,8.96363651,https://flatfox.ch/de/wohnung/via-luigi-taddei-15-6962-viganello/84572972/,2026-05-17T01:45:34+00:00,20.211267605633804
84576925,"Iddastrasse 30a, 9008 St. Gallen - CHF 1’825 inkl. NK pro Monat",1825,4.5,93.0,9008,St. Gallen,St. Gallen,Iddastrasse 30a,APARTMENT,47.437478800000015,9.38799852,https://flatfox.ch/de/wohnung/iddastrasse-30a-9008-st-gallen/84576925/,2026-05-17T01:45:34+00:00,19.623655913978496
84602334,"Avenue Jean-Marie Musy 34, 1700 Fribourg - CHF 1’690 inkl. NK pro Monat",1690,4.5,81.0,1700,Fribourg,Fribourg,Avenue Jean-Marie Musy 34,APARTMENT,46.80933119,7.178044099999999,https://flatfox.ch/de/wohnung/avenue-jean-marie-musy-34-1700-fribourg/84602334/,2026-05-17T01:45:36+00:00,20.864197530864196
84610102,"Corso San Gottardo 76, 6830 Chiasso - CHF 1’130 inkl. NK pro Monat",1130,2.5,46.0,6830,Chiasso,Ticino,Corso San Gottardo 76,APARTMENT,45.8360568,9.02636922,https://flatfox.ch/de/wohnung/corso-san-gottardo-76-6830-chiasso/84610102/,2026-05-17T01:45:36+00:00,24.565217391304348
84610144,"Hintergasse 7, 8253 Diessenhofen - CHF 1’400 inkl. NK pro Monat",1400,2.5,82.0,8253,Diessenhofen,Thurgau,Hintergasse 7,APARTMENT,47.68991987,8.75000141,https://flatfox.ch/de/wohnung/hintergasse-7-8253-diessenhofen/84610144/,2026-05-17T01:45:36+00:00,17.073170731707318
84610165,"Centralstr. 95, 2540 Grenchen - CHF 855 inkl. NK pro Monat",855,1.0,27.0,2540,Grenchen,Solothurn,Centralstr. 95,APARTMENT,47.1964537,7.39427255,https://flatfox.ch/de/wohnung/centralstr-95-2540-grenchen/84610165/,2026-05-17T01:45:36+00:00,31.666666666666668
84629092,"Via Campione 54, 6816 Bissone - CHF 1’900",1900,3.5,85.0,6816,Bissone,Ticino,Via Campione 54,APARTMENT,45.96100265,8.96865633,https://flatfox.ch/de/wohnung/via-campione-54-6816-bissone/84629092/,2026-05-17T01:45:37+00:00,22.352941176470587
84671540,6648 Minusio - CHF 4’100,4100,4.5,150.0,6648,Minusio,Ticino,,APARTMENT,46.17051103963056,8.827236627904243,https://flatfox.ch/de/wohnung/6648-minusio/84671540/,2026-05-17T01:45:37+00:00,27.333333333333332
84672016,"Centralstr. 3, 2540 Grenchen - CHF 1’490 inkl. NK pro Monat",1490,1.0,127.0,2540,Grenchen,Solothurn,Centralstr. 3,LOFT,47.19340758,7.39525926,https://flatfox.ch/de/wohnung/centralstr-3-2540-grenchen/84672016/,2026-05-17T01:45:37+00:00,11.73228346456693
84674993,"Avenue de Sévelin 13 A, 1004 Lausanne - CHF 3’017 inkl. NK pro Monat",3017,4.5,99.0,1004,Lausanne,Vaud,Avenue de Sévelin 13 A,APARTMENT,46.52373198,6.614239899999999,https://flatfox.ch/de/wohnung/avenue-de-sevelin-13-a-1004-lausanne/84674993/,2026-05-17T01:45:37+00:00,30.474747474747474
84675812,"Eichmattstrasse 6A, 4665 Oftringen - CHF 1’990 inkl. NK pro Monat",1990,3.5,87.0,4665,Oftringen,Aargau,Eichmattstrasse 6A,APARTMENT,47.3185287,7.915409800000002,https://flatfox.ch/de/wohnung/eichmattstrasse-6a-4665-oftringen/84675812/,2026-05-17T01:45:37+00:00,22.873563218390803
84676144,"Eichmattstrasse 6C, 4665 Oftringen - CHF 1’570 inkl. NK pro Monat",1570,2.5,61.0,4665,Oftringen,Aargau,Eichmattstrasse 6C,APARTMENT,47.31876998,7.915808699999999,https://flatfox.ch/de/wohnung/eichmattstrasse-6c-4665-oftringen/84676144/,2026-05-17T01:45:37+00:00,25.737704918032787
84677550,"Hauptstrasse 7, 4242 Laufen - CHF 1’480",1480,2.0,74.0,4242,Laufen,Basel-Landschaft,Hauptstrasse 7,ROOF_FLAT,47.42139417,7.50034797,https://flatfox.ch/de/wohnung/hauptstrasse-7-4242-laufen/84677550/,2026-05-17T01:45:37+00:00,20.0
84677942,"Hermann-Lienhardstrasse 1e, 2502 Biel/Bienne, 2505 Biel - CHF 1’990",1990,3.5,89.0,2505,Biel,Bern,"Hermann-Lienhardstrasse 1e, 2502 Biel/Bienne",APARTMENT,47.15221394,7.2611972,https://flatfox.ch/de/wohnung/hermann-lienhardstrasse-1e-2502-bielbienne-2505-bi/84677942/,2026-05-17T01:45:37+00:00,22.359550561797754
84679680,"Industriestrasse 28, 9400 Rorschach - CHF 1’420 inkl. NK pro Monat",1420,3.5,63.0,9400,Rorschach,St. Gallen,Industriestrasse 28,APARTMENT,47.47658935,9.48443812,https://flatfox.ch/de/wohnung/industriestrasse-28-9400-rorschach/84679680/,2026-05-17T01:45:37+00:00,22.53968253968254
84679967,"Rue Girardet 23, 2400 Le Locle - CHF 1’155 inkl. NK pro Monat",1155,4.5,82.0,2400,Le Locle,Neuchâtel,Rue Girardet 23,APARTMENT,47.06346846,6.761311399999999,https://flatfox.ch/de/wohnung/rue-girardet-23-2400-le-locle/84679967/,2026-05-17T01:45:37+00:00,14.085365853658537
84685310,"Fluhackerstrasse 7, 4710 Balsthal - CHF 1’530 inkl. NK pro Monat",1530,4.5,88.0,4710,Balsthal,Solothurn,Fluhackerstrasse 7,APARTMENT,47.32064534,7.70319552,https://flatfox.ch/de/wohnung/fluhackerstrasse-7-4710-balsthal/84685310/,2026-05-17T01:45:37+00:00,17.386363636363637
84685600,"Rue de l'Ancienne-Poste 37A, 1337 Vallorbe - CHF 2’900",2900,4.5,131.0,1337,Vallorbe,Vaud,Rue de l'Ancienne-Poste 37A,APARTMENT,46.71264042,6.37818453,https://flatfox.ch/de/wohnung/rue-de-lancienne-poste-37a-1337-vallorbe/84685600/,2026-05-17T01:45:37+00:00,22.137404580152673
84689772,"Poststrasse 15, 9477 Trübbach - CHF 1’890 inkl. NK pro Monat",1890,2.5,72.0,9477,Trübbach,St. Gallen,Poststrasse 15,FURNISHED_FLAT,47.07459048,9.47802968,https://flatfox.ch/de/wohnung/poststrasse-15-9477-trubbach/84689772/,2026-05-17T01:45:37+00:00,26.25
84691492,"Obstgartenstr. 32, 8303 Bassersdorf - CHF 3’120 inkl. NK pro Monat",3120,6.5,197.0,8303,Bassersdorf,Zurich,Obstgartenstr. 32,APARTMENT,47.44166541,8.6203778,https://flatfox.ch/de/wohnung/obstgartenstr-32-8303-bassersdorf/84691492/,2026-05-17T01:45:37+00:00,15.83756345177665
84694790,"Ringstrasse 16, 8306 Brüttisellen - CHF 2’250",2250,2.0,53.0,8306,Brüttisellen,Zurich,Ringstrasse 16,FURNISHED_FLAT,47.4169915,8.6254326,https://flatfox.ch/de/wohnung/ringstrasse-16-8306-bruttisellen/84694790/,2026-05-17T01:45:39+00:00,42.45283018867924
84704105,"Via Molinazzo 8b, 6900 Lugano - CHF 1’200 inkl. NK pro Monat",1200,1.5,31.0,6900,Lugano,Ticino,Via Molinazzo 8b,APARTMENT,46.00913263,8.96547174,https://flatfox.ch/de/wohnung/via-molinazzo-8b-6900-lugano/84704105/,2026-05-17T01:45:39+00:00,38.70967741935484
84706481,"Zollweidenstrasse 13, 4142 Münchenstein - CHF 2’810 inkl. NK pro Monat",2810,5.5,139.0,4142,Münchenstein,Basel-Landschaft,Zollweidenstrasse 13,APARTMENT,47.5224273,7.618970399999999,https://flatfox.ch/de/wohnung/zollweidenstrasse-13-4142-munchenstein/84706481/,2026-05-17T01:45:39+00:00,20.215827338129497
84707583,"Grand Rue 11, 1304 Cossonay-Ville - CHF 2’145 inkl. NK pro Monat",2145,3.0,95.0,1304,Cossonay-Ville,Vaud,Grand Rue 11,DUPLEX,46.61480159,6.50712295,https://flatfox.ch/de/wohnung/grand-rue-11-1304-cossonay-ville/84707583/,2026-05-17T01:45:39+00:00,22.57894736842105
84738949,"Weltpoststrasse 1A, 3015 Bern - CHF 3’100 inkl. NK pro Monat",3100,4.5,105.0,3015,Bern,Bern,Weltpoststrasse 1A,APARTMENT,46.9392831,7.47380728,https://flatfox.ch/de/wohnung/weltpoststrasse-1a-3015-bern/84738949/,2026-05-17T01:45:41+00:00,29.523809523809526
84739940,"Itingerstr. 10, 4450 Sissach - CHF 1’790 inkl. NK pro Monat",1790,4.5,87.0,4450,Sissach,Basel-Landschaft,Itingerstr. 10,APARTMENT,47.46319943,7.80896457,https://flatfox.ch/de/wohnung/itingerstr-10-4450-sissach/84739940/,2026-05-17T01:45:41+00:00,20.57471264367816
84751933,"Route de la Scie 10, 1278 La Rippe - CHF 2’500",2500,2.0,140.0,1278,La Rippe,Vaud,Route de la Scie 10,APARTMENT,46.38187762,6.15163415,https://flatfox.ch/de/wohnung/route-de-la-scie-10-1278-la-rippe/84751933/,2026-05-17T01:45:41+00:00,17.857142857142858
84764361,"Croix-Fédéral 23B, 2300 La Chaux-de-Fonds - CHF 1’590",1590,4.5,90.0,2300,La Chaux-de-Fonds,Neuchâtel,Croix-Fédéral 23B,APARTMENT,47.10603331,6.8404651,https://flatfox.ch/de/wohnung/croix-federal-23b-2300-la-chaux-de-fonds/84764361/,2026-05-17T01:45:41+00:00,17.666666666666668
84774487,"Naglerwiesenstrasse 12, 8049 Zürich - CHF 3’150 inkl. NK pro Monat",3150,4.0,124.0,8049,Zürich,Zurich,Naglerwiesenstrasse 12,DUPLEX,47.41362431,8.48235252,https://flatfox.ch/de/wohnung/naglerwiesenstrasse-12-8049-zurich/84774487/,2026-05-17T01:45:42+00:00,25.403225806451612
84784506,"Centralstr. 3, 2540 Grenchen - CHF 1’390 inkl. NK pro Monat",1390,2.5,87.0,2540,Grenchen,Solothurn,Centralstr. 3,APARTMENT,47.19340758,7.39525926,https://flatfox.ch/de/wohnung/centralstr-3-2540-grenchen/84784506/,2026-05-17T01:45:42+00:00,15.977011494252874
84806021,"Route d'Avry 24, 1753 Matran - CHF 2’790 inkl. NK pro Monat",2790,5.5,124.0,1753,Matran,Fribourg,Route d'Avry 24,APARTMENT,46.78605929,7.08405045,https://flatfox.ch/de/wohnung/route-davry-24-1753-matran/84806021/,2026-05-17T01:45:42+00:00,22.5
84806997,"Schlattweg 10, 3054 Schüpfen - CHF 1’495 inkl. NK pro Monat",1495,3.5,61.0,3054,Schüpfen,Bern,Schlattweg 10,APARTMENT,47.04676046,7.37475031,https://flatfox.ch/de/wohnung/schlattweg-10-3054-schupfen/84806997/,2026-05-17T01:45:42+00:00,24.508196721311474
84819419,"St. Gallerstrasse 3, 9100 Herisau - CHF 800 inkl. NK pro Monat",800,1.0,23.0,9100,Herisau,Appenzell Ausserrhoden,St. Gallerstrasse 3,STUDIO,47.39165577,9.27265463,https://flatfox.ch/de/wohnung/st-gallerstrasse-3-9100-herisau/84819419/,2026-05-17T01:45:44+00:00,34.78260869565217
84822119,"Via S. Gottardo 119, 6596 Gordola - CHF 1’320 inkl. NK pro Monat",1320,2.5,51.0,6596,Gordola,Ticino,Via S. Gottardo 119,APARTMENT,46.18006517,8.86832579,https://flatfox.ch/de/wohnung/via-s-gottardo-119-6596-gordola/84822119/,2026-05-17T01:45:44+00:00,25.88235294117647
84827402,"Hermann-Lienhardstrasse 1e, 2502 Biel/Bienne, 2505 Biel - CHF 2’700",2700,4.5,120.0,2505,Biel,Bern,"Hermann-Lienhardstrasse 1e, 2502 Biel/Bienne",APARTMENT,47.15218725,7.261229099999999,https://flatfox.ch/de/wohnung/hermann-lienhardstrasse-1e-2502-bielbienne-2505-bi/84827402/,2026-05-17T01:45:44+00:00,22.5
84831633,"Brugghalden 15, 9300 Wittenbach - CHF 1’555 inkl. NK pro Monat",1555,4.5,85.0,9300,Wittenbach,St. Gallen,Brugghalden 15,APARTMENT,47.45216425,9.39847721,https://flatfox.ch/de/wohnung/brugghalden-15-9300-wittenbach/84831633/,2026-05-17T01:45:44+00:00,18.294117647058822
84864802,"Zilstrasse 72a, 9016 St. Gallen - CHF 2’190 inkl. NK pro Monat",2190,3.5,154.0,9016,St. Gallen,St. Gallen,Zilstrasse 72a,DUPLEX,47.44303452,9.41149636,https://flatfox.ch/de/wohnung/zilstrasse-72a-9016-st-gallen/84864802/,2026-05-17T01:45:44+00:00,14.220779220779221
84873402,"untere Zollgasse 135, 3063 Ittigen - CHF 2’230 inkl. NK pro Monat",2230,2.5,76.0,3063,Ittigen,Bern,untere Zollgasse 135,ATTIC_FLAT,46.97317076,7.483778800000001,https://flatfox.ch/de/wohnung/untere-zollgasse-135-3063-ittigen/84873402/,2026-05-17T01:45:44+00:00,29.342105263157894
84873414,"Kasernenstrasse 23, 8180 Bülach - CHF 2’645",2645,4.5,95.0,8180,Bülach,Zurich,Kasernenstrasse 23,APARTMENT,47.51738645,8.5381519,https://flatfox.ch/de/wohnung/kasernenstrasse-23-8180-bulach/84873414/,2026-05-17T01:45:44+00:00,27.842105263157894
84882858,"Brühlstrasse 96, 9320 Arbon - CHF 2’030 inkl. NK pro Monat",2030,4.5,111.0,9320,Arbon,Thurgau,Brühlstrasse 96,APARTMENT,47.51019715,9.414516,https://flatfox.ch/de/wohnung/bruhlstrasse-96-9320-arbon/84882858/,2026-05-17T01:45:44+00:00,18.28828828828829
84887572,"Rue de la Gare 16/18, 2074 Marin-Epagnier - CHF 1’799 inkl. NK pro Monat",1799,3.5,87.0,2074,Marin-Epagnier,Neuchâtel,Rue de la Gare 16/18,APARTMENT,47.00884071,7.007918699999999,https://flatfox.ch/de/wohnung/rue-de-la-gare-1618-2074-marin-epagnier/84887572/,2026-05-17T01:45:45+00:00,20.67816091954023
84887638,"Rue de la Gare 20/22, 2074 Marin-Epagnier - CHF 1’799 inkl. NK pro Monat",1799,3.5,87.0,2074,Marin-Epagnier,Neuchâtel,Rue de la Gare 20/22,APARTMENT,47.00883929,7.00867831,https://flatfox.ch/de/wohnung/rue-de-la-gare-2022-2074-marin-epagnier/84887638/,2026-05-17T01:45:45+00:00,20.67816091954023
84895872,"Ostermundigenstrasse 93, 3006 Bern - CHF 3’430 inkl. NK pro Monat",3430,3.5,136.0,3006,Bern,Bern,Ostermundigenstrasse 93,APARTMENT,46.95457158,7.47647475,https://flatfox.ch/de/wohnung/ostermundigenstrasse-93-3006-bern/84895872/,2026-05-17T01:45:45+00:00,25.220588235294116
84895928,"Ostermundigenstrasse 93, 3006 Bern - CHF 2’460 inkl. NK pro Monat",2460,3.5,79.0,3006,Bern,Bern,Ostermundigenstrasse 93,APARTMENT,46.95457158,7.47647475,https://flatfox.ch/de/wohnung/ostermundigenstrasse-93-3006-bern/84895928/,2026-05-17T01:45:45+00:00,31.139240506329113
84895937,"Ostermundigenstr. 93a, 3006 Bern - CHF 3’660 inkl. NK pro Monat",3660,5.5,147.0,3006,Bern,Bern,Ostermundigenstr. 93a,APARTMENT,46.95457158,7.47647475,https://flatfox.ch/de/wohnung/ostermundigenstr-93a-3006-bern/84895937/,2026-05-17T01:45:45+00:00,24.897959183673468
84896451,4242 Laufen - CHF 750,750,2.0,29.0,4242,Laufen,Basel-Landschaft,,FURNISHED_FLAT,47.40622757876736,7.485502156906146,https://flatfox.ch/de/wohnung/4242-laufen/84896451/,2026-05-17T01:45:45+00:00,25.862068965517242
84897413,"Mittelgäustrasse 18 & Boningerstrasse 2, 4 + 6, 4616 Kappel SO - CHF 1’915",1915,3.5,91.0,4616,Kappel SO,Solothurn,"Mittelgäustrasse 18 & Boningerstrasse 2, 4 + 6",APARTMENT,47.32321196,7.8461198,https://flatfox.ch/de/wohnung/mittelgaustrasse-18-boningerstrasse-2-4-6-4616-kap/84897413/,2026-05-17T01:45:45+00:00,21.043956043956044
84897489,"Mittelgäustrasse 18 & Boningerstrasse 2, 4 + 6, 4616 Kappel SO - CHF 2’625",2625,4.5,108.0,4616,Kappel SO,Solothurn,"Mittelgäustrasse 18 & Boningerstrasse 2, 4 + 6",APARTMENT,47.32321196,7.8461198,https://flatfox.ch/de/wohnung/mittelgaustrasse-18-boningerstrasse-2-4-6-4616-kap/84897489/,2026-05-17T01:45:45+00:00,24.305555555555557
84908533,"Rue de Contamines 35, 1206 Genève - CHF 2’730 inkl. NK pro Monat",2730,3.0,70.0,1206,Genève,Geneva,Rue de Contamines 35,APARTMENT,46.19374631,6.15426399,https://flatfox.ch/de/wohnung/rue-de-contamines-35-1206-geneve/84908533/,2026-05-17T01:45:45+00:00,39.0
84908562,"Route de l'Hôpital 5, 1180 Rolle - CHF 2’950 inkl. NK pro Monat",2950,3.5,125.0,1180,Rolle,Vaud,Route de l'Hôpital 5,APARTMENT,46.4627277,6.342939899999999,https://flatfox.ch/de/wohnung/route-de-lhopital-5-1180-rolle/84908562/,2026-05-17T01:45:45+00:00,23.6
84908664,"Rue de Contamines 35, 1206 Genève - CHF 2’700 inkl. NK pro Monat",2700,3.0,70.0,1206,Genève,Geneva,Rue de Contamines 35,APARTMENT,46.19374631,6.15426399,https://flatfox.ch/de/wohnung/rue-de-contamines-35-1206-geneve/84908664/,2026-05-17T01:45:47+00:00,38.57142857142857
84909329,"Rue de la Chenalette 19, 1020 Renens - CHF 2’645 inkl. NK pro Monat",2645,3.5,92.0,1020,Renens,Vaud,Rue de la Chenalette 19,APARTMENT,46.52934896,6.59170113,https://flatfox.ch/de/wohnung/rue-de-la-chenalette-19-1020-renens/84909329/,2026-05-17T01:45:47+00:00,28.75
84911743,"Pilgerstrasse 20, 5405 Dättwil AG - CHF 2’220 inkl. NK pro Monat",2220,3.5,98.0,5405,Dättwil AG,Aargau,Pilgerstrasse 20,APARTMENT,47.45323451,8.281788299999999,https://flatfox.ch/de/wohnung/pilgerstrasse-20-5405-dattwil-ag/84911743/,2026-05-17T01:45:47+00:00,22.653061224489797
84923051,"Via S. Gottardo 53, 6839 Massagno - CHF 1’950",1950,2.5,55.0,6839,Massagno,Ticino,Via S. Gottardo 53,APARTMENT,46.00911377,8.94656975,https://flatfox.ch/de/wohnung/via-s-gottardo-53-6839-massagno/84923051/,2026-05-17T01:45:47+00:00,35.45454545454545
84923057,"via Ghiringhelli 21, 6500 Bellinzona - CHF 2’400",2400,3.5,92.0,6500,Bellinzona,Ticino,via Ghiringhelli 21,APARTMENT,46.18845798,9.01689392,https://flatfox.ch/de/wohnung/via-ghiringhelli-21-6500-bellinzona/84923057/,2026-05-17T01:45:47+00:00,26.08695652173913
84927267,"Rue du Progrès 5, 2800 Delémont - CHF 1’750 inkl. NK pro Monat",1750,4.5,100.0,2800,Delémont,Jura,Rue du Progrès 5,APARTMENT,47.36477451,7.3541922,https://flatfox.ch/de/wohnung/rue-du-progres-5-2800-delemont/84927267/,2026-05-17T01:45:47+00:00,17.5
84933758,"Route d'Avry 11, 1753 Matran - CHF 2’060 inkl. NK pro Monat",2060,3.5,86.0,1753,Matran,Fribourg,Route d'Avry 11,APARTMENT,46.786035100000014,7.0839651,https://flatfox.ch/de/wohnung/route-davry-11-1753-matran/84933758/,2026-05-17T01:45:47+00:00,23.953488372093023
84934235,"Blattjiweg 1, 3940 Steg VS - CHF 2’400",2400,4.5,142.0,3940,Steg VS,Valais,Blattjiweg 1,APARTMENT,46.31619246,7.75509815,https://flatfox.ch/de/wohnung/blattjiweg-1-3940-steg-vs/84934235/,2026-05-17T01:45:49+00:00,16.901408450704224
84934978,"Blattjiweg 1, 3940 Steg VS - CHF 2’650",2650,5.5,156.0,3940,Steg VS,Valais,Blattjiweg 1,APARTMENT,46.31619246,7.75509815,https://flatfox.ch/de/wohnung/blattjiweg-1-3940-steg-vs/84934978/,2026-05-17T01:45:49+00:00,16.987179487179485
84939131,"Spitalstr. (Neubau) 8, 7130 Ilanz - CHF 1’991 inkl. NK pro Monat",1991,3.5,79.0,7130,Ilanz,Graubünden,Spitalstr. (Neubau) 8,APARTMENT,46.77660169,9.2050183,https://flatfox.ch/de/wohnung/spitalstr-neubau-8-7130-ilanz/84939131/,2026-05-17T01:45:49+00:00,25.20253164556962
84951210,"Avenue de Saugiaz 13, 1020 Rennens - CHF 1’760 inkl. NK pro Monat",1760,2.5,55.0,1020,Rennens,Vaud,Avenue de Saugiaz 13,APARTMENT,46.54060621,6.58525943,https://flatfox.ch/de/wohnung/avenue-de-saugiaz-13-1020-rennens/84951210/,2026-05-17T01:45:49+00:00,32.0
84951634,"Alpsteinstrasse 16b, 9100 Herisau - CHF 900",900,2.5,39.0,9100,Herisau,Appenzell Ausserrhoden,Alpsteinstrasse 16b,APARTMENT,47.37791381,9.27787895,https://flatfox.ch/de/wohnung/alpsteinstrasse-16b-9100-herisau/84951634/,2026-05-17T01:45:49+00:00,23.076923076923077
84953192,"Tannackerstrasse 12 A, 3073 Gümligen - CHF 1’790",1790,3.5,85.0,3073,Gümligen,Bern,Tannackerstrasse 12 A,APARTMENT,46.93081328,7.50887825,https://flatfox.ch/de/wohnung/tannackerstrasse-12-a-3073-gumligen/84953192/,2026-05-17T01:45:49+00:00,21.058823529411764
84953341,"Mettstrasse 108a, 2504 Biel/Bienne - CHF 1’450 inkl. NK pro Monat",1450,4.5,68.0,2504,Biel/Bienne,Bern,Mettstrasse 108a,APARTMENT,47.14127288,7.26855451,https://flatfox.ch/de/wohnung/mettstrasse-108a-2504-bielbienne/84953341/,2026-05-17T01:45:49+00:00,21.323529411764707
84955698,"Wasenhaldenstrasse 10, 5080 Laufenburg - CHF 1’620 inkl. NK pro Monat",1620,3.5,78.0,5080,Laufenburg,Aargau,Wasenhaldenstrasse 10,APARTMENT,47.5579503,8.06248719,https://flatfox.ch/de/wohnung/wasenhaldenstrasse-10-5080-laufenburg/84955698/,2026-05-17T01:45:49+00:00,20.76923076923077
84998173,"Hegenheimerstrasse 220, 4055 Basel - CHF 1’040 inkl. NK pro Monat",1040,1.0,26.0,4055,Basel,Basel-Stadt,Hegenheimerstrasse 220,APARTMENT,47.5643917,7.56282324,https://flatfox.ch/de/wohnung/hegenheimerstrasse-220-4055-basel/84998173/,2026-05-17T01:45:49+00:00,40.0
84998399,"Rue du Chêne 26, 1020 Renens - CHF 2’470 inkl. NK pro Monat",2470,3.5,81.0,1020,Renens,Vaud,Rue du Chêne 26,APARTMENT,46.5297049,6.5915126,https://flatfox.ch/de/wohnung/rue-du-chene-26-1020-renens/84998399/,2026-05-17T01:45:49+00:00,30.493827160493826
85003241,"Niederbergstr. 1, 4153 Reinach BL - CHF 1’850 inkl. NK pro Monat",1850,3.0,75.0,4153,Reinach BL,Basel-Landschaft,Niederbergstr. 1,APARTMENT,47.50234997,7.59641224,https://flatfox.ch/de/wohnung/niederbergstr-1-4153-reinach-bl/85003241/,2026-05-17T01:45:49+00:00,24.666666666666668
85013470,"Sennhüttenstrasse 51, 8716 Schmerikon - CHF 1’410 inkl. NK pro Monat",1410,2.0,51.0,8716,Schmerikon,St. Gallen,Sennhüttenstrasse 51,APARTMENT,47.2270327,8.94778998,https://flatfox.ch/de/wohnung/sennhuttenstrasse-51-8716-schmerikon/85013470/,2026-05-17T01:45:49+00:00,27.647058823529413
85018438,"Rue Marie-Favre 36, 1754 Avry-sur-Matran - CHF 2’260",2260,4.5,102.0,1754,Avry-sur-Matran,Fribourg,Rue Marie-Favre 36,APARTMENT,46.78981271,7.07065365,https://flatfox.ch/de/wohnung/rue-marie-favre-36-1754-avry-sur-matran/85018438/,2026-05-17T01:45:51+00:00,22.15686274509804
85021587,"Zeiningerstrasse 13, 4313 Möhlin - CHF 2’970",2970,5.5,140.0,4313,Möhlin,Aargau,Zeiningerstrasse 13,DUPLEX,47.55224832,7.85543965,https://flatfox.ch/de/wohnung/zeiningerstrasse-13-4313-mohlin/85021587/,2026-05-17T01:45:51+00:00,21.214285714285715
85021745,"Via Sole 17, 6942 Savosa - CHF 1’390 inkl. NK pro Monat",1390,3.5,68.0,6942,Savosa,Ticino,Via Sole 17,APARTMENT,46.01716818,8.94204317,https://flatfox.ch/de/wohnung/via-sole-17-6942-savosa/85021745/,2026-05-17T01:45:51+00:00,20.441176470588236
85021787,"Nidfeldstrasse 2j, 6010 Kriens - CHF 2’640 inkl. NK pro Monat",2640,4.5,98.0,6010,Kriens,Lucerne,Nidfeldstrasse 2j,APARTMENT,47.02958155,8.29674568,https://flatfox.ch/de/wohnung/nidfeldstrasse-2j-6010-kriens/85021787/,2026-05-17T01:45:51+00:00,26.93877551020408
85022889,"Niederbergstr. 1, 4153 Reinach BL - CHF 1’740 inkl. NK pro Monat",1740,3.0,76.0,4153,Reinach BL,Basel-Landschaft,Niederbergstr. 1,APARTMENT,47.50234997,7.59641224,https://flatfox.ch/de/wohnung/niederbergstr-1-4153-reinach-bl/85022889/,2026-05-17T01:45:51+00:00,22.894736842105264
85027848,"Via Vincenzo Vela 44, 6834 Morbio Inferiore - CHF 1’390",1390,3.5,84.0,6834,Morbio Inferiore,Ticino,Via Vincenzo Vela 44,APARTMENT,45.8457688,9.02004474,https://flatfox.ch/de/wohnung/via-vincenzo-vela-44-6834-morbio-inferiore/85027848/,2026-05-17T01:45:51+00:00,16.547619047619047
85033157,6830 Chiasso - CHF 1’350,1350,3.5,78.0,6830,Chiasso,Ticino,,APARTMENT,45.835777075579,9.025296073368557,https://flatfox.ch/de/wohnung/6830-chiasso/85033157/,2026-05-17T01:45:51+00:00,17.307692307692307
85033362,"Käppelibodenweg 40, 4132 Muttenz - CHF 2’390 inkl. NK pro Monat",2390,4.5,116.0,4132,Muttenz,Basel-Landschaft,Käppelibodenweg 40,APARTMENT,47.53285398,7.62864715,https://flatfox.ch/de/wohnung/kappelibodenweg-40-4132-muttenz/85033362/,2026-05-17T01:45:51+00:00,20.603448275862068
85036242,"Rue du Progrès 5, 2800 Delémont - CHF 1’620 inkl. NK pro Monat",1620,4.5,100.0,2800,Delémont,Jura,Rue du Progrès 5,APARTMENT,47.36477451,7.3541922,https://flatfox.ch/de/wohnung/rue-du-progres-5-2800-delemont/85036242/,2026-05-17T01:45:51+00:00,16.2
85053001,"Hermann-Lienhardstrasse 1e, 2502 Biel/Bienne, 2505 Biel - CHF 2’250",2250,3.5,81.0,2505,Biel,Bern,"Hermann-Lienhardstrasse 1e, 2502 Biel/Bienne",ATTIC_FLAT,47.15195264,7.260754599999999,https://flatfox.ch/de/wohnung/hermann-lienhardstrasse-1e-2502-bielbienne-2505-bi/85053001/,2026-05-17T01:45:51+00:00,27.77777777777778
85054393,"Mellingerstrasse 99, 5400 Baden - CHF 1’390 inkl. NK pro Monat",1390,2.5,75.0,5400,Baden,Aargau,Mellingerstrasse 99,APARTMENT,47.4650051,8.290462999999999,https://flatfox.ch/de/wohnung/mellingerstrasse-99-5400-baden/85054393/,2026-05-17T01:45:51+00:00,18.533333333333335
85056021,"Hauptstrasse 5, 4402 Frenkendorf - CHF 2’180 inkl. NK pro Monat",2180,5.0,108.0,4402,Frenkendorf,Basel-Landschaft,Hauptstrasse 5,APARTMENT,47.502832900000016,7.71492451,https://flatfox.ch/de/wohnung/hauptstrasse-5-4402-frenkendorf/85056021/,2026-05-17T01:45:51+00:00,20.185185185185187
85059962,"Allée Charles-Edouard-Guillaume 4a, 1723 Marly - CHF 2’215 inkl. NK pro Monat",2215,4.5,85.0,1723,Marly,Fribourg,Allée Charles-Edouard-Guillaume 4a,APARTMENT,46.77585237,7.155791499999999,https://flatfox.ch/de/wohnung/allee-charles-edouard-guillaume-4a-1723-marly/85059962/,2026-05-17T01:45:51+00:00,26.058823529411764
85064266,"Hagenholzstr. 55, 8050 Zürich - CHF 6’205 inkl. NK pro Monat",6205,4.5,152.0,8050,Zürich,Zurich,Hagenholzstr. 55,APARTMENT,47.4147038,8.554801699999999,https://flatfox.ch/de/wohnung/hagenholzstr-55-8050-zurich/85064266/,2026-05-17T01:45:52+00:00,40.82236842105263
85071134,"Rue de la Chenalette 17, 1020 Renens - CHF 2’625 inkl. NK pro Monat",2625,3.5,92.0,1020,Renens,Vaud,Rue de la Chenalette 17,APARTMENT,46.52934896,6.59170113,https://flatfox.ch/de/wohnung/rue-de-la-chenalette-17-1020-renens/85071134/,2026-05-17T01:45:52+00:00,28.532608695652176
85071309,"Rue du Chêne 26, 1020 Renens - CHF 1’895 inkl. NK pro Monat",1895,2.5,55.0,1020,Renens,Vaud,Rue du Chêne 26,APARTMENT,46.5297049,6.5915126,https://flatfox.ch/de/wohnung/rue-du-chene-26-1020-renens/85071309/,2026-05-17T01:45:52+00:00,34.45454545454545
85071322,"Rue du Chêne 28, 1020 Renens - CHF 2’500 inkl. NK pro Monat",2500,2.5,83.0,1020,Renens,Vaud,Rue du Chêne 28,APARTMENT,46.5296192,6.591666999999999,https://flatfox.ch/de/wohnung/rue-du-chene-28-1020-renens/85071322/,2026-05-17T01:45:52+00:00,30.120481927710845
85075800,"Pianostrasse 65, 2503 Biel, Bienne - CHF 1’780 inkl. NK pro Monat",1780,4.5,86.0,2503,"Biel, Bienne",Bern,Pianostrasse 65,APARTMENT,47.13464440000001,7.25688876,https://flatfox.ch/de/wohnung/pianostrasse-65-2503-biel-bienne/85075800/,2026-05-17T01:45:52+00:00,20.697674418604652
85082981,"Wassergasse 13, 9320 Arbon - CHF 2’630 inkl. NK pro Monat",2630,4.5,124.0,9320,Arbon,Thurgau,Wassergasse 13,ATTIC_FLAT,47.51801211,9.4346793,https://flatfox.ch/de/wohnung/wassergasse-13-9320-arbon/85082981/,2026-05-17T01:45:52+00:00,21.20967741935484
85106638,"Grand Rue 76, 1627 Vaulruz - CHF 1’270 inkl. NK pro Monat",1270,2.5,50.0,1627,Vaulruz,Fribourg,Grand Rue 76,APARTMENT,46.6196295,6.9847216,https://flatfox.ch/de/wohnung/grand-rue-76-1627-vaulruz/85106638/,2026-05-17T01:45:52+00:00,25.4
85108697,"Stahlstrasse 9, 9000 St. Gallen - CHF 1’480 inkl. NK pro Monat",1480,2.5,65.0,9000,St. Gallen,St. Gallen,Stahlstrasse 9,APARTMENT,47.421393,9.3556148,https://flatfox.ch/de/wohnung/stahlstrasse-9-9000-st-gallen/85108697/,2026-05-17T01:45:52+00:00,22.76923076923077
85108732,"Hofstattweg 3, 3422 Kirchberg - CHF 1’900 inkl. NK pro Monat",1900,3.5,94.0,3422,Kirchberg,Bern,Hofstattweg 3,APARTMENT,47.08676875,7.586416199999999,https://flatfox.ch/de/wohnung/hofstattweg-3-3422-kirchberg/85108732/,2026-05-17T01:45:52+00:00,20.21276595744681
85108794,"Im Brünnli 3, 8152 Opfikon - CHF 3’160 inkl. NK pro Monat",3160,3.5,115.0,8152,Opfikon,Zurich,Im Brünnli 3,APARTMENT,47.43911335,8.57364115,https://flatfox.ch/de/wohnung/im-brunnli-3-8152-opfikon/85108794/,2026-05-17T01:45:52+00:00,27.47826086956522
85108878,"Im Brünnli 9, 8152 Opfikon - CHF 3’065 inkl. NK pro Monat",3065,3.5,89.0,8152,Opfikon,Zurich,Im Brünnli 9,APARTMENT,47.43940285,8.574839899999999,https://flatfox.ch/de/wohnung/im-brunnli-9-8152-opfikon/85108878/,2026-05-17T01:45:52+00:00,34.438202247191015
85110547,"Robert-Walserstrasse 9, 9100 Herisau - CHF 1’630 inkl. NK pro Monat",1630,3.5,94.0,9100,Herisau,Appenzell Ausserrhoden,Robert-Walserstrasse 9,APARTMENT,47.39690792,9.26550791,https://flatfox.ch/de/wohnung/robert-walserstrasse-9-9100-herisau/85110547/,2026-05-17T01:45:52+00:00,17.340425531914892
85111763,"Harmoniewiese 22, 8587 Amriswil - CHF 1’795 inkl. NK pro Monat",1795,3.5,95.0,8587,Amriswil,Thurgau,Harmoniewiese 22,APARTMENT,47.55607237,9.2687929,https://flatfox.ch/de/wohnung/harmoniewiese-22-8587-amriswil/85111763/,2026-05-17T01:45:52+00:00,18.894736842105264
85114171,"Meyer-Wigglistrasse 6, 4410 Liestal - CHF 1’110",1110,1.5,27.0,4410,Liestal,Basel-Landschaft,Meyer-Wigglistrasse 6,APARTMENT,47.48586329,7.73507443,https://flatfox.ch/de/wohnung/meyer-wigglistrasse-6-4410-liestal/85114171/,2026-05-17T01:45:52+00:00,41.111111111111114
85114653,"Kienastenwiesweg 31, 8053 Zürich - CHF 2’306 inkl. NK pro Monat",2306,3.0,82.0,8053,Zürich,Zurich,Kienastenwiesweg 31,APARTMENT,47.35598696,8.60369881,https://flatfox.ch/de/wohnung/kienastenwiesweg-31-8053-zurich/85114653/,2026-05-17T01:45:52+00:00,28.121951219512194
85115622,"Im Breiteli 1, 8117 Fällanden - CHF 2’930 inkl. NK pro Monat",2930,4.5,88.0,8117,Fällanden,Zurich,Im Breiteli 1,APARTMENT,47.36900171,8.6434732,https://flatfox.ch/de/wohnung/im-breiteli-1-8117-fallanden/85115622/,2026-05-17T01:45:52+00:00,33.29545454545455
85119434,"Birsweg 21, 4143 Dornach - CHF 1’820 inkl. NK pro Monat",1820,3.5,80.0,4143,Dornach,Solothurn,Birsweg 21,APARTMENT,47.485590500000015,7.609707899999999,https://flatfox.ch/de/wohnung/birsweg-21-4143-dornach/85119434/,2026-05-17T01:45:52+00:00,22.75
85119724,"Rue de Moillebeau 50, 1209 Genève - CHF 6’000",6000,7.0,175.0,1209,Genève,Geneva,Rue de Moillebeau 50,APARTMENT,46.22206527,6.13027969,https://flatfox.ch/de/wohnung/rue-de-moillebeau-50-1209-geneve/85119724/,2026-05-17T01:45:54+00:00,34.285714285714285
85130958,"Igelweid 22, 5000 Aarau - CHF 1’850 inkl. NK pro Monat",1850,3.5,89.0,5000,Aarau,Aargau,Igelweid 22,APARTMENT,47.39190652,8.04648983,https://flatfox.ch/de/wohnung/igelweid-22-5000-aarau/85130958/,2026-05-17T01:45:54+00:00,20.786516853932586
85131622,"Rue Frédéric-Carl de Marval 20, 2000 Neuchâtel - CHF 1’555 inkl. NK pro Monat",1555,3.0,72.0,2000,Neuchâtel,Neuchâtel,Rue Frédéric-Carl de Marval 20,APARTMENT,47.00547249,6.9591526,https://flatfox.ch/de/wohnung/rue-frederic-carl-de-marval-20-2000-neuchatel/85131622/,2026-05-17T01:45:54+00:00,21.59722222222222
85132051,"Fliederstrasse 13, 9200 Gossau SG - CHF 1’580 inkl. NK pro Monat",1580,4.5,90.0,9200,Gossau SG,St. Gallen,Fliederstrasse 13,APARTMENT,47.41644398,9.24336871,https://flatfox.ch/de/wohnung/fliederstrasse-13-9200-gossau-sg/85132051/,2026-05-17T01:45:54+00:00,17.555555555555557
85137380,"Rue St-Roch 40, 1004 Lausanne - CHF 2’400 inkl. NK pro Monat",2400,3.5,96.0,1004,Lausanne,Vaud,Rue St-Roch 40,APARTMENT,46.52557778,6.62649615,https://flatfox.ch/de/wohnung/rue-st-roch-40-1004-lausanne/85137380/,2026-05-17T01:45:54+00:00,25.0
85139626,"Gerenstrasse 12, 9400 Rorschach - CHF 1’650 inkl. NK pro Monat",1650,3.5,74.0,9400,Rorschach,St. Gallen,Gerenstrasse 12,APARTMENT,47.47761967,9.4870668,https://flatfox.ch/de/wohnung/gerenstrasse-12-9400-rorschach/85139626/,2026-05-17T01:45:54+00:00,22.2972972972973
85139844,"Rütlistrasse 3, 8307 Effretikon - CHF 3’945 inkl. NK pro Monat",3945,5.5,125.0,8307,Effretikon,Zurich,Rütlistrasse 3,APARTMENT,47.42678081,8.68914411,https://flatfox.ch/de/wohnung/rutlistrasse-3-8307-effretikon/85139844/,2026-05-17T01:45:54+00:00,31.56
85139879,"Brandrietstrasse 3, 8307 Effretikon - CHF 2’955 inkl. NK pro Monat",2955,4.5,96.0,8307,Effretikon,Zurich,Brandrietstrasse 3,APARTMENT,47.42606416,8.68927433,https://flatfox.ch/de/wohnung/brandrietstrasse-3-8307-effretikon/85139879/,2026-05-17T01:45:54+00:00,30.78125
85139913,"Burgwiesweg 1, 8307 Effretikon - CHF 2’820 inkl. NK pro Monat",2820,3.5,80.0,8307,Effretikon,Zurich,Burgwiesweg 1,APARTMENT,47.4286844,8.69951515,https://flatfox.ch/de/wohnung/burgwiesweg-1-8307-effretikon/85139913/,2026-05-17T01:45:54+00:00,35.25
85139955,"Krokusweg 2, 8307 Effretikon - CHF 2’200 inkl. NK pro Monat",2200,2.5,60.0,8307,Effretikon,Zurich,Krokusweg 2,APARTMENT,47.41552947,8.7019466,https://flatfox.ch/de/wohnung/krokusweg-2-8307-effretikon/85139955/,2026-05-17T01:45:54+00:00,36.666666666666664
85140371,"St.Jakobstr. 50, 4147 Aesch - CHF 2’538 inkl. NK pro Monat",2538,4.5,109.0,4147,Aesch,Basel-Landschaft,St.Jakobstr. 50,APARTMENT,47.47933260000001,7.59758429,https://flatfox.ch/de/wohnung/stjakobstr-50-4147-aesch/85140371/,2026-05-17T01:45:54+00:00,23.28440366972477
85141744,"Zürcherstrasse 30, 4310 Rheinfelden - CHF 1’620 inkl. NK pro Monat",1620,3.5,71.0,4310,Rheinfelden,Aargau,Zürcherstrasse 30,APARTMENT,47.5513153,7.8025814,https://flatfox.ch/de/wohnung/zurcherstrasse-30-4310-rheinfelden/85141744/,2026-05-17T01:45:54+00:00,22.816901408450704
85144585,"Via Monte Ceneri 6, 6593 Cadenazzo - CHF 1’360",1360,2.5,55.0,6593,Cadenazzo,Ticino,Via Monte Ceneri 6,APARTMENT,46.15113421,8.94676841,https://flatfox.ch/de/wohnung/via-monte-ceneri-6-6593-cadenazzo/85144585/,2026-05-17T01:45:54+00:00,24.727272727272727
85151359,"Route Aloys-Fauquez 122, 1018 Lausanne - CHF 1’630 inkl. NK pro Monat",1630,2.5,52.0,1018,Lausanne,Vaud,Route Aloys-Fauquez 122,APARTMENT,46.54040366,6.63379497,https://flatfox.ch/de/wohnung/route-aloys-fauquez-122-1018-lausanne/85151359/,2026-05-17T01:45:54+00:00,31.346153846153847
85154164,"St. Urbanstrasse 36, 4914 Roggwil - CHF 1’670 inkl. NK pro Monat",1670,3.5,102.0,4914,Roggwil,Bern,St. Urbanstrasse 36,APARTMENT,47.23807489,7.830916199999999,https://flatfox.ch/de/wohnung/st-urbanstrasse-36-4914-roggwil/85154164/,2026-05-17T01:45:54+00:00,16.372549019607842
85154292,"rte Joseph-Chaley 39, 1700 Fribourg - CHF 1’380 inkl. NK pro Monat",1380,2.5,60.0,1700,Fribourg,Fribourg,rte Joseph-Chaley 39,APARTMENT,46.80501413,7.1776027,https://flatfox.ch/de/wohnung/rte-joseph-chaley-39-1700-fribourg/85154292/,2026-05-17T01:45:54+00:00,23.0
85159506,"Degersheimerstrasse 21, 9100 Herisau - CHF 1’410 inkl. NK pro Monat",1410,2.5,60.0,9100,Herisau,Appenzell Ausserrhoden,Degersheimerstrasse 21,APARTMENT,47.38479151,9.2701113,https://flatfox.ch/de/wohnung/degersheimerstrasse-21-9100-herisau/85159506/,2026-05-17T01:45:54+00:00,23.5
85170416,"Höhenrainstrasse 3a, 8586 Erlen - CHF 1’840 inkl. NK pro Monat",1840,4.5,92.0,8586,Erlen,Thurgau,Höhenrainstrasse 3a,APARTMENT,47.54466343,9.21586671,https://flatfox.ch/de/wohnung/hohenrainstrasse-3a-8586-erlen/85170416/,2026-05-17T01:45:56+00:00,20.0
85173553,"Mattweg 59, 4144 Arlesheim - CHF 1’500 inkl. NK pro Monat",1500,3.0,65.0,4144,Arlesheim,Basel-Landschaft,Mattweg 59,APARTMENT,47.499735600000015,7.61619881,https://flatfox.ch/de/wohnung/mattweg-59-4144-arlesheim/85173553/,2026-05-17T01:45:56+00:00,23.076923076923077
85174002,"Via Sasso Corbaro 21, 6593 Cadenazzo - CHF 1’660 inkl. NK pro Monat",1660,3.5,74.0,6593,Cadenazzo,Ticino,Via Sasso Corbaro 21,APARTMENT,46.14948549,8.944512999999999,https://flatfox.ch/de/wohnung/via-sasso-corbaro-21-6593-cadenazzo/85174002/,2026-05-17T01:45:56+00:00,22.43243243243243
85175435,"Grubenstrasse 37, 4900 Langenthal - CHF 1’255 inkl. NK pro Monat",1255,3.5,78.0,4900,Langenthal,Bern,Grubenstrasse 37,APARTMENT,47.22373936,7.78529131,https://flatfox.ch/de/wohnung/grubenstrasse-37-4900-langenthal/85175435/,2026-05-17T01:45:56+00:00,16.08974358974359
85175593,"Chemin du Couchant 30, 1007 Lausanne - CHF 2’910 inkl. NK pro Monat",2910,3.5,61.0,1007,Lausanne,Vaud,Chemin du Couchant 30,APARTMENT,46.5208864,6.60804761,https://flatfox.ch/de/wohnung/chemin-du-couchant-30-1007-lausanne/85175593/,2026-05-17T01:45:56+00:00,47.704918032786885
85182138,"Brummelmattstrasse 5, 5033 Buchs - CHF 2’350 inkl. NK pro Monat",2350,4.5,119.0,5033,Buchs,Aargau,Brummelmattstrasse 5,APARTMENT,47.38786993,8.07386078,https://flatfox.ch/de/wohnung/brummelmattstrasse-5-5033-buchs/85182138/,2026-05-17T01:45:56+00:00,19.747899159663866
85182232,"Corso San Gottardo 84, 6830 Chiasso - CHF 1’240 inkl. NK pro Monat",1240,3.5,78.0,6830,Chiasso,Ticino,Corso San Gottardo 84,APARTMENT,45.8365821,9.0257099,https://flatfox.ch/de/wohnung/corso-san-gottardo-84-6830-chiasso/85182232/,2026-05-17T01:45:56+00:00,15.897435897435898
85186109,"Neugasse 31b, 9602 Bazenheid - CHF 1’825 inkl. NK pro Monat",1825,3.5,110.0,9602,Bazenheid,St. Gallen,Neugasse 31b,APARTMENT,47.40997521,9.0665188,https://flatfox.ch/de/wohnung/neugasse-31b-9602-bazenheid/85186109/,2026-05-17T01:45:56+00:00,16.59090909090909
85189080,"piazza grande, 6826 Riva San Vitale - CHF 3’900",3900,3.5,124.0,6826,Riva San Vitale,Ticino,piazza grande,APARTMENT,45.90540034,8.97105752,https://flatfox.ch/de/wohnung/piazza-grande-6826-riva-san-vitale/85189080/,2026-05-17T01:45:56+00:00,31.451612903225808
85190274,"Place du Vallon 18, 1005 Lausanne - CHF 985 inkl. NK pro Monat",985,1.0,25.0,1005,Lausanne,Vaud,Place du Vallon 18,APARTMENT,46.52765012,6.6401072,https://flatfox.ch/de/wohnung/place-du-vallon-18-1005-lausanne/85190274/,2026-05-17T01:45:56+00:00,39.4
85191655,"Kirchstrasse 2-8, 24-26, 3097 Liebefeld - CHF 3’900 inkl. NK pro Monat",3900,4.5,190.0,3097,Liebefeld,Bern,"Kirchstrasse 2-8, 24-26",DUPLEX,46.93019033,7.427786100000001,https://flatfox.ch/de/wohnung/kirchstrasse-2-8-24-26-3097-liebefeld/85191655/,2026-05-17T01:45:56+00:00,20.526315789473685
85192960,"Mühlemattstrasse 70, 4414 Füllinsdorf - CHF 1’790 inkl. NK pro Monat",1790,3.5,81.0,4414,Füllinsdorf,Basel-Landschaft,Mühlemattstrasse 70,ROOF_FLAT,47.50755052,7.726702599999999,https://flatfox.ch/de/wohnung/muhlemattstrasse-70-4414-fullinsdorf/85192960/,2026-05-17T01:45:56+00:00,22.098765432098766
85195461,"Bruderholzstrasse 65, 4104 Oberwil - CHF 2’250 inkl. NK pro Monat",2250,4.5,91.0,4104,Oberwil,Basel-Landschaft,Bruderholzstrasse 65,APARTMENT,47.51373844,7.568599799999999,https://flatfox.ch/de/wohnung/bruderholzstrasse-65-4104-oberwil/85195461/,2026-05-17T01:45:56+00:00,24.725274725274726
85198944,"Rosenstrasse 2, 9430 St. Margrethen SG - CHF 1’270",1270,3.5,68.0,9430,St. Margrethen SG,St. Gallen,Rosenstrasse 2,APARTMENT,47.4469868,9.64532843,https://flatfox.ch/de/wohnung/rosenstrasse-2-9430-st-margrethen-sg/85198944/,2026-05-17T01:45:56+00:00,18.676470588235293
85199199,"Mühlackerstrasse 2a, 4563 Gerlafingen - CHF 1’850 inkl. NK pro Monat",1850,4.5,78.0,4563,Gerlafingen,Solothurn,Mühlackerstrasse 2a,APARTMENT,47.16847676,7.573161799999999,https://flatfox.ch/de/wohnung/muhlackerstrasse-2a-4563-gerlafingen/85199199/,2026-05-17T01:45:56+00:00,23.71794871794872
85201335,"Solothurnstrasse 33, 3303 Jegenstorf - CHF 1’820 inkl. NK pro Monat",1820,4.5,80.0,3303,Jegenstorf,Bern,Solothurnstrasse 33,APARTMENT,47.05421595,7.511386799999999,https://flatfox.ch/de/wohnung/solothurnstrasse-33-3303-jegenstorf/85201335/,2026-05-17T01:45:56+00:00,22.75
85203218,"Rue des Paquières 19, 1424 Champagne - CHF 2’950",2950,4.5,166.0,1424,Champagne,Vaud,Rue des Paquières 19,APARTMENT,46.834344,6.65679193,https://flatfox.ch/de/wohnung/rue-des-paquieres-19-1424-champagne/85203218/,2026-05-17T01:45:56+00:00,17.771084337349397
85206279,"Bahnhofstrasse 23, 4125 Riehen - CHF 2’558 inkl. NK pro Monat",2558,3.5,86.0,4125,Riehen,Basel-Stadt,Bahnhofstrasse 23,APARTMENT,47.58381918,7.652146300000001,https://flatfox.ch/de/wohnung/bahnhofstrasse-23-4125-riehen/85206279/,2026-05-17T01:45:56+00:00,29.74418604651163
85206280,"Rue de la Dîme 58, 2000 Neuchâtel - CHF 1’120 inkl. NK pro Monat",1120,2.0,47.0,2000,Neuchâtel,Neuchâtel,Rue de la Dîme 58,APARTMENT,47.00938221,6.96478617,https://flatfox.ch/de/wohnung/rue-de-la-dime-58-2000-neuchatel/85206280/,2026-05-17T01:45:56+00:00,23.829787234042552
85214840,"Luzernstrasse 130, 4528 Zuchwil - CHF 950 inkl. NK pro Monat",950,1.0,20.0,4528,Zuchwil,Solothurn,Luzernstrasse 130,SINGLE_ROOM,47.19917875,7.57807373,https://flatfox.ch/de/wohnung/luzernstrasse-130-4528-zuchwil/85214840/,2026-05-17T01:45:58+00:00,47.5
85241975,"Achern 12, 8775 Luchsingen - CHF 800",800,1.0,25.0,8775,Luchsingen,Glarus,Achern 12,APARTMENT,46.96616534,9.03356941,https://flatfox.ch/de/wohnung/achern-12-8775-luchsingen/85241975/,2026-05-17T01:45:58+00:00,32.0
85242938,"Dornacherstr. 324, 4053 Basel - CHF 3’245 inkl. NK pro Monat",3245,4.5,131.0,4053,Basel,Basel-Stadt,Dornacherstr. 324,DUPLEX,47.53893515,7.60243341,https://flatfox.ch/de/wohnung/dornacherstr-324-4053-basel/85242938/,2026-05-17T01:45:58+00:00,24.770992366412212
85244830,"Thunstrasse 156, 3074 Muri b. Bern - CHF 1’895 inkl. NK pro Monat",1895,4.0,87.0,3074,Muri b. Bern,Bern,Thunstrasse 156,APARTMENT,46.926948400000015,7.4957999000000015,https://flatfox.ch/de/wohnung/thunstrasse-156-3074-muri-b-bern/85244830/,2026-05-17T01:45:58+00:00,21.7816091954023
85244849,"Nidfeldstrasse 2j, 6010 Kriens - CHF 2’680 inkl. NK pro Monat",2680,4.5,98.0,6010,Kriens,Lucerne,Nidfeldstrasse 2j,APARTMENT,47.02958155,8.29674568,https://flatfox.ch/de/wohnung/nidfeldstrasse-2j-6010-kriens/85244849/,2026-05-17T01:45:58+00:00,27.346938775510203
85245360,"Chemin de Laurence 1, 1185 Mont-sur-Rolle - CHF 2’140 inkl. NK pro Monat",2140,3.5,64.0,1185,Mont-sur-Rolle,Vaud,Chemin de Laurence 1,APARTMENT,46.46396017,6.34909349,https://flatfox.ch/de/wohnung/chemin-de-laurence-1-1185-mont-sur-rolle/85245360/,2026-05-17T01:45:58+00:00,33.4375
85248072,"Via Zorzi 39a, 6900 Paradiso - CHF 860 inkl. NK pro Monat",860,1.5,20.0,6900,Paradiso,Ticino,Via Zorzi 39a,FURNISHED_FLAT,45.9898571,8.941769599999999,https://flatfox.ch/de/wohnung/via-zorzi-39a-6900-paradiso/85248072/,2026-05-17T01:45:58+00:00,43.0
85248131,"Rte de Colovrex 3, 1218 Le Grand-Saconnex - CHF 2’550 inkl. NK pro Monat",2550,2.5,58.0,1218,Le Grand-Saconnex,Geneva,Rte de Colovrex 3,APARTMENT,46.2346733,6.12452537,https://flatfox.ch/de/wohnung/rte-de-colovrex-3-1218-le-grand-saconnex/85248131/,2026-05-17T01:45:58+00:00,43.96551724137931
85253290,"Freie Strasse 88, Barfüssergasse 3, 4051 Basel - CHF 4’040 inkl. NK pro Monat",4040,3.5,158.0,4051,Basel,Basel-Stadt,"Freie Strasse 88, Barfüssergasse 3",APARTMENT,47.55426971,7.591248200000001,https://flatfox.ch/de/wohnung/freie-strasse-88-barfussergasse-3-4051-basel/85253290/,2026-05-17T01:45:58+00:00,25.569620253164558
85257138,"Im Baumgarten 8, 3066 Stettlen - CHF 1’914 inkl. NK pro Monat",1914,3.5,82.0,3066,Stettlen,Bern,Im Baumgarten 8,APARTMENT,46.95741017,7.525538000000002,https://flatfox.ch/de/wohnung/im-baumgarten-8-3066-stettlen/85257138/,2026-05-17T01:45:58+00:00,23.341463414634145
85260700,6965 Cadro - CHF 1’500,1500,3.5,67.0,6965,Cadro,Ticino,,APARTMENT,46.04693193475296,8.986990232525352,https://flatfox.ch/de/wohnung/6965-cadro/85260700/,2026-05-17T01:45:58+00:00,22.388059701492537
85260794,"Grabenstrasse 49a, 3360 Herzogenbuchsee - CHF 2’260 inkl. NK pro Monat",2260,4.5,117.0,3360,Herzogenbuchsee,Bern,Grabenstrasse 49a,APARTMENT,47.1974516,7.706323200000002,https://flatfox.ch/de/wohnung/grabenstrasse-49a-3360-herzogenbuchsee/85260794/,2026-05-17T01:45:58+00:00,19.316239316239315
85261267,"St. Gallerstr. 66, 9200 Gossau SG - CHF 1’185 inkl. NK pro Monat",1185,2.5,42.0,9200,Gossau SG,St. Gallen,St. Gallerstr. 66,APARTMENT,47.41626961,9.2509323,https://flatfox.ch/de/wohnung/st-gallerstr-66-9200-gossau-sg/85261267/,2026-05-17T01:45:58+00:00,28.214285714285715
85261272,"Im Zentrum 3b, 9300 Wittenbach - CHF 980 inkl. NK pro Monat",980,1.0,59.0,9300,Wittenbach,St. Gallen,Im Zentrum 3b,STUDIO,47.46022838,9.38703471,https://flatfox.ch/de/wohnung/im-zentrum-3b-9300-wittenbach/85261272/,2026-05-17T01:45:58+00:00,16.610169491525422
85262124,"Dorniackerstrasse 13, 3322 Urtenen-Schönbühl - CHF 1’675 inkl. NK pro Monat",1675,3.5,83.0,3322,Urtenen-Schönbühl,Bern,Dorniackerstrasse 13,APARTMENT,47.01966441,7.511009699999999,https://flatfox.ch/de/wohnung/dorniackerstrasse-13-3322-urtenen-schonbuhl/85262124/,2026-05-17T01:45:58+00:00,20.180722891566266
85262441,"Amthausgasse 35, 4242 Laufen - CHF 2’260",2260,2.5,120.0,4242,Laufen,Basel-Landschaft,Amthausgasse 35,DUPLEX,47.423268600000014,7.502064099999999,https://flatfox.ch/de/wohnung/amthausgasse-35-4242-laufen/85262441/,2026-05-17T01:45:58+00:00,18.833333333333332
85264397,"Blauenstrasse 1, 4127 Birsfelden - CHF 1’755 inkl. NK pro Monat",1755,3.5,75.0,4127,Birsfelden,Basel-Landschaft,Blauenstrasse 1,APARTMENT,47.55172161,7.628343600000002,https://flatfox.ch/de/wohnung/blauenstrasse-1-4127-birsfelden/85264397/,2026-05-17T01:45:58+00:00,23.4
85265056,"Juchstrasse 20, 5436 Würenlos - CHF 1’919 inkl. NK pro Monat",1919,3.5,81.0,5436,Würenlos,Aargau,Juchstrasse 20,APARTMENT,47.4423695,8.35982737,https://flatfox.ch/de/wohnung/juchstrasse-20-5436-wurenlos/85265056/,2026-05-17T01:45:58+00:00,23.691358024691358
85267029,"Rue du Grand-Pré 54-58, 1202 Genève - CHF 2’310 inkl. NK pro Monat",2310,2.0,69.0,1202,Genève,Geneva,Rue du Grand-Pré 54-58,APARTMENT,46.21533622,6.1335431,https://flatfox.ch/de/wohnung/rue-du-grand-pre-54-58-1202-geneve/85267029/,2026-05-17T01:46:00+00:00,33.47826086956522
85267234,"Baslerstr. 191, 4123 Allschwil - CHF 1’990 inkl. NK pro Monat",1990,3.5,95.0,4123,Allschwil,Basel-Landschaft,Baslerstr. 191,APARTMENT,47.55323319,7.55019637,https://flatfox.ch/de/wohnung/baslerstr-191-4123-allschwil/85267234/,2026-05-17T01:46:00+00:00,20.94736842105263
85268781,"Risegg 11, 9422 Staad - CHF 1’640 inkl. NK pro Monat",1640,3.5,85.0,9422,Staad,St. Gallen,Risegg 11,APARTMENT,47.47933647,9.54036153,https://flatfox.ch/de/wohnung/risegg-11-9422-staad/85268781/,2026-05-17T01:46:00+00:00,19.294117647058822
85269223,"Auf der Wacht 1, 4104 Oberwil BL - CHF 1’900 inkl. NK pro Monat",1900,4.0,86.0,4104,Oberwil BL,Basel-Landschaft,Auf der Wacht 1,APARTMENT,47.52089166,7.56228671,https://flatfox.ch/de/wohnung/auf-der-wacht-1-4104-oberwil-bl/85269223/,2026-05-17T01:46:00+00:00,22.093023255813954
85269703,"Chemin de la Riedera 20, 1724 Montévraz - CHF 3’490 inkl. NK pro Monat",3490,5.5,220.0,1724,Montévraz,Fribourg,Chemin de la Riedera 20,APARTMENT,46.73235886,7.173325900000001,https://flatfox.ch/de/wohnung/chemin-de-la-riedera-20-1724-montevraz/85269703/,2026-05-17T01:46:00+00:00,15.863636363636363
85269830,"Bahnhofstr. 40b, 9200 Gossau SG - CHF 2’125 inkl. NK pro Monat",2125,3.5,108.0,9200,Gossau SG,St. Gallen,Bahnhofstr. 40b,APARTMENT,47.41251699,9.25169044,https://flatfox.ch/de/wohnung/bahnhofstr-40b-9200-gossau-sg/85269830/,2026-05-17T01:46:00+00:00,19.675925925925927
85270651,"Haini-Rennhas-Strasse 11, 9403 Goldach - CHF 1’360 inkl. NK pro Monat",1360,3.5,72.0,9403,Goldach,St. Gallen,Haini-Rennhas-Strasse 11,APARTMENT,47.47840110000001,9.46253396,https://flatfox.ch/de/wohnung/haini-rennhas-strasse-11-9403-goldach/85270651/,2026-05-17T01:46:00+00:00,18.88888888888889
85271071,"Oberstrasse 207, 9000 St. Gallen - CHF 1’375 inkl. NK pro Monat",1375,2.5,53.0,9000,St. Gallen,St. Gallen,Oberstrasse 207,APARTMENT,47.4119934,9.35159231,https://flatfox.ch/de/wohnung/oberstrasse-207-9000-st-gallen/85271071/,2026-05-17T01:46:00+00:00,25.943396226415093
85271083,"Route de Cité-Ouest 27, 1196 Gland - CHF 1’460 inkl. NK pro Monat",1460,1.5,35.0,1196,Gland,Vaud,Route de Cité-Ouest 27,APARTMENT,46.4226532,6.2562965,https://flatfox.ch/de/wohnung/route-de-cite-ouest-27-1196-gland/85271083/,2026-05-17T01:46:00+00:00,41.714285714285715
85271141,"Robert-Walserstrasse 9, 9100 Herisau - CHF 1’610 inkl. NK pro Monat",1610,3.5,92.0,9100,Herisau,Appenzell Ausserrhoden,Robert-Walserstrasse 9,APARTMENT,47.39690792,9.26550791,https://flatfox.ch/de/wohnung/robert-walserstrasse-9-9100-herisau/85271141/,2026-05-17T01:46:00+00:00,17.5
85271400,"Etzmattrain 26, 3322 Urtenen-Schönbühl - CHF 1’830 inkl. NK pro Monat",1830,3.5,81.0,3322,Urtenen-Schönbühl,Bern,Etzmattrain 26,APARTMENT,47.02476228,7.50284114,https://flatfox.ch/de/wohnung/etzmattrain-26-3322-urtenen-schonbuhl/85271400/,2026-05-17T01:46:00+00:00,22.59259259259259
85272581,"Johann-Verresius-Strasse 16, 2502 Biel - CHF 3’200",3200,4.0,97.0,2502,Biel,Bern,Johann-Verresius-Strasse 16,FURNISHED_FLAT,47.13241178,7.24580949,https://flatfox.ch/de/wohnung/johann-verresius-strasse-16-2502-biel/85272581/,2026-05-17T01:46:00+00:00,32.98969072164948
85273745,"Bottmingerstrasse 35, 4142 Münchenstein - CHF 1’590 inkl. NK pro Monat",1590,3.0,75.0,4142,Münchenstein,Basel-Landschaft,Bottmingerstrasse 35,APARTMENT,47.52293622,7.606543500000001,https://flatfox.ch/de/wohnung/bottmingerstrasse-35-4142-munchenstein/85273745/,2026-05-17T01:46:01+00:00,21.2
85273870,"Freiestrasse 53, 2540 Grenchen - CHF 1’820 inkl. NK pro Monat",1820,3.5,110.0,2540,Grenchen,Solothurn,Freiestrasse 53,APARTMENT,47.19152023,7.4007821,https://flatfox.ch/de/wohnung/freiestrasse-53-2540-grenchen/85273870/,2026-05-17T01:46:01+00:00,16.545454545454547
85273911,"Riehenstrasse 125, 4058 Basel - CHF 1’700 inkl. NK pro Monat",1700,3.0,65.0,4058,Basel,Basel-Stadt,Riehenstrasse 125,APARTMENT,47.56426484,7.60423456,https://flatfox.ch/de/wohnung/riehenstrasse-125-4058-basel/85273911/,2026-05-17T01:46:01+00:00,26.153846153846153
85274022,"Holderbachweg 61, 8046 Zürich - CHF 2’490 inkl. NK pro Monat",2490,2.5,52.0,8046,Zürich,Zurich,Holderbachweg 61,APARTMENT,47.41746171,8.50243718,https://flatfox.ch/de/wohnung/holderbachweg-61-8046-zurich/85274022/,2026-05-17T01:46:01+00:00,47.88461538461539
85275850,"Lischmatt 9, 4616 Kappel SO - CHF 1’790 inkl. NK pro Monat",1790,3.5,90.0,4616,Kappel SO,Solothurn,Lischmatt 9,APARTMENT,47.32483656,7.843502,https://flatfox.ch/de/wohnung/lischmatt-9-4616-kappel-so/85275850/,2026-05-17T01:46:01+00:00,19.88888888888889
85277117,"via Mondino 22, 6933 Muzzano - CHF 2’350",2350,3.5,86.0,6933,Muzzano,Ticino,via Mondino 22,APARTMENT,45.992246,8.91326086,https://flatfox.ch/de/wohnung/via-mondino-22-6933-muzzano/85277117/,2026-05-17T01:46:01+00:00,27.325581395348838
85278322,"Kirchweg 112, 8246 Langwiesen - CHF 1’829 inkl. NK pro Monat",1829,4.5,99.0,8246,Langwiesen,Zurich,Kirchweg 112,APARTMENT,47.68638633,8.65468295,https://flatfox.ch/de/wohnung/kirchweg-112-8246-langwiesen/85278322/,2026-05-17T01:46:01+00:00,18.474747474747474
85278422,"Rue des Frères-Lumière 22, 1723 Marly - CHF 1’885 inkl. NK pro Monat",1885,2.5,66.0,1723,Marly,Fribourg,Rue des Frères-Lumière 22,APARTMENT,46.77436100000001,7.156283,https://flatfox.ch/de/wohnung/rue-des-freres-lumiere-22-1723-marly/85278422/,2026-05-17T01:46:01+00:00,28.560606060606062
85279595,"Rue de la Gare 16/18, 2074 Marin-Epagnier - CHF 1’799 inkl. NK pro Monat",1799,3.5,87.0,2074,Marin-Epagnier,Neuchâtel,Rue de la Gare 16/18,APARTMENT,47.00884071,7.007918699999999,https://flatfox.ch/de/wohnung/rue-de-la-gare-1618-2074-marin-epagnier/85279595/,2026-05-17T01:46:01+00:00,20.67816091954023
85280006,"Delsbergerstr. 52, 4242 Laufen - CHF 1’890",1890,3.5,101.0,4242,Laufen,Basel-Landschaft,Delsbergerstr. 52,APARTMENT,47.41978918,7.50023139,https://flatfox.ch/de/wohnung/delsbergerstr-52-4242-laufen/85280006/,2026-05-17T01:46:01+00:00,18.712871287128714
85281095,"Via dei Faggi 1, 6912 Pazzallo - CHF 1’600 inkl. NK pro Monat",1600,3.5,80.0,6912,Pazzallo,Ticino,Via dei Faggi 1,APARTMENT,45.98671574,8.94059031,https://flatfox.ch/de/wohnung/via-dei-faggi-1-6912-pazzallo/85281095/,2026-05-17T01:46:01+00:00,20.0
85285900,"Route de la Scie 10, 1278 La Rippe - CHF 2’600",2600,5.0,160.0,1278,La Rippe,Vaud,Route de la Scie 10,APARTMENT,46.38187762,6.15163415,https://flatfox.ch/de/wohnung/route-de-la-scie-10-1278-la-rippe/85285900/,2026-05-17T01:46:03+00:00,16.25
85286531,"Gerechtigkeitsgasse 9, 3011 Bern - CHF 2’650 inkl. NK pro Monat",2650,2.0,95.0,3011,Bern,Bern,Gerechtigkeitsgasse 9,APARTMENT,46.9484446,7.45526227,https://flatfox.ch/de/wohnung/gerechtigkeitsgasse-9-3011-bern/85286531/,2026-05-17T01:46:03+00:00,27.894736842105264
85287853,"Mühleweg 3, 8135 Langnau am Albis - CHF 3’255",3255,4.5,100.0,8135,Langnau am Albis,Zurich,Mühleweg 3,FURNISHED_FLAT,47.28771358,8.53778628,https://flatfox.ch/de/wohnung/muhleweg-3-8135-langnau-am-albis/85287853/,2026-05-17T01:46:03+00:00,32.55
85289072,"Rainal. 47, 4125 Riehen - CHF 1’640 inkl. NK pro Monat",1640,3.0,65.0,4125,Riehen,Basel-Stadt,Rainal. 47,APARTMENT,47.582659000000014,7.6524344,https://flatfox.ch/de/wohnung/rainal-47-4125-riehen/85289072/,2026-05-17T01:46:03+00:00,25.23076923076923
85289077,"Bruggmühle 12, 9220 Bischofszell - CHF 2’030 inkl. NK pro Monat",2030,4.5,98.0,9220,Bischofszell,Thurgau,Bruggmühle 12,APARTMENT,47.4980867,9.23895779,https://flatfox.ch/de/wohnung/bruggmuhle-12-9220-bischofszell/85289077/,2026-05-17T01:46:03+00:00,20.714285714285715
85289089,9244 Niederuzwil - CHF 1’360 inkl. NK pro Monat,1360,2.5,60.0,9244,Niederuzwil,St. Gallen,,APARTMENT,47.44460776030371,9.141244900049497,https://flatfox.ch/de/wohnung/9244-niederuzwil/85289089/,2026-05-17T01:46:03+00:00,22.666666666666668
85291653,"Hofstrasse 3, 8707 Uetikon am See - CHF 2’088 inkl. NK pro Monat",2088,4.5,87.0,8707,Uetikon am See,Zurich,Hofstrasse 3,APARTMENT,47.26706022,8.67405574,https://flatfox.ch/de/wohnung/hofstrasse-3-8707-uetikon-am-see/85291653/,2026-05-17T01:46:04+00:00,24.0
85291922,"Seeblickstr. Haus A 10, 8645 Jona - CHF 4’370 inkl. NK pro Monat",4370,4.5,126.0,8645,Jona,St. Gallen,Seeblickstr. Haus A 10,ATTIC_FLAT,47.23366759,8.831295299999999,https://flatfox.ch/de/wohnung/seeblickstr-haus-a-10-8645-jona/85291922/,2026-05-17T01:46:04+00:00,34.682539682539684
85292656,"Wylerweg 3, 3324 Hindelbank - CHF 1’590 inkl. NK pro Monat",1590,3.5,83.0,3324,Hindelbank,Bern,Wylerweg 3,APARTMENT,47.040737700000015,7.5402903000000014,https://flatfox.ch/de/wohnung/wylerweg-3-3324-hindelbank/85292656/,2026-05-17T01:46:04+00:00,19.156626506024097
85293308,"Bahnhofstrasse 25, 3066 Stettlen - CHF 2’220 inkl. NK pro Monat",2220,6.0,107.0,3066,Stettlen,Bern,Bahnhofstrasse 25,APARTMENT,46.95696098,7.52437927,https://flatfox.ch/de/wohnung/bahnhofstrasse-25-3066-stettlen/85293308/,2026-05-17T01:46:04+00:00,20.747663551401867
85293821,"Sonneggstrasse 4a, 4950 Huttwil - CHF 2’240 inkl. NK pro Monat",2240,4.5,118.0,4950,Huttwil,Bern,Sonneggstrasse 4a,APARTMENT,47.11500488,7.84709826,https://flatfox.ch/de/wohnung/sonneggstrasse-4a-4950-huttwil/85293821/,2026-05-17T01:46:04+00:00,18.983050847457626
85293948,"Berthastrasse 1, 4500 Solothurn - CHF 2’050 inkl. NK pro Monat",2050,4.0,100.0,4500,Solothurn,Solothurn,Berthastrasse 1,DUPLEX,47.2049681,7.54049921,https://flatfox.ch/de/wohnung/berthastrasse-1-4500-solothurn/85293948/,2026-05-17T01:46:04+00:00,20.5
85294017,"Mattenstrasse 7, 2555 Brügg BE - CHF 1’600 inkl. NK pro Monat",1600,3.5,74.0,2555,Brügg BE,Bern,Mattenstrasse 7,APARTMENT,47.12424138,7.2731324,https://flatfox.ch/de/wohnung/mattenstrasse-7-2555-brugg-be/85294017/,2026-05-17T01:46:04+00:00,21.62162162162162
85294779,"A Pully, 1009 Pully - CHF 4’100",4100,5.5,174.0,1009,Pully,Vaud,A Pully,APARTMENT,46.50361474,6.66298085,https://flatfox.ch/de/wohnung/a-pully-1009-pully/85294779/,2026-05-17T01:46:04+00:00,23.563218390804597
85295392,"Rue de Champréveyres 11, 2000 Neuchâtel - CHF 3’100 inkl. NK pro Monat",3100,4.5,117.0,2000,Neuchâtel,Neuchâtel,Rue de Champréveyres 11,ATTIC_FLAT,47.00602124,6.96236296,https://flatfox.ch/de/wohnung/rue-de-champreveyres-11-2000-neuchatel/85295392/,2026-05-17T01:46:04+00:00,26.495726495726494
85295514,3063 Ittigen - CHF 2’938 inkl. NK pro Monat,2938,3.5,100.0,3063,Ittigen,Bern,,FURNISHED_FLAT,46.982427592218734,7.47765152484796,https://flatfox.ch/de/wohnung/3063-ittigen/85295514/,2026-05-17T01:46:04+00:00,29.38
85295515,3063 Ittigen - CHF 3’938 inkl. NK pro Monat,3938,4.5,120.0,3063,Ittigen,Bern,,FURNISHED_FLAT,46.982431417683664,7.477538320622315,https://flatfox.ch/de/wohnung/3063-ittigen/85295515/,2026-05-17T01:46:04+00:00,32.81666666666667
85296521,"Piazza Indipendenza, 6900 Lugano - CHF 2’800",2800,2.5,65.0,6900,Lugano,Ticino,Piazza Indipendenza,APARTMENT,46.0049281,8.95515781,https://flatfox.ch/de/wohnung/piazza-indipendenza-6900-lugano/85296521/,2026-05-17T01:46:04+00:00,43.07692307692308
85296522,"Piazza Indipendenza, 6900 Lugano - CHF 2’500",2500,1.5,60.0,6900,Lugano,Ticino,Piazza Indipendenza,APARTMENT,46.0049281,8.95515781,https://flatfox.ch/de/wohnung/piazza-indipendenza-6900-lugano/85296522/,2026-05-17T01:46:04+00:00,41.666666666666664
85296523,"Piazza Indipendenza, 6900 Lugano - CHF 4’200",4200,3.5,105.0,6900,Lugano,Ticino,Piazza Indipendenza,APARTMENT,46.0049281,8.95515781,https://flatfox.ch/de/wohnung/piazza-indipendenza-6900-lugano/85296523/,2026-05-17T01:46:04+00:00,40.0
85298070,"Via Luigi Taddei 15, 6962 Viganello - CHF 980 inkl. NK pro Monat",980,1.0,36.0,6962,Viganello,Ticino,Via Luigi Taddei 15,APARTMENT,46.01443015,8.96363651,https://flatfox.ch/de/wohnung/via-luigi-taddei-15-6962-viganello/85298070/,2026-05-17T01:46:04+00:00,27.22222222222222
85298922,"Weidstr. 6, 8135 Langnau am Albis - CHF 1’880 inkl. NK pro Monat",1880,4.5,88.0,8135,Langnau am Albis,Zurich,Weidstr. 6,APARTMENT,47.2941241,8.536738900000001,https://flatfox.ch/de/wohnung/weidstr-6-8135-langnau-am-albis/85298922/,2026-05-17T01:46:06+00:00,21.363636363636363
85300330,"Rue des Crêtets 141, 2300 La Chaux-de-Fonds - CHF 1’390 inkl. NK pro Monat",1390,4.0,84.0,2300,La Chaux-de-Fonds,Neuchâtel,Rue des Crêtets 141,APARTMENT,47.0895416,6.8151359,https://flatfox.ch/de/wohnung/rue-des-cretets-141-2300-la-chaux-de-fonds/85300330/,2026-05-17T01:46:06+00:00,16.547619047619047
85300395,"Schalensteinweg 2, 2540 Grenchen - CHF 1’150",1150,3.5,67.0,2540,Grenchen,Solothurn,Schalensteinweg 2,APARTMENT,47.18654883,7.391084200000002,https://flatfox.ch/de/wohnung/schalensteinweg-2-2540-grenchen/85300395/,2026-05-17T01:46:06+00:00,17.16417910447761
85301392,"Route de Berne 24, 1010 Lausanne - CHF 2’310 inkl. NK pro Monat",2310,3.5,86.0,1010,Lausanne,Vaud,Route de Berne 24,APARTMENT,46.53614942,6.64877388,https://flatfox.ch/de/wohnung/route-de-berne-24-1010-lausanne/85301392/,2026-05-17T01:46:06+00:00,26.86046511627907
85301686,"Centralstr. 95, 2540 Grenchen - CHF 825 inkl. NK pro Monat",825,1.0,19.0,2540,Grenchen,Solothurn,Centralstr. 95,APARTMENT,47.1964537,7.39427255,https://flatfox.ch/de/wohnung/centralstr-95-2540-grenchen/85301686/,2026-05-17T01:46:06+00:00,43.421052631578945
85301703,"Rue des Frères-Lumière 22, 1723 Marly - CHF 1’865 inkl. NK pro Monat",1865,2.5,66.0,1723,Marly,Fribourg,Rue des Frères-Lumière 22,APARTMENT,46.77436100000001,7.156283,https://flatfox.ch/de/wohnung/rue-des-freres-lumiere-22-1723-marly/85301703/,2026-05-17T01:46:06+00:00,28.257575757575758
85301737,3910 Saas-Grund - CHF 1’300,1300,2.5,40.0,3910,Saas-Grund,Valais,,APARTMENT,46.13204442267836,7.979396651528475,https://flatfox.ch/de/wohnung/3910-saas-grund/85301737/,2026-05-17T01:46:06+00:00,32.5
85301826,"Via Cantonale 45, 6574 Vira (Gambarogno) - CHF 1’100 inkl. NK pro Monat",1100,2.5,50.0,6574,Vira (Gambarogno),Ticino,Via Cantonale 45,APARTMENT,46.1437029,8.841403099999999,https://flatfox.ch/de/wohnung/via-cantonale-45-6574-vira-gambarogno/85301826/,2026-05-17T01:46:06+00:00,22.0
85302472,"Baumattstrasse 6, 9212 Arnegg - CHF 1’560",1560,2.5,57.0,9212,Arnegg,St. Gallen,Baumattstrasse 6,APARTMENT,47.44535789,9.2550941,https://flatfox.ch/de/wohnung/baumattstrasse-6-9212-arnegg/85302472/,2026-05-17T01:46:06+00:00,27.36842105263158
85302651,"Käppelisgasse 11, 4704 Niederbipp - CHF 1’390 inkl. NK pro Monat",1390,4.5,69.0,4704,Niederbipp,Bern,Käppelisgasse 11,APARTMENT,47.27166632,7.689858399999999,https://flatfox.ch/de/wohnung/kappelisgasse-11-4704-niederbipp/85302651/,2026-05-17T01:46:06+00:00,20.144927536231883
85303391,"Bielstrasse 31, 4153 Reinach - CHF 1’880 inkl. NK pro Monat",1880,3.0,73.0,4153,Reinach,Basel-Landschaft,Bielstrasse 31,APARTMENT,47.49079172,7.58278519,https://flatfox.ch/de/wohnung/bielstrasse-31-4153-reinach/85303391/,2026-05-17T01:46:06+00:00,25.753424657534246
85305206,"Via al Funti 15, 6834 Morbio Inferiore - CHF 1’410 inkl. NK pro Monat",1410,3.5,91.0,6834,Morbio Inferiore,Ticino,Via al Funti 15,APARTMENT,45.85150998,9.023554,https://flatfox.ch/de/wohnung/via-al-funti-15-6834-morbio-inferiore/85305206/,2026-05-17T01:46:06+00:00,15.494505494505495
85305214,"Via al Funti 17, 6834 Morbio Inferiore - CHF 1’690 inkl. NK pro Monat",1690,4.5,101.0,6834,Morbio Inferiore,Ticino,Via al Funti 17,APARTMENT,45.8513067,9.02400991,https://flatfox.ch/de/wohnung/via-al-funti-17-6834-morbio-inferiore/85305214/,2026-05-17T01:46:06+00:00,16.73267326732673
85309413,"Via Adolfo e Oscar Torricelli 23, 6900 Lugano - CHF 2’170",2170,4.5,85.0,6900,Lugano,Ticino,Via Adolfo e Oscar Torricelli 23,APARTMENT,46.0193779,8.955715699999999,https://flatfox.ch/de/wohnung/via-adolfo-e-oscar-torricelli-23-6900-lugano/85309413/,2026-05-17T01:46:06+00:00,25.529411764705884
85310776,"Hagmannstrasse 1, 4565 Recherswil - CHF 1’490",1490,4.5,80.0,4565,Recherswil,Solothurn,Hagmannstrasse 1,APARTMENT,47.16093273,7.59305168,https://flatfox.ch/de/wohnung/hagmannstrasse-1-4565-recherswil/85310776/,2026-05-17T01:46:08+00:00,18.625
85311422,"Brüggstrasse 66, 2503 Biel/Bienne - CHF 590",590,1.0,15.0,2503,Biel/Bienne,Bern,Brüggstrasse 66,STUDIO,47.12909213,7.254996999999999,https://flatfox.ch/de/wohnung/bruggstrasse-66-2503-bielbienne/85311422/,2026-05-17T01:46:08+00:00,39.333333333333336
85313381,"via Andreoni 24, 6850 Mendrisio - CHF 1’200",1200,3.0,80.0,6850,Mendrisio,Ticino,via Andreoni 24,DUPLEX,45.87123738,8.9896751,https://flatfox.ch/de/wohnung/via-andreoni-24-6850-mendrisio/85313381/,2026-05-17T01:46:08+00:00,15.0
85313640,"Via San Gottardo 40, 6710 Biasca - CHF 1’650",1650,4.5,93.0,6710,Biasca,Ticino,Via San Gottardo 40,APARTMENT,46.36015489,8.9648346,https://flatfox.ch/de/wohnung/via-san-gottardo-40-6710-biasca/85313640/,2026-05-17T01:46:08+00:00,17.741935483870968
85313808,"Finkhubelweg 6, 3400 Burgdorf - CHF 2’060 inkl. NK pro Monat",2060,3.5,99.0,3400,Burgdorf,Bern,Finkhubelweg 6,APARTMENT,47.05383565,7.61228695,https://flatfox.ch/de/wohnung/finkhubelweg-6-3400-burgdorf/85313808/,2026-05-17T01:46:08+00:00,20.80808080808081
85314407,"Parkweg 1, 4450 Sissach - CHF 1’680 inkl. NK pro Monat",1680,4.0,86.0,4450,Sissach,Basel-Landschaft,Parkweg 1,APARTMENT,47.46304851,7.80783946,https://flatfox.ch/de/wohnung/parkweg-1-4450-sissach/85314407/,2026-05-17T01:46:08+00:00,19.53488372093023
85315496,"Route des Arsenaux 15, 1700 Fribourg - CHF 1’890 inkl. NK pro Monat",1890,4.5,103.0,1700,Fribourg,Fribourg,Route des Arsenaux 15,APARTMENT,46.79872515,7.14984246,https://flatfox.ch/de/wohnung/route-des-arsenaux-15-1700-fribourg/85315496/,2026-05-17T01:46:08+00:00,18.349514563106798
85315761,"Gorenmattstrasse 2, 4102 Binningen - CHF 2’130 inkl. NK pro Monat",2130,4.0,88.0,4102,Binningen,Basel-Landschaft,Gorenmattstrasse 2,APARTMENT,47.53301733,7.5725524,https://flatfox.ch/de/wohnung/gorenmattstrasse-2-4102-binningen/85315761/,2026-05-17T01:46:08+00:00,24.204545454545453
85318230,"Rennweg 23, 4052 Basel - CHF 2’245 inkl. NK pro Monat",2245,2.5,79.0,4052,Basel,Basel-Stadt,Rennweg 23,ROOF_FLAT,47.55111477,7.60594146,https://flatfox.ch/de/wohnung/rennweg-23-4052-basel/85318230/,2026-05-17T01:46:10+00:00,28.417721518987342
85318244,"Güterstrasse 177, 4053 Basel - CHF 2’170 inkl. NK pro Monat",2170,3.5,92.0,4053,Basel,Basel-Stadt,Güterstrasse 177,APARTMENT,47.54388315,7.59218359,https://flatfox.ch/de/wohnung/guterstrasse-177-4053-basel/85318244/,2026-05-17T01:46:10+00:00,23.58695652173913
85318372,"Schützengraben 7, 4051 Basel - CHF 3’465 inkl. NK pro Monat",3465,3.5,120.0,4051,Basel,Basel-Stadt,Schützengraben 7,APARTMENT,47.55555327,7.58307398,https://flatfox.ch/de/wohnung/schutzengraben-7-4051-basel/85318372/,2026-05-17T01:46:10+00:00,28.875
85318387,"Binningerstr. 62, 4123 Allschwil - CHF 1’700 inkl. NK pro Monat",1700,3.5,76.0,4123,Allschwil,Basel-Landschaft,Binningerstr. 62,APARTMENT,47.54898431,7.543167299999999,https://flatfox.ch/de/wohnung/binningerstr-62-4123-allschwil/85318387/,2026-05-17T01:46:10+00:00,22.36842105263158
85319639,"Brugghalden 15, 9300 Wittenbach - CHF 1’575 inkl. NK pro Monat",1575,4.5,85.0,9300,Wittenbach,St. Gallen,Brugghalden 15,APARTMENT,47.45216425,9.39847721,https://flatfox.ch/de/wohnung/brugghalden-15-9300-wittenbach/85319639/,2026-05-17T01:46:10+00:00,18.529411764705884
85319705,"Zollikerstr. 269, 8008 Zürich - CHF 2’640 inkl. NK pro Monat",2640,2.5,103.0,8008,Zürich,Zurich,Zollikerstr. 269,DUPLEX,47.34719139,8.56758413,https://flatfox.ch/de/wohnung/zollikerstr-269-8008-zurich/85319705/,2026-05-17T01:46:10+00:00,25.631067961165048
85319880,"Zollikerstr. 269a, 8008 Zürich - CHF 2’430 inkl. NK pro Monat",2430,2.5,86.0,8008,Zürich,Zurich,Zollikerstr. 269a,DUPLEX,47.34704761,8.56773074,https://flatfox.ch/de/wohnung/zollikerstr-269a-8008-zurich/85319880/,2026-05-17T01:46:10+00:00,28.25581395348837
85320500,"Langhagstr. 26, 4600 Olten - CHF 1’995 inkl. NK pro Monat",1995,3.5,106.0,4600,Olten,Solothurn,Langhagstr. 26,APARTMENT,47.34703435,7.91996532,https://flatfox.ch/de/wohnung/langhagstr-26-4600-olten/85320500/,2026-05-17T01:46:10+00:00,18.82075471698113
85320536,"Ländtestrasse 51, 2503 Biel/Bienne - CHF 1’390 inkl. NK pro Monat",1390,3.5,71.0,2503,Biel/Bienne,Bern,Ländtestrasse 51,APARTMENT,47.1335676,7.2577657,https://flatfox.ch/de/wohnung/landtestrasse-51-2503-bielbienne/85320536/,2026-05-17T01:46:10+00:00,19.577464788732396
85320616,"Langhagstr. 26, 4600 Olten - CHF 2’110 inkl. NK pro Monat",2110,4.5,122.0,4600,Olten,Solothurn,Langhagstr. 26,APARTMENT,47.34703435,7.91996532,https://flatfox.ch/de/wohnung/langhagstr-26-4600-olten/85320616/,2026-05-17T01:46:10+00:00,17.295081967213115
85320679,"Buristr. 8, 3006 Bern - CHF 2’040 inkl. NK pro Monat",2040,3.5,78.0,3006,Bern,Bern,Buristr. 8,APARTMENT,46.94535493,7.47423615,https://flatfox.ch/de/wohnung/buristr-8-3006-bern/85320679/,2026-05-17T01:46:10+00:00,26.153846153846153
85320711,"Zurmattenstrasse 34/36/38, 4500 Solothurn - CHF 2’030 inkl. NK pro Monat",2030,3.0,67.0,4500,Solothurn,Solothurn,Zurmattenstrasse 34/36/38,APARTMENT,47.21152931,7.52095716,https://flatfox.ch/de/wohnung/zurmattenstrasse-343638-4500-solothurn/85320711/,2026-05-17T01:46:10+00:00,30.29850746268657
85320712,"Hermesbühlstrasse 4, 4500 Solothurn - CHF 1’520 inkl. NK pro Monat",1520,3.0,75.0,4500,Solothurn,Solothurn,Hermesbühlstrasse 4,APARTMENT,47.2092943,7.53057081,https://flatfox.ch/de/wohnung/hermesbuhlstrasse-4-4500-solothurn/85320712/,2026-05-17T01:46:10+00:00,20.266666666666666
85320713,"Blümlisalpstrasse 21, 4562 Biberist - CHF 1’310 inkl. NK pro Monat",1310,3.5,72.0,4562,Biberist,Solothurn,Blümlisalpstrasse 21,APARTMENT,47.18502854,7.5552598,https://flatfox.ch/de/wohnung/blumlisalpstrasse-21-4562-biberist/85320713/,2026-05-17T01:46:12+00:00,18.194444444444443
85320785,"Blockweg 8, 3007 Bern - CHF 3’200 inkl. NK pro Monat",3200,4.5,146.0,3007,Bern,Bern,Blockweg 8,DUPLEX,46.9413094,7.426988199999999,https://flatfox.ch/de/wohnung/blockweg-8-3007-bern/85320785/,2026-05-17T01:46:12+00:00,21.91780821917808
85320795,"Blümlisalpstrasse 21, 4562 Biberist - CHF 1’270 inkl. NK pro Monat",1270,3.5,72.0,4562,Biberist,Solothurn,Blümlisalpstrasse 21,APARTMENT,47.18502854,7.5552598,https://flatfox.ch/de/wohnung/blumlisalpstrasse-21-4562-biberist/85320795/,2026-05-17T01:46:12+00:00,17.63888888888889
85321358,"Hauptstr. (Nord) 30, 5312 Döttingen - CHF 2’930 inkl. NK pro Monat",2930,4.5,125.0,5312,Döttingen,Aargau,Hauptstr. (Nord) 30,ATTIC_FLAT,47.57427835,8.255401599999999,https://flatfox.ch/de/wohnung/hauptstr-nord-30-5312-dottingen/85321358/,2026-05-17T01:46:12+00:00,23.44
85321681,3212 Gurmels - CHF 2’400,2400,3.5,88.0,3212,Gurmels,Fribourg,,ATTIC_FLAT,46.88797152490725,7.163216496426722,https://flatfox.ch/de/wohnung/3212-gurmels/85321681/,2026-05-17T01:46:12+00:00,27.272727272727273
85322146,"Melchrütistrasse 14, 8304 Wallisellen - CHF 2’900",2900,2.5,70.0,8304,Wallisellen,Zurich,Melchrütistrasse 14,FURNISHED_FLAT,47.41777797,8.579408599999999,https://flatfox.ch/de/wohnung/melchrutistrasse-14-8304-wallisellen/85322146/,2026-05-17T01:46:12+00:00,41.42857142857143
85322186,"Rue des Frères-Lumière 18, 1723 Marly - CHF 1’895 inkl. NK pro Monat",1895,2.5,62.0,1723,Marly,Fribourg,Rue des Frères-Lumière 18,APARTMENT,46.77461651,7.15514523,https://flatfox.ch/de/wohnung/rue-des-freres-lumiere-18-1723-marly/85322186/,2026-05-17T01:46:12+00:00,30.56451612903226
85322848,"Bahnhofstrasse 234 d, 8620 Wetzikon - CHF 3’100 inkl. NK pro Monat",3100,5.5,110.0,8620,Wetzikon,Zurich,Bahnhofstrasse 234 d,APARTMENT,47.329753900000014,8.80617973,https://flatfox.ch/de/wohnung/bahnhofstrasse-234-d-8620-wetzikon/85322848/,2026-05-17T01:46:12+00:00,28.181818181818183
85323435,"Bahnhofstrasse 234 d, 8620 Wetzikon - CHF 2’540 inkl. NK pro Monat",2540,3.5,67.0,8620,Wetzikon,Zurich,Bahnhofstrasse 234 d,ATTIC_FLAT,47.329753900000014,8.80617973,https://flatfox.ch/de/wohnung/bahnhofstrasse-234-d-8620-wetzikon/85323435/,2026-05-17T01:46:12+00:00,37.91044776119403
85323803,"Städeliweg 3, 9220 Bischofszell - CHF 1’835 inkl. NK pro Monat",1835,4.5,100.0,9220,Bischofszell,Thurgau,Städeliweg 3,APARTMENT,47.49627766,9.2419111,https://flatfox.ch/de/wohnung/stadeliweg-3-9220-bischofszell/85323803/,2026-05-17T01:46:12+00:00,18.35
85324076,"Rue Grenade 7, 1510 Moudon - CHF 1’525",1525,2.5,50.0,1510,Moudon,Vaud,Rue Grenade 7,APARTMENT,46.66921444,6.79741449,https://flatfox.ch/de/wohnung/rue-grenade-7-1510-moudon/85324076/,2026-05-17T01:46:12+00:00,30.5
85327830,"Bürenstrasse 89, 2500 Biel/Bienne - CHF 2’565 inkl. NK pro Monat",2565,5.0,118.0,2500,Biel/Bienne,Bern,Bürenstrasse 89,ATTIC_FLAT,47.14772154,7.27329831,https://flatfox.ch/de/wohnung/burenstrasse-89-2500-bielbienne/85327830/,2026-05-17T01:46:14+00:00,21.73728813559322
85328917,"Ch. de Pallud 12, 1822 Chernex - CHF 1’895 inkl. NK pro Monat",1895,3.0,70.0,1822,Chernex,Vaud,Ch. de Pallud 12,APARTMENT,46.44750552,6.90754848,https://flatfox.ch/de/wohnung/ch-de-pallud-12-1822-chernex/85328917/,2026-05-17T01:46:14+00:00,27.071428571428573
85332092,"Rue des Frères-Lumière 8, 1723 Marly - CHF 2’290 inkl. NK pro Monat",2290,3.5,104.0,1723,Marly,Fribourg,Rue des Frères-Lumière 8,APARTMENT,46.77498788,7.15305722,https://flatfox.ch/de/wohnung/rue-des-freres-lumiere-8-1723-marly/85332092/,2026-05-17T01:46:14+00:00,22.01923076923077
85333979,"Route de Posieux 25, 1730 Ecuvillens - CHF 1’690 inkl. NK pro Monat",1690,4.5,77.0,1730,Ecuvillens,Fribourg,Route de Posieux 25,APARTMENT,46.75834825,7.090299,https://flatfox.ch/de/wohnung/route-de-posieux-25-1730-ecuvillens/85333979/,2026-05-17T01:46:14+00:00,21.948051948051948
85336538,"Badenerstrasse 434, 8004 Zürich - CHF 3’146 inkl. NK pro Monat",3146,2.5,92.0,8004,Zürich,Zurich,Badenerstrasse 434,APARTMENT,47.38060464,8.50556311,https://flatfox.ch/de/wohnung/badenerstrasse-434-8004-zurich/85336538/,2026-05-17T01:46:14+00:00,34.19565217391305
85336583,"Unterer Kreuzacker, 8645 Rapperswil-Jona - CHF 3’525",3525,4.5,114.0,8645,Rapperswil-Jona,St. Gallen,Unterer Kreuzacker,APARTMENT,47.24032367,8.82909259,https://flatfox.ch/de/wohnung/unterer-kreuzacker-8645-rapperswil-jona/85336583/,2026-05-17T01:46:14+00:00,30.92105263157895
85336592,"Unterer Kreuzacker 8, 8645 Rapperswil-Jona - CHF 4’050",4050,4.5,113.0,8645,Rapperswil-Jona,St. Gallen,Unterer Kreuzacker 8,APARTMENT,47.24004463,8.829458599999999,https://flatfox.ch/de/wohnung/unterer-kreuzacker-8-8645-rapperswil-jona/85336592/,2026-05-17T01:46:14+00:00,35.84070796460177
85337441,"Obergütschrain 2, 6003 Luzern - CHF 2’300 inkl. NK pro Monat",2300,4.5,97.0,6003,Luzern,Lucerne,Obergütschrain 2,APARTMENT,47.04626337,8.287943199999999,https://flatfox.ch/de/wohnung/obergutschrain-2-6003-luzern/85337441/,2026-05-17T01:46:14+00:00,23.711340206185568
85338113,"Wiesliacher 87, 8053 Zürich - CHF 2’926 inkl. NK pro Monat",2926,5.5,144.0,8053,Zürich,Zurich,Wiesliacher 87,APARTMENT,47.35462717,8.59607514,https://flatfox.ch/de/wohnung/wiesliacher-87-8053-zurich/85338113/,2026-05-17T01:46:15+00:00,20.319444444444443
85338501,"Am Oeschbrig 12, 8053 Zürich - CHF 2’820",2820,2.5,59.0,8053,Zürich,Zurich,Am Oeschbrig 12,APARTMENT,47.357154600000015,8.60086458,https://flatfox.ch/de/wohnung/am-oeschbrig-12-8053-zurich/85338501/,2026-05-17T01:46:15+00:00,47.79661016949152
85338503,"Am Oeschbrig 12, 8053 Zürich - CHF 3’395",3395,3.5,78.0,8053,Zürich,Zurich,Am Oeschbrig 12,APARTMENT,47.357154600000015,8.60086458,https://flatfox.ch/de/wohnung/am-oeschbrig-12-8053-zurich/85338503/,2026-05-17T01:46:15+00:00,43.52564102564103
85338506,8053 Zürich - CHF 4’540,4540,4.5,106.0,8053,Zürich,Zurich,,APARTMENT,47.36003432632647,8.596227915111283,https://flatfox.ch/de/wohnung/8053-zurich/85338506/,2026-05-17T01:46:15+00:00,42.83018867924528
85338675,"Schmiedeweg 4, 4563 Gerlafingen - CHF 1’100 inkl. NK pro Monat",1100,2.0,46.0,4563,Gerlafingen,Solothurn,Schmiedeweg 4,APARTMENT,47.17035427,7.567415899999999,https://flatfox.ch/de/wohnung/schmiedeweg-4-4563-gerlafingen/85338675/,2026-05-17T01:46:15+00:00,23.91304347826087
85339293,"Kranichweg 2, 3074 Muri b. Bern - CHF 1’740 inkl. NK pro Monat",1740,3.5,80.0,3074,Muri b. Bern,Bern,Kranichweg 2,APARTMENT,46.93495233,7.490401200000002,https://flatfox.ch/de/wohnung/kranichweg-2-3074-muri-b-bern/85339293/,2026-05-17T01:46:15+00:00,21.75
85339715,"Via Arch. A Da Ponte, 25, 6946 Ponte Capriasca - CHF 1’990",1990,4.5,120.0,6946,Ponte Capriasca,Ticino,"Via Arch. A Da Ponte, 25",APARTMENT,46.06014119,8.94680551,https://flatfox.ch/de/wohnung/via-arch-a-da-ponte-25-6946-ponte-capriasca/85339715/,2026-05-17T01:46:15+00:00,16.583333333333332
85340393,"Grand-Rue 4, 2710 Tavannes - CHF 1’680 inkl. NK pro Monat",1680,5.0,131.0,2710,Tavannes,Bern,Grand-Rue 4,APARTMENT,47.21985751,7.1988744,https://flatfox.ch/de/wohnung/grand-rue-4-2710-tavannes/85340393/,2026-05-17T01:46:17+00:00,12.82442748091603
85340712,"Im Meyerhof 1, 5620 Bremgarten AG - CHF 2’155 inkl. NK pro Monat",2155,5.5,96.0,5620,Bremgarten AG,Aargau,Im Meyerhof 1,APARTMENT,47.34598071,8.34037335,https://flatfox.ch/de/wohnung/im-meyerhof-1-5620-bremgarten-ag/85340712/,2026-05-17T01:46:17+00:00,22.447916666666668
85341177,"Zürcherstrasse 30, 4310 Rheinfelden - CHF 1’620 inkl. NK pro Monat",1620,3.5,68.0,4310,Rheinfelden,Aargau,Zürcherstrasse 30,APARTMENT,47.5513153,7.8025814,https://flatfox.ch/de/wohnung/zurcherstrasse-30-4310-rheinfelden/85341177/,2026-05-17T01:46:17+00:00,23.823529411764707
85341683,"Obergasse 9c, 4934 Madiswil - CHF 1’520 inkl. NK pro Monat",1520,3.5,79.0,4934,Madiswil,Bern,Obergasse 9c,APARTMENT,47.16402934,7.79789097,https://flatfox.ch/de/wohnung/obergasse-9c-4934-madiswil/85341683/,2026-05-17T01:46:17+00:00,19.240506329113924
85341828,"Pierre de Savoie 66, 1400 Yverdon-les-Bains - CHF 2’160 inkl. NK pro Monat",2160,3.5,88.0,1400,Yverdon-les-Bains,Vaud,Pierre de Savoie 66,APARTMENT,46.76812585,6.642634999999999,https://flatfox.ch/de/wohnung/pierre-de-savoie-66-1400-yverdon-les-bains/85341828/,2026-05-17T01:46:17+00:00,24.545454545454547
85343018,"Grande-Rue 5, 2400 Le Locle - CHF 1’450 inkl. NK pro Monat",1450,4.0,117.0,2400,Le Locle,Neuchâtel,Grande-Rue 5,APARTMENT,47.05898058,6.74981983,https://flatfox.ch/de/wohnung/grande-rue-5-2400-le-locle/85343018/,2026-05-17T01:46:17+00:00,12.393162393162394
85343147,"Route de Villars-Vert 16, 1752 Villars-sur-Glâne - CHF 1’375 inkl. NK pro Monat",1375,2.5,34.0,1752,Villars-sur-Glâne,Fribourg,Route de Villars-Vert 16,APARTMENT,46.79944620000001,7.12982573,https://flatfox.ch/de/wohnung/route-de-villars-vert-16-1752-villars-sur-glane/85343147/,2026-05-17T01:46:17+00:00,40.44117647058823
85343407,"Dorfstrasse 20, 4574 Nennigkofen - CHF 1’950 inkl. NK pro Monat",1950,3.5,88.0,4574,Nennigkofen,Solothurn,Dorfstrasse 20,APARTMENT,47.18565929,7.494621299999999,https://flatfox.ch/de/wohnung/dorfstrasse-20-4574-nennigkofen/85343407/,2026-05-17T01:46:17+00:00,22.15909090909091
85343456,"Pleerweg 11c, 3400 Burgdorf - CHF 1’790 inkl. NK pro Monat",1790,3.5,90.0,3400,Burgdorf,Bern,Pleerweg 11c,APARTMENT,47.04621543,7.62089149,https://flatfox.ch/de/wohnung/pleerweg-11c-3400-burgdorf/85343456/,2026-05-17T01:46:17+00:00,19.88888888888889
85343677,"Im Walder 28, 8702 Zollikon - CHF 3’400 inkl. NK pro Monat",3400,5.0,94.0,8702,Zollikon,Zurich,Im Walder 28,APARTMENT,47.34654023,8.57457438,https://flatfox.ch/de/wohnung/im-walder-28-8702-zollikon/85343677/,2026-05-17T01:46:17+00:00,36.170212765957444
85344224,"Obstgartenstrasse 12a, 9300 Wittenbach - CHF 1’580 inkl. NK pro Monat",1580,3.5,74.0,9300,Wittenbach,St. Gallen,Obstgartenstrasse 12a,APARTMENT,47.45907861,9.38745692,https://flatfox.ch/de/wohnung/obstgartenstrasse-12a-9300-wittenbach/85344224/,2026-05-17T01:46:17+00:00,21.35135135135135
85344601,"Via Flora Ruchat-Roncati 4f-h, 6850 Mendrisio - CHF 1’490 inkl. NK pro Monat",1490,3.5,73.0,6850,Mendrisio,Ticino,Via Flora Ruchat-Roncati 4f-h,APARTMENT,45.8690864,8.97523914,https://flatfox.ch/de/wohnung/via-flora-ruchat-roncati-4f-h-6850-mendrisio/85344601/,2026-05-17T01:46:17+00:00,20.410958904109588
85347208,"Riverside, 4500 Solothurn - CHF 2’780 inkl. NK pro Monat",2780,4.5,117.0,4500,Solothurn,Solothurn,Riverside,APARTMENT,47.20883486,7.5322917,https://flatfox.ch/de/wohnung/riverside-4500-solothurn/85347208/,2026-05-17T01:46:19+00:00,23.76068376068376
85348855,"Avenue de l'Hôpital 4, 2400 Le Locle - CHF 980",980,3.0,80.0,2400,Le Locle,Neuchâtel,Avenue de l'Hôpital 4,APARTMENT,47.05650766,6.74102332,https://flatfox.ch/de/wohnung/avenue-de-lhopital-4-2400-le-locle/85348855/,2026-05-17T01:46:19+00:00,12.25
85348890,"Länggasse 9, 2504 Biel - CHF 1’610 inkl. NK pro Monat",1610,3.5,74.0,2504,Biel,Bern,Länggasse 9,APARTMENT,47.15533187,7.27231691,https://flatfox.ch/de/wohnung/langgasse-9-2504-biel/85348890/,2026-05-17T01:46:19+00:00,21.756756756756758
85349427,"Chemin Marc Emery 7, 1239 Collex - CHF 4’000 inkl. NK pro Monat",4000,6.0,125.0,1239,Collex,Geneva,Chemin Marc Emery 7,APARTMENT,46.27071557,6.12918971,https://flatfox.ch/de/wohnung/chemin-marc-emery-7-1239-collex/85349427/,2026-05-17T01:46:19+00:00,32.0
85352484,"Hinterdorfstrasse 7c, 9524 Zuzwil SG - CHF 1’834 inkl. NK pro Monat",1834,3.5,87.0,9524,Zuzwil SG,St. Gallen,Hinterdorfstrasse 7c,APARTMENT,47.47538974,9.11346181,https://flatfox.ch/de/wohnung/hinterdorfstrasse-7c-9524-zuzwil-sg/85352484/,2026-05-17T01:46:20+00:00,21.080459770114942
85352578,"Rue des Noirettes 11, 1227 Carouge GE - CHF 3’480 inkl. NK pro Monat",3480,6.0,119.0,1227,Carouge GE,Geneva,Rue des Noirettes 11,APARTMENT,46.18930940000002,6.1359687,https://flatfox.ch/de/wohnung/rue-des-noirettes-11-1227-carouge-ge/85352578/,2026-05-17T01:46:20+00:00,29.243697478991596
85352845,"Hauptplatz 6, 6403 Küssnacht am Rigi - CHF 3’050 inkl. NK pro Monat",3050,3.5,110.0,6403,Küssnacht am Rigi,Schwyz,Hauptplatz 6,DUPLEX,47.08161067,8.44122289,https://flatfox.ch/de/wohnung/hauptplatz-6-6403-kussnacht-am-rigi/85352845/,2026-05-17T01:46:20+00:00,27.727272727272727
85353358,"Avenue Max Huber 12, 3960 Sierre - CHF 1’430",1430,3.5,75.0,3960,Sierre,Valais,Avenue Max Huber 12,APARTMENT,46.2941737,7.53625045,https://flatfox.ch/de/wohnung/avenue-max-huber-12-3960-sierre/85353358/,2026-05-17T01:46:20+00:00,19.066666666666666
85353404,"Buristr. 8, 3006 Bern - CHF 1’415 inkl. NK pro Monat",1415,1.0,46.0,3006,Bern,Bern,Buristr. 8,APARTMENT,46.94535493,7.47423615,https://flatfox.ch/de/wohnung/buristr-8-3006-bern/85353404/,2026-05-17T01:46:20+00:00,30.76086956521739
85353722,"Teufener Strasse 95a, 9000 St. Gallen - CHF 1’450 inkl. NK pro Monat",1450,2.5,64.0,9000,St. Gallen,St. Gallen,Teufener Strasse 95a,APARTMENT,47.4148908,9.36518874,https://flatfox.ch/de/wohnung/teufener-strasse-95a-9000-st-gallen/85353722/,2026-05-17T01:46:20+00:00,22.65625
85353909,"Adlerstrasse 21, 4052 Basel - CHF 2’805 inkl. NK pro Monat",2805,3.5,114.0,4052,Basel,Basel-Stadt,Adlerstrasse 21,APARTMENT,47.5470606,7.61054434,https://flatfox.ch/de/wohnung/adlerstrasse-21-4052-basel/85353909/,2026-05-17T01:46:20+00:00,24.605263157894736
85353946,"Avenue Jean-Marie Musy 32, 1700 Fribourg - CHF 1’650 inkl. NK pro Monat",1650,4.5,81.0,1700,Fribourg,Fribourg,Avenue Jean-Marie Musy 32,APARTMENT,46.80933713,7.178530800000002,https://flatfox.ch/de/wohnung/avenue-jean-marie-musy-32-1700-fribourg/85353946/,2026-05-17T01:46:20+00:00,20.37037037037037
85354859,"Steinbühlal. - g/110d - g 108d, 4123 Allschwil - CHF 2’370 inkl. NK pro Monat",2370,3.5,99.0,4123,Allschwil,Basel-Landschaft,Steinbühlal. - g/110d - g 108d,DUPLEX,47.54116363,7.533236499999999,https://flatfox.ch/de/wohnung/steinbuhlal-g110d-g-108d-4123-allschwil/85354859/,2026-05-17T01:46:20+00:00,23.939393939393938
85354879,6926 Montagnola - CHF 2’750,2750,3.5,124.0,6926,Montagnola,Ticino,,APARTMENT,45.98297282546503,8.916698349206628,https://flatfox.ch/de/wohnung/6926-montagnola/85354879/,2026-05-17T01:46:20+00:00,22.177419354838708
85357083,"Webergasse 35, 4058 Basel - CHF 1’740 inkl. NK pro Monat",1740,2.0,64.0,4058,Basel,Basel-Stadt,Webergasse 35,APARTMENT,47.5624565,7.59204212,https://flatfox.ch/de/wohnung/webergasse-35-4058-basel/85357083/,2026-05-17T01:46:20+00:00,27.1875
85357618,"Allée des Cèdres 6, 1022 Chavannes-près-Renens - CHF 3’065 inkl. NK pro Monat",3065,4.5,96.0,1022,Chavannes-près-Renens,Vaud,Allée des Cèdres 6,APARTMENT,46.53045926,6.572415899999999,https://flatfox.ch/de/wohnung/allee-des-cedres-6-1022-chavannes-pres-renens/85357618/,2026-05-17T01:46:20+00:00,31.927083333333332
85357739,"Alpenblick 10, 1715 Alterswil FR - CHF 1’490 inkl. NK pro Monat",1490,3.5,80.0,1715,Alterswil FR,Fribourg,Alpenblick 10,APARTMENT,46.79452557,7.26205322,https://flatfox.ch/de/wohnung/alpenblick-10-1715-alterswil-fr/85357739/,2026-05-17T01:46:20+00:00,18.625
85357804,"Avenue d'Echallens 42, 1004 Lausanne - CHF 2’350 inkl. NK pro Monat",2350,3.0,75.0,1004,Lausanne,Vaud,Avenue d'Echallens 42,APARTMENT,46.5266593,6.618943799999999,https://flatfox.ch/de/wohnung/avenue-dechallens-42-1004-lausanne/85357804/,2026-05-17T01:46:20+00:00,31.333333333333332
85358073,"Rorschacher Strasse 244, 9000 St. Gallen - CHF 1’140 inkl. NK pro Monat",1140,1.5,27.0,9000,St. Gallen,St. Gallen,Rorschacher Strasse 244,APARTMENT,47.43661351,9.40510283,https://flatfox.ch/de/wohnung/rorschacher-strasse-244-9000-st-gallen/85358073/,2026-05-17T01:46:20+00:00,42.22222222222222
85358538,"Burgweg 35, 3270 Aarberg - CHF 1’390 inkl. NK pro Monat",1390,3.5,79.0,3270,Aarberg,Bern,Burgweg 35,APARTMENT,47.0427199,7.2852805,https://flatfox.ch/de/wohnung/burgweg-35-3270-aarberg/85358538/,2026-05-17T01:46:22+00:00,17.59493670886076
85359423,"Grenchenstrasse 56, 4500 Solothurn - CHF 1’700 inkl. NK pro Monat",1700,4.5,89.0,4500,Solothurn,Solothurn,Grenchenstrasse 56,APARTMENT,47.2127696,7.524393000000002,https://flatfox.ch/de/wohnung/grenchenstrasse-56-4500-solothurn/85359423/,2026-05-17T01:46:22+00:00,19.10112359550562
85359902,"Tösstalstr. 118, 8623 Wetzikon ZH - CHF 2’890 inkl. NK pro Monat",2890,4.5,108.0,8623,Wetzikon ZH,Zurich,Tösstalstr. 118,ATTIC_FLAT,47.32890597,8.822897099999999,https://flatfox.ch/de/wohnung/tosstalstr-118-8623-wetzikon-zh/85359902/,2026-05-17T01:46:22+00:00,26.75925925925926
85362584,"Chemin des Champs-Meunier 13, 1052 Le Mont-sur-Lausanne - CHF 2’500 inkl. NK pro Monat",2500,3.5,80.0,1052,Le Mont-sur-Lausanne,Vaud,Chemin des Champs-Meunier 13,APARTMENT,46.54934328,6.630116999999999,https://flatfox.ch/de/wohnung/chemin-des-champs-meunier-13-1052-le-mont-sur-laus/85362584/,2026-05-17T01:46:22+00:00,31.25
85362683,"Mattenweg 5, 5014 Gretzenbach - CHF 1’805 inkl. NK pro Monat",1805,3.5,76.0,5014,Gretzenbach,Solothurn,Mattenweg 5,APARTMENT,47.3613871,7.994117999999999,https://flatfox.ch/de/wohnung/mattenweg-5-5014-gretzenbach/85362683/,2026-05-17T01:46:22+00:00,23.75
85363093,"Avenue Léopold-Robert 83, 2300 La Chaux-de-Fonds - CHF 1’350 inkl. NK pro Monat",1350,3.5,97.0,2300,La Chaux-de-Fonds,Neuchâtel,Avenue Léopold-Robert 83,APARTMENT,47.09767875,6.82193463,https://flatfox.ch/de/wohnung/avenue-leopold-robert-83-2300-la-chaux-de-fonds/85363093/,2026-05-17T01:46:22+00:00,13.917525773195877
85363103,"Rue du Pont 4, 2300 La Chaux-de-Fonds - CHF 1’090 inkl. NK pro Monat",1090,4.0,82.0,2300,La Chaux-de-Fonds,Neuchâtel,Rue du Pont 4,APARTMENT,47.10399142,6.83340345,https://flatfox.ch/de/wohnung/rue-du-pont-4-2300-la-chaux-de-fonds/85363103/,2026-05-17T01:46:22+00:00,13.292682926829269
85363148,"Loch 1307, 9428 Walzenhausen - CHF 1’670 inkl. NK pro Monat",1670,4.5,96.0,9428,Walzenhausen,Appenzell Ausserrhoden,Loch 1307,APARTMENT,47.45164492,9.5997049,https://flatfox.ch/de/wohnung/loch-1307-9428-walzenhausen/85363148/,2026-05-17T01:46:22+00:00,17.395833333333332
85363384,"Hauptstrasse 6A, 9030 Abtwil - CHF 2’170 inkl. NK pro Monat",2170,5.5,155.0,9030,Abtwil,St. Gallen,Hauptstrasse 6A,DUPLEX,47.4211869,9.316134,https://flatfox.ch/de/wohnung/hauptstrasse-6a-9030-abtwil/85363384/,2026-05-17T01:46:22+00:00,14.0
85363456,"Rheinfelderstr. 18, 4450 Sissach - CHF 1’795 inkl. NK pro Monat",1795,3.0,96.0,4450,Sissach,Basel-Landschaft,Rheinfelderstr. 18,APARTMENT,47.46539358,7.811054800000002,https://flatfox.ch/de/wohnung/rheinfelderstr-18-4450-sissach/85363456/,2026-05-17T01:46:22+00:00,18.697916666666668
85363668,"Im Kirschgarten 35 A, 4102 Binningen - CHF 1’783 inkl. NK pro Monat",1783,2.5,74.0,4102,Binningen,Basel-Landschaft,Im Kirschgarten 35 A,APARTMENT,47.53860891,7.5585527,https://flatfox.ch/de/wohnung/im-kirschgarten-35-a-4102-binningen/85363668/,2026-05-17T01:46:22+00:00,24.094594594594593
85364720,6612 Ascona - CHF 2’080,2080,3.5,95.0,6612,Ascona,Ticino,,APARTMENT,46.158191955070535,8.767473263696512,https://flatfox.ch/de/wohnung/6612-ascona/85364720/,2026-05-17T01:46:22+00:00,21.894736842105264
85364760,"Via Brenno Bertoni 17, 6900 Lugano - CHF 1’800",1800,3.5,86.0,6900,Lugano,Ticino,Via Brenno Bertoni 17,APARTMENT,46.00383835,8.93899921,https://flatfox.ch/de/wohnung/via-brenno-bertoni-17-6900-lugano/85364760/,2026-05-17T01:46:22+00:00,20.930232558139537
85364863,"Seefeldstrasse 102, 8008 Zürich - CHF 4’320 inkl. NK pro Monat",4320,2.5,97.0,8008,Zürich,Zurich,Seefeldstrasse 102,APARTMENT,47.35960875,8.55257676,https://flatfox.ch/de/wohnung/seefeldstrasse-102-8008-zurich/85364863/,2026-05-17T01:46:22+00:00,44.5360824742268
85366210,"Eichenstrasse 8, 9404 Rorschacherberg - CHF 1’390 inkl. NK pro Monat",1390,4.0,73.0,9404,Rorschacherberg,St. Gallen,Eichenstrasse 8,APARTMENT,47.47215152,9.4851046,https://flatfox.ch/de/wohnung/eichenstrasse-8-9404-rorschacherberg/85366210/,2026-05-17T01:46:22+00:00,19.041095890410958
85366467,"Rue Arnold-Guyot 1, 2000 Neuchâtel - CHF 1’150 inkl. NK pro Monat",1150,1.5,32.0,2000,Neuchâtel,Neuchâtel,Rue Arnold-Guyot 1,APARTMENT,46.99521466,6.92369389,https://flatfox.ch/de/wohnung/rue-arnold-guyot-1-2000-neuchatel/85366467/,2026-05-17T01:46:24+00:00,35.9375
85366682,"Brauihof 28, 4900 Langenthal - CHF 1’490 inkl. NK pro Monat",1490,3.5,80.0,4900,Langenthal,Bern,Brauihof 28,APARTMENT,47.21230177,7.78705212,https://flatfox.ch/de/wohnung/brauihof-28-4900-langenthal/85366682/,2026-05-17T01:46:24+00:00,18.625
85366924,"Wasenhaldenstrasse 8, 5080 Laufenburg - CHF 1’700 inkl. NK pro Monat",1700,3.5,78.0,5080,Laufenburg,Aargau,Wasenhaldenstrasse 8,APARTMENT,47.55803931,8.06264764,https://flatfox.ch/de/wohnung/wasenhaldenstrasse-8-5080-laufenburg/85366924/,2026-05-17T01:46:24+00:00,21.794871794871796
85366981,"Eichstrasse 5, 8620 Wetzikon - CHF 2’110 inkl. NK pro Monat",2110,4.0,72.0,8620,Wetzikon,Zurich,Eichstrasse 5,APARTMENT,47.32066769,8.79385465,https://flatfox.ch/de/wohnung/eichstrasse-5-8620-wetzikon/85366981/,2026-05-17T01:46:24+00:00,29.305555555555557
85367819,"Via Castausio 2b, 6900 Lugano - CHF 1’290 inkl. NK pro Monat",1290,1.5,43.0,6900,Lugano,Ticino,Via Castausio 2b,APARTMENT,46.01365623,8.954150799999999,https://flatfox.ch/de/wohnung/via-castausio-2b-6900-lugano/85367819/,2026-05-17T01:46:24+00:00,30.0
85367822,"Mühlebachstr. 28, 8008 Zürich - CHF 4’350 inkl. NK pro Monat",4350,2.5,94.0,8008,Zürich,Zurich,Mühlebachstr. 28,APARTMENT,47.3649337,8.55007593,https://flatfox.ch/de/wohnung/muhlebachstr-28-8008-zurich/85367822/,2026-05-17T01:46:24+00:00,46.276595744680854
85369109,"In der Gass 2, 8627 Grüningen - CHF 1’530",1530,2.0,35.0,8627,Grüningen,Zurich,In der Gass 2,ROOF_FLAT,47.27862664,8.75944121,https://flatfox.ch/de/wohnung/in-der-gass-2-8627-gruningen/85369109/,2026-05-17T01:46:24+00:00,43.714285714285715
85369341,8047 Zürich - CHF 3’350,3350,2.5,77.0,8047,Zürich,Zurich,,APARTMENT,47.37287702337344,8.490593736207408,https://flatfox.ch/de/wohnung/8047-zurich/85369341/,2026-05-17T01:46:24+00:00,43.506493506493506
85369390,"Chemin du Verger 8, 1752 Villars-sur-Glâne - CHF 1’700 inkl. NK pro Monat",1700,3.5,79.0,1752,Villars-sur-Glâne,Fribourg,Chemin du Verger 8,APARTMENT,46.79237857,7.12796811,https://flatfox.ch/de/wohnung/chemin-du-verger-8-1752-villars-sur-glane/85369390/,2026-05-17T01:46:24+00:00,21.518987341772153
85369486,"Grüntalstr. 8, 9300 Wittenbach - CHF 1’960 inkl. NK pro Monat",1960,4.5,116.0,9300,Wittenbach,St. Gallen,Grüntalstr. 8,APARTMENT,47.4637258,9.37606932,https://flatfox.ch/de/wohnung/gruntalstr-8-9300-wittenbach/85369486/,2026-05-17T01:46:24+00:00,16.896551724137932
85370182,"Webergasse 35, 4058 Basel - CHF 1’955 inkl. NK pro Monat",1955,2.5,83.0,4058,Basel,Basel-Stadt,Webergasse 35,APARTMENT,47.5624565,7.59204212,https://flatfox.ch/de/wohnung/webergasse-35-4058-basel/85370182/,2026-05-17T01:46:24+00:00,23.55421686746988
85370397,"Hinterwies 15, 9042 Speicher - CHF 1’570 inkl. NK pro Monat",1570,3.5,69.0,9042,Speicher,Appenzell Ausserrhoden,Hinterwies 15,APARTMENT,47.416294600000015,9.43617749,https://flatfox.ch/de/wohnung/hinterwies-15-9042-speicher/85370397/,2026-05-17T01:46:24+00:00,22.753623188405797
85370452,"Josef Müller-Strasse 4, 4500 Solothurn - CHF 2’110 inkl. NK pro Monat",2110,3.5,81.0,4500,Solothurn,Solothurn,Josef Müller-Strasse 4,ATTIC_FLAT,47.21200273,7.535778100000002,https://flatfox.ch/de/wohnung/josef-muller-strasse-4-4500-solothurn/85370452/,2026-05-17T01:46:24+00:00,26.049382716049383
85371050,"Badstrasse 30, 5400 Baden - CHF 4’550 inkl. NK pro Monat",4550,4.0,99.0,5400,Baden,Aargau,Badstrasse 30,APARTMENT,47.4751733,8.30863696,https://flatfox.ch/de/wohnung/badstrasse-30-5400-baden/85371050/,2026-05-17T01:46:24+00:00,45.95959595959596
85371128,"Clarastrasse 4, 4058 Basel - CHF 850",850,1.0,25.0,4058,Basel,Basel-Stadt,Clarastrasse 4,SINGLE_ROOM,47.56200679,7.595464499999999,https://flatfox.ch/de/wohnung/clarastrasse-4-4058-basel/85371128/,2026-05-17T01:46:24+00:00,34.0
85372461,6945 Origlio - CHF 2’100,2100,5.5,150.0,6945,Origlio,Ticino,,APARTMENT,46.05284737633168,8.946911390692533,https://flatfox.ch/de/wohnung/6945-origlio/85372461/,2026-05-17T01:46:25+00:00,14.0
85372801,6965 Cadro - CHF 1’750,1750,2.5,62.0,6965,Cadro,Ticino,,APARTMENT,46.04693977167605,8.987014280555549,https://flatfox.ch/de/wohnung/6965-cadro/85372801/,2026-05-17T01:46:25+00:00,28.225806451612904
85375259,3097 Liebefeld - CHF 2’490 inkl. NK pro Monat,2490,3.5,91.0,3097,Liebefeld,Bern,,FURNISHED_FLAT,46.93334906772448,7.416633023555887,https://flatfox.ch/de/wohnung/3097-liebefeld/85375259/,2026-05-17T01:46:25+00:00,27.36263736263736
85377492,"Langhagstr. 22, 4600 Olten - CHF 1’990 inkl. NK pro Monat",1990,3.5,106.0,4600,Olten,Solothurn,Langhagstr. 22,APARTMENT,47.34669586,7.92066379,https://flatfox.ch/de/wohnung/langhagstr-22-4600-olten/85377492/,2026-05-17T01:46:25+00:00,18.77358490566038
85377782,"Blümlisalpstrasse 19, 4562 Biberist - CHF 1’120 inkl. NK pro Monat",1120,2.5,55.0,4562,Biberist,Solothurn,Blümlisalpstrasse 19,APARTMENT,47.18550511,7.555392800000002,https://flatfox.ch/de/wohnung/blumlisalpstrasse-19-4562-biberist/85377782/,2026-05-17T01:46:25+00:00,20.363636363636363
85377921,"Effingerstrasse 41d, 3008 Bern - CHF 3’790 inkl. NK pro Monat",3790,4.5,192.0,3008,Bern,Bern,Effingerstrasse 41d,APARTMENT,46.94541471,7.43090215,https://flatfox.ch/de/wohnung/effingerstrasse-41d-3008-bern/85377921/,2026-05-17T01:46:25+00:00,19.739583333333332
85379128,"Rue de la Liberté - 18 12-18, 2740 Moutier - CHF 1’225 inkl. NK pro Monat",1225,2.0,66.0,2740,Moutier,Bern,Rue de la Liberté - 18 12-18,APARTMENT,47.27827491,7.371665600000001,https://flatfox.ch/de/wohnung/rue-de-la-liberte-18-12-18-2740-moutier/85379128/,2026-05-17T01:46:25+00:00,18.560606060606062
85379743,"Avenue du Tirage 10, 1009 Pully - CHF 1’280 inkl. NK pro Monat",1280,1.5,30.0,1009,Pully,Vaud,Avenue du Tirage 10,APARTMENT,46.51217129,6.65832275,https://flatfox.ch/de/wohnung/avenue-du-tirage-10-1009-pully/85379743/,2026-05-17T01:46:25+00:00,42.666666666666664
85379915,"Badstrasse 14, 9000 St. Gallen - CHF 1’550 inkl. NK pro Monat",1550,4.0,90.0,9000,St. Gallen,St. Gallen,Badstrasse 14,ROOF_FLAT,47.41876917,9.3522262,https://flatfox.ch/de/wohnung/badstrasse-14-9000-st-gallen/85379915/,2026-05-17T01:46:25+00:00,17.22222222222222
85379961,"Bildstrasse 15, 9030 Abtwil SG - CHF 1’570 inkl. NK pro Monat",1570,3.5,70.0,9030,Abtwil SG,St. Gallen,Bildstrasse 15,APARTMENT,47.41772318,9.31277423,https://flatfox.ch/de/wohnung/bildstrasse-15-9030-abtwil-sg/85379961/,2026-05-17T01:46:25+00:00,22.428571428571427
85379972,"Im Gugger 1, 4106 Therwil - CHF 2’400 inkl. NK pro Monat",2400,2.5,84.0,4106,Therwil,Basel-Landschaft,Im Gugger 1,APARTMENT,47.494256100000015,7.5493739999999985,https://flatfox.ch/de/wohnung/im-gugger-1-4106-therwil/85379972/,2026-05-17T01:46:27+00:00,28.571428571428573
85380013,"Langgasse 85, 9008 St. Gallen - CHF 1’650 inkl. NK pro Monat",1650,4.5,90.0,9008,St. Gallen,St. Gallen,Langgasse 85,APARTMENT,47.43987521,9.39125727,https://flatfox.ch/de/wohnung/langgasse-85-9008-st-gallen/85380013/,2026-05-17T01:46:27+00:00,18.333333333333332
85380269,"St. Gallerstrasse 24, 9300 Wittenbach - CHF 2’070 inkl. NK pro Monat",2070,4.5,102.0,9300,Wittenbach,St. Gallen,St. Gallerstrasse 24,APARTMENT,47.45622499,9.39747625,https://flatfox.ch/de/wohnung/st-gallerstrasse-24-9300-wittenbach/85380269/,2026-05-17T01:46:27+00:00,20.294117647058822
85380304,"Impasse de Verdairu, 1523 Granges-près-Marnand - CHF 2’190",2190,4.5,155.0,1523,Granges-près-Marnand,Vaud,Impasse de Verdairu,APARTMENT,46.76582549,6.88725081,https://flatfox.ch/de/wohnung/impasse-de-verdairu-1523-granges-pres-marnand/85380304/,2026-05-17T01:46:27+00:00,14.129032258064516
85380845,"Bildstrasse 19, 9030 Abtwil - CHF 2’380 inkl. NK pro Monat",2380,3.5,80.0,9030,Abtwil,St. Gallen,Bildstrasse 19,ATTIC_FLAT,47.41796679,9.31261071,https://flatfox.ch/de/wohnung/bildstrasse-19-9030-abtwil/85380845/,2026-05-17T01:46:27+00:00,29.75
85381998,"Eggbühlstrasse 9, 8050 Zürich - CHF 2’551 inkl. NK pro Monat",2551,2.5,71.0,8050,Zürich,Zurich,Eggbühlstrasse 9,APARTMENT,47.4161878,8.5443764,https://flatfox.ch/de/wohnung/eggbuhlstrasse-9-8050-zurich/85381998/,2026-05-17T01:46:27+00:00,35.929577464788736
85383827,"Espacité 3, 2300 La Chaux-de-Fonds - CHF 1’840 inkl. NK pro Monat",1840,4.5,116.0,2300,La Chaux-de-Fonds,Neuchâtel,Espacité 3,DUPLEX,47.10256072,6.82854714,https://flatfox.ch/de/wohnung/espacite-3-2300-la-chaux-de-fonds/85383827/,2026-05-17T01:46:27+00:00,15.862068965517242
85383858,"Rue des Crêtets 141, 2300 La Chaux-de-Fonds - CHF 1’400 inkl. NK pro Monat",1400,4.0,83.0,2300,La Chaux-de-Fonds,Neuchâtel,Rue des Crêtets 141,APARTMENT,47.0895416,6.8151359,https://flatfox.ch/de/wohnung/rue-des-cretets-141-2300-la-chaux-de-fonds/85383858/,2026-05-17T01:46:27+00:00,16.867469879518072
85384027,"Kramgasse 30, 3011 Bern - CHF 2’680 inkl. NK pro Monat",2680,3.5,96.0,3011,Bern,Bern,Kramgasse 30,APARTMENT,46.94808781,7.45072293,https://flatfox.ch/de/wohnung/kramgasse-30-3011-bern/85384027/,2026-05-17T01:46:27+00:00,27.916666666666668
85384031,"Kramgasse 30, 3011 Bern - CHF 2’680",2680,3.5,96.0,3011,Bern,Bern,Kramgasse 30,APARTMENT,46.94808781,7.45072293,https://flatfox.ch/de/wohnung/kramgasse-30-3011-bern/85384031/,2026-05-17T01:46:27+00:00,27.916666666666668
85384338,"Via Console Isella, 6922 Morcote - CHF 2’700",2700,4.5,165.0,6922,Morcote,Ticino,Via Console Isella,APARTMENT,45.92721538,8.9084468,https://flatfox.ch/de/wohnung/via-console-isella-6922-morcote/85384338/,2026-05-17T01:46:27+00:00,16.363636363636363
85384611,"Piazzetta Cav.Pellanda 3, 6710 Biasca - CHF 1’275",1275,3.5,85.0,6710,Biasca,Ticino,Piazzetta Cav.Pellanda 3,DUPLEX,46.35986252,8.97121237,https://flatfox.ch/de/wohnung/piazzetta-cavpellanda-3-6710-biasca/85384611/,2026-05-17T01:46:27+00:00,15.0
85384761,"Via al Lido 5, 6826 Riva San Vitale - CHF 3’900",3900,3.5,153.0,6826,Riva San Vitale,Ticino,Via al Lido 5,APARTMENT,45.90598891,8.9734919,https://flatfox.ch/de/wohnung/via-al-lido-5-6826-riva-san-vitale/85384761/,2026-05-17T01:46:27+00:00,25.49019607843137
85392635,"Schulhausstrasse 2b, 4563 Gerlafingen - CHF 1’720 inkl. NK pro Monat",1720,3.5,73.0,4563,Gerlafingen,Solothurn,Schulhausstrasse 2b,APARTMENT,47.1689019,7.5733188,https://flatfox.ch/de/wohnung/schulhausstrasse-2b-4563-gerlafingen/85392635/,2026-05-17T01:46:30+00:00,23.561643835616437
85392894,"Nussbaumweg 9, 4102 Binningen - CHF 2’430 inkl. NK pro Monat",2430,4.5,128.0,4102,Binningen,Basel-Landschaft,Nussbaumweg 9,APARTMENT,47.53771992,7.559186499999999,https://flatfox.ch/de/wohnung/nussbaumweg-9-4102-binningen/85392894/,2026-05-17T01:46:30+00:00,18.984375
85393645,"Via Geretta 18, 6900 Paradiso - CHF 2’590",2590,2.5,99.0,6900,Paradiso,Ticino,Via Geretta 18,APARTMENT,45.99153068,8.94399791,https://flatfox.ch/de/wohnung/via-geretta-18-6900-paradiso/85393645/,2026-05-17T01:46:30+00:00,26.161616161616163
85393712,"Traugott Meyer - str. 1, 4147 Aesch BL - CHF 2’190 inkl. NK pro Monat",2190,4.5,99.0,4147,Aesch BL,Basel-Landschaft,Traugott Meyer - str. 1,APARTMENT,47.47470555,7.5907917,https://flatfox.ch/de/wohnung/traugott-meyer-str-1-4147-aesch-bl/85393712/,2026-05-17T01:46:30+00:00,22.12121212121212
85394945,"Avenue Victor-Ruffy 18, 1012 Lausanne - CHF 2’020 inkl. NK pro Monat",2020,3.5,67.0,1012,Lausanne,Vaud,Avenue Victor-Ruffy 18,APARTMENT,46.52426353,6.64803591,https://flatfox.ch/de/wohnung/avenue-victor-ruffy-18-1012-lausanne/85394945/,2026-05-17T01:46:30+00:00,30.149253731343283
85395806,"Route de Premier 1, 1337 Vallorbe - CHF 2’290",2290,4.5,86.0,1337,Vallorbe,Vaud,Route de Premier 1,APARTMENT,46.71601361,6.39764664,https://flatfox.ch/de/wohnung/route-de-premier-1-1337-vallorbe/85395806/,2026-05-17T01:46:30+00:00,26.627906976744185
85395810,"Route de Premier 1, 1337 Vallorbe - CHF 1’960",1960,4.5,77.0,1337,Vallorbe,Vaud,Route de Premier 1,APARTMENT,46.71601361,6.39764664,https://flatfox.ch/de/wohnung/route-de-premier-1-1337-vallorbe/85395810/,2026-05-17T01:46:30+00:00,25.454545454545453
85396209,"Nidfeldstrasse 2i, 6010 Kriens - CHF 2’680 inkl. NK pro Monat",2680,4.5,99.0,6010,Kriens,Lucerne,Nidfeldstrasse 2i,APARTMENT,47.02972656,8.296603200000002,https://flatfox.ch/de/wohnung/nidfeldstrasse-2i-6010-kriens/85396209/,2026-05-17T01:46:30+00:00,27.07070707070707
85396783,6900 Lugano - CHF 1’800,1800,3.5,72.0,6900,Lugano,Ticino,,APARTMENT,46.00939468392741,8.950826973652305,https://flatfox.ch/de/wohnung/6900-lugano/85396783/,2026-05-17T01:46:31+00:00,25.0
85397169,"ch. de Beaulieu 7, 1752 Villars-sur-Glâne - CHF 2’135 inkl. NK pro Monat",2135,4.5,102.0,1752,Villars-sur-Glâne,Fribourg,ch. de Beaulieu 7,APARTMENT,46.79283871,7.11213714,https://flatfox.ch/de/wohnung/ch-de-beaulieu-7-1752-villars-sur-glane/85397169/,2026-05-17T01:46:31+00:00,20.931372549019606
85398263,"Via dei Faggi 21, 6912 Pazzallo - CHF 1’700",1700,3.5,105.0,6912,Pazzallo,Ticino,Via dei Faggi 21,APARTMENT,45.98568784,8.93980231,https://flatfox.ch/de/wohnung/via-dei-faggi-21-6912-pazzallo/85398263/,2026-05-17T01:46:31+00:00,16.19047619047619
85398522,"Ringstrasse 19, 3072 Ostermundigen - CHF 1’350 inkl. NK pro Monat",1350,3.5,58.0,3072,Ostermundigen,Bern,Ringstrasse 19,APARTMENT,46.9542763,7.48115774,https://flatfox.ch/de/wohnung/ringstrasse-19-3072-ostermundigen/85398522/,2026-05-17T01:46:31+00:00,23.275862068965516
85398570,"Rue Oscar-Bider 110, 1950 Sion - CHF 1’860 inkl. NK pro Monat",1860,3.5,74.0,1950,Sion,Valais,Rue Oscar-Bider 110,APARTMENT,46.2230018,7.334234700000001,https://flatfox.ch/de/wohnung/rue-oscar-bider-110-1950-sion/85398570/,2026-05-17T01:46:31+00:00,25.135135135135137
85398671,"Via Gesero 43, 6517 Arbedo - CHF 1’750 inkl. NK pro Monat",1750,4.5,124.0,6517,Arbedo,Ticino,Via Gesero 43,APARTMENT,46.2199115,9.05164321,https://flatfox.ch/de/wohnung/via-gesero-43-6517-arbedo/85398671/,2026-05-17T01:46:31+00:00,14.112903225806452
85399306,"Poststrasse 13, 8180 Bülach - CHF 3’130",3130,3.5,112.0,8180,Bülach,Zurich,Poststrasse 13,APARTMENT,47.51643850000002,8.53941931,https://flatfox.ch/de/wohnung/poststrasse-13-8180-bulach/85399306/,2026-05-17T01:46:31+00:00,27.946428571428573
85399633,"Avenue de Sévery 7, 1004 Lausanne - CHF 1’910 inkl. NK pro Monat",1910,3.5,59.0,1004,Lausanne,Vaud,Avenue de Sévery 7,APARTMENT,46.5280111,6.611079999999999,https://flatfox.ch/de/wohnung/avenue-de-severy-7-1004-lausanne/85399633/,2026-05-17T01:46:31+00:00,32.3728813559322
85400195,"Aebnitstrasse 56, 3073 Gümligen - CHF 2’150",2150,4.5,90.0,3073,Gümligen,Bern,Aebnitstrasse 56,APARTMENT,46.93121391,7.49756755,https://flatfox.ch/de/wohnung/aebnitstrasse-56-3073-gumligen/85400195/,2026-05-17T01:46:31+00:00,23.88888888888889
85402346,"Via Mezzaro 2, 6648 Minusio - CHF 3’200",3200,3.5,150.0,6648,Minusio,Ticino,Via Mezzaro 2,APARTMENT,46.17493875,8.81314548,https://flatfox.ch/de/wohnung/via-mezzaro-2-6648-minusio/85402346/,2026-05-17T01:46:31+00:00,21.333333333333332
85402356,"Via Cattori, 6900 Paradiso - CHF 2’537",2537,3.0,105.0,6900,Paradiso,Ticino,Via Cattori,APARTMENT,45.99275874,8.94477025,https://flatfox.ch/de/wohnung/via-cattori-6900-paradiso/85402356/,2026-05-17T01:46:33+00:00,24.16190476190476
85402500,"Av. du Tribunal - Fédéral 40, 1005 Lausanne - CHF 2’155 inkl. NK pro Monat",2155,2.5,78.0,1005,Lausanne,Vaud,Av. du Tribunal - Fédéral 40,APARTMENT,46.51795471,6.64603441,https://flatfox.ch/de/wohnung/av-du-tribunal-federal-40-1005-lausanne/85402500/,2026-05-17T01:46:33+00:00,27.628205128205128
85403288,"Jurastr. 65, 4053 Basel - CHF 1’600 inkl. NK pro Monat",1600,2.0,50.0,4053,Basel,Basel-Stadt,Jurastr. 65,APARTMENT,47.54113915,7.59088261,https://flatfox.ch/de/wohnung/jurastr-65-4053-basel/85403288/,2026-05-17T01:46:33+00:00,32.0
85406078,"Bim Hasel 22, 3052 Zollikofen - CHF 2’220 inkl. NK pro Monat",2220,4.5,100.0,3052,Zollikofen,Bern,Bim Hasel 22,APARTMENT,47.00120352,7.44382513,https://flatfox.ch/de/wohnung/bim-hasel-22-3052-zollikofen/85406078/,2026-05-17T01:46:33+00:00,22.2
85406917,"Gerliswilstr. 13d, 6020 Emmenbrücke - CHF 2’180 inkl. NK pro Monat",2180,1.0,78.0,6020,Emmenbrücke,Lucerne,Gerliswilstr. 13d,LOFT,47.06954544,8.27944267,https://flatfox.ch/de/wohnung/gerliswilstr-13d-6020-emmenbrucke/85406917/,2026-05-17T01:46:33+00:00,27.94871794871795
85406935,"Lilienweg 4, 5504 Othmarsingen - CHF 3’480",3480,5.5,132.0,5504,Othmarsingen,Aargau,Lilienweg 4,APARTMENT,47.4294264,8.17127353,https://flatfox.ch/de/wohnung/lilienweg-4-5504-othmarsingen/85406935/,2026-05-17T01:46:33+00:00,26.363636363636363
85407800,"Badenerstrasse 662, 8048 Zürich - CHF 2’700 inkl. NK pro Monat",2700,2.5,59.0,8048,Zürich,Zurich,Badenerstrasse 662,APARTMENT,47.38759591,8.487693199999999,https://flatfox.ch/de/wohnung/badenerstrasse-662-8048-zurich/85407800/,2026-05-17T01:46:33+00:00,45.76271186440678
85407818,"Badenerstrasse 666, 8048 Zürich - CHF 3’540 inkl. NK pro Monat",3540,3.5,98.0,8048,Zürich,Zurich,Badenerstrasse 666,APARTMENT,47.38772992,8.4875842,https://flatfox.ch/de/wohnung/badenerstrasse-666-8048-zurich/85407818/,2026-05-17T01:46:33+00:00,36.12244897959184
85408876,"Minderweg 15, 3400 Burgdorf - CHF 1’720 inkl. NK pro Monat",1720,3.5,101.0,3400,Burgdorf,Bern,Minderweg 15,ROOF_FLAT,47.05369912,7.61623231,https://flatfox.ch/de/wohnung/minderweg-15-3400-burgdorf/85408876/,2026-05-17T01:46:33+00:00,17.02970297029703
85408878,"Minderweg 15, 3400 Burgdorf - CHF 1’460 inkl. NK pro Monat",1460,3.5,78.0,3400,Burgdorf,Bern,Minderweg 15,APARTMENT,47.05369912,7.61623231,https://flatfox.ch/de/wohnung/minderweg-15-3400-burgdorf/85408878/,2026-05-17T01:46:33+00:00,18.71794871794872
85408976,"Im Ahorn 7, 8125 Zollikerberg - CHF 3’000 inkl. NK pro Monat",3000,4.5,105.0,8125,Zollikerberg,Zurich,Im Ahorn 7,APARTMENT,47.34210999,8.598177399999999,https://flatfox.ch/de/wohnung/im-ahorn-7-8125-zollikerberg/85408976/,2026-05-17T01:46:35+00:00,28.571428571428573
85409017,"Im Reinacherhof 71-79, 4153 Reinach BL - CHF 2’330 inkl. NK pro Monat",2330,3.5,94.0,4153,Reinach BL,Basel-Landschaft,Im Reinacherhof 71-79,DUPLEX,47.51043855,7.603902499999999,https://flatfox.ch/de/wohnung/im-reinacherhof-71-79-4153-reinach-bl/85409017/,2026-05-17T01:46:35+00:00,24.78723404255319
85409039,"Mauerstr. 70, 4057 Basel - CHF 1’515 inkl. NK pro Monat",1515,3.5,71.0,4057,Basel,Basel-Stadt,Mauerstr. 70,APARTMENT,47.57350575,7.595392700000001,https://flatfox.ch/de/wohnung/mauerstr-70-4057-basel/85409039/,2026-05-17T01:46:35+00:00,21.338028169014084
85409040,"Im Zentrum 3b, 9300 Wittenbach - CHF 935 inkl. NK pro Monat",935,1.0,51.0,9300,Wittenbach,St. Gallen,Im Zentrum 3b,STUDIO,47.46022838,9.38703471,https://flatfox.ch/de/wohnung/im-zentrum-3b-9300-wittenbach/85409040/,2026-05-17T01:46:35+00:00,18.333333333333332
85409941,"Via Crocetta 27, 6962 Lugano - CHF 1’860 inkl. NK pro Monat",1860,4.5,93.0,6962,Lugano,Ticino,Via Crocetta 27,APARTMENT,46.01580167,8.96988269,https://flatfox.ch/de/wohnung/via-crocetta-27-6962-lugano/85409941/,2026-05-17T01:46:35+00:00,20.0
85413786,"Neumattstrasse 29, 4147 Aesch - CHF 2’590 inkl. NK pro Monat",2590,4.5,109.0,4147,Aesch,Basel-Landschaft,Neumattstrasse 29,APARTMENT,47.46981562,7.59178371,https://flatfox.ch/de/wohnung/neumattstrasse-29-4147-aesch/85413786/,2026-05-17T01:46:35+00:00,23.761467889908257
85413927,"Schöngrünstr. 26c, 4500 Solothurn - CHF 1’680 inkl. NK pro Monat",1680,3.5,63.0,4500,Solothurn,Solothurn,Schöngrünstr. 26c,APARTMENT,47.20122853,7.53845215,https://flatfox.ch/de/wohnung/schongrunstr-26c-4500-solothurn/85413927/,2026-05-17T01:46:35+00:00,26.666666666666668
85414966,"Obstgartenstrasse 12a, 9300 Wittenbach - CHF 1’440 inkl. NK pro Monat",1440,3.5,74.0,9300,Wittenbach,St. Gallen,Obstgartenstrasse 12a,APARTMENT,47.45907861,9.38745692,https://flatfox.ch/de/wohnung/obstgartenstrasse-12a-9300-wittenbach/85414966/,2026-05-17T01:46:35+00:00,19.45945945945946
85416869,"Richard La Nicca-Weg 19, 2552 Orpund - CHF 1’190",1190,3.0,64.0,2552,Orpund,Bern,Richard La Nicca-Weg 19,APARTMENT,47.12944700000001,7.25117157,https://flatfox.ch/de/wohnung/richard-la-nicca-weg-19-2552-orpund/85416869/,2026-05-17T01:46:36+00:00,18.59375
85419602,"Corban, 2826 Corban - CHF 975",975,3.0,80.0,2826,Corban,Jura,Corban,APARTMENT,47.3578066,7.47281317,https://flatfox.ch/de/wohnung/corban-2826-corban/85419602/,2026-05-17T01:46:36+00:00,12.1875
85420786,6900 Lugano - CHF 1’630,1630,3.5,100.0,6900,Lugano,Ticino,,APARTMENT,46.0093532763525,8.950847690699383,https://flatfox.ch/de/wohnung/6900-lugano/85420786/,2026-05-17T01:46:36+00:00,16.3
85420872,"Frenkenstrasse 16, 4410 Liestal - CHF 1’710 inkl. NK pro Monat",1710,3.5,81.0,4410,Liestal,Basel-Landschaft,Frenkenstrasse 16,APARTMENT,47.47762681,7.74138482,https://flatfox.ch/de/wohnung/frenkenstrasse-16-4410-liestal/85420872/,2026-05-17T01:46:36+00:00,21.11111111111111
85422215,"Kirchgasse 1, 9606 Bütschwil - CHF 1’860 inkl. NK pro Monat",1860,3.5,87.0,9606,Bütschwil,St. Gallen,Kirchgasse 1,APARTMENT,47.35880047,9.0727144,https://flatfox.ch/de/wohnung/kirchgasse-1-9606-butschwil/85422215/,2026-05-17T01:46:36+00:00,21.379310344827587
85422916,"Bahnhofstrasse 15, 9615 Dietfurt - CHF 1’580",1580,2.0,61.0,9615,Dietfurt,St. Gallen,Bahnhofstrasse 15,APARTMENT,47.3445847,9.07845946,https://flatfox.ch/de/wohnung/bahnhofstrasse-15-9615-dietfurt/85422916/,2026-05-17T01:46:36+00:00,25.901639344262296
85423553,"Poststrasse 19, 2504 Biel/Bienne - CHF 3’600",3600,5.5,135.0,2504,Biel/Bienne,Bern,Poststrasse 19,APARTMENT,47.14648125,7.272594799999999,https://flatfox.ch/de/wohnung/poststrasse-19-2504-bielbienne/85423553/,2026-05-17T01:46:36+00:00,26.666666666666668
85423621,"Poststrasse 19, 2504 Biel/Bienne - CHF 3’350",3350,5.5,135.0,2504,Biel/Bienne,Bern,Poststrasse 19,APARTMENT,47.14648125,7.272594799999999,https://flatfox.ch/de/wohnung/poststrasse-19-2504-bielbienne/85423621/,2026-05-17T01:46:36+00:00,24.814814814814813
85423628,"Via Aldesago 50A, 6974 Aldesago - CHF 2’650",2650,3.5,108.0,6974,Aldesago,Ticino,Via Aldesago 50A,APARTMENT,46.00659332,8.97889451,https://flatfox.ch/de/wohnung/via-aldesago-50a-6974-aldesago/85423628/,2026-05-17T01:46:36+00:00,24.537037037037038
85424079,"Route de Berne 111, 1010 Lausanne - CHF 2’140 inkl. NK pro Monat",2140,2.5,65.0,1010,Lausanne,Vaud,Route de Berne 111,APARTMENT,46.53974718,6.65137418,https://flatfox.ch/de/wohnung/route-de-berne-111-1010-lausanne/85424079/,2026-05-17T01:46:36+00:00,32.92307692307692
85424510,6900 Lugano - CHF 1’900,1900,3.5,85.0,6900,Lugano,Ticino,,APARTMENT,46.009363656571885,8.950698078959569,https://flatfox.ch/de/wohnung/6900-lugano/85424510/,2026-05-17T01:46:36+00:00,22.352941176470587
85424539,"Stadthausgasse 18, 4051 Basel - CHF 2’990 inkl. NK pro Monat",2990,2.5,114.0,4051,Basel,Basel-Stadt,Stadthausgasse 18,APARTMENT,47.5588301,7.586912300000002,https://flatfox.ch/de/wohnung/stadthausgasse-18-4051-basel/85424539/,2026-05-17T01:46:36+00:00,26.228070175438596
85424660,"Zürchermatte BE 159'238 2, 3550 Langnau i. E. - CHF 1’995 inkl. NK pro Monat",1995,4.5,95.0,3550,Langnau i. E.,Bern,Zürchermatte BE 159'238 2,DUPLEX,46.94385926,7.77401022,https://flatfox.ch/de/wohnung/zurchermatte-be-159238-2-3550-langnau-i-e/85424660/,2026-05-17T01:46:36+00:00,21.0
85424663,"Bodelenweg 101, 3172 Niederwangen b. Bern - CHF 1’860 inkl. NK pro Monat",1860,3.5,75.0,3172,Niederwangen b. Bern,Bern,Bodelenweg 101,APARTMENT,46.92746183,7.36960121,https://flatfox.ch/de/wohnung/bodelenweg-101-3172-niederwangen-b-bern/85424663/,2026-05-17T01:46:36+00:00,24.8
85425773,"St. Gallerstrasse 149, 8645 Rapperswil-Jona - CHF 2’147 inkl. NK pro Monat",2147,3.5,83.0,8645,Rapperswil-Jona,St. Gallen,St. Gallerstrasse 149,APARTMENT,47.2313575,8.85108734,https://flatfox.ch/de/wohnung/st-gallerstrasse-149-8645-rapperswil-jona/85425773/,2026-05-17T01:46:38+00:00,25.867469879518072
85425865,"Neubrückstrasse 40, 2555 Brügg - CHF 1’310",1310,3.5,97.0,2555,Brügg,Bern,Neubrückstrasse 40,APARTMENT,47.12103484,7.276164799999999,https://flatfox.ch/de/wohnung/neubruckstrasse-40-2555-brugg/85425865/,2026-05-17T01:46:38+00:00,13.505154639175258
85426522,"Brévards 16-Ls-d'Orléans 41,NE, 2000 Neuchâtel - CHF 1’840 inkl. NK pro Monat",1840,3.5,84.0,2000,Neuchâtel,Neuchâtel,"Brévards 16-Ls-d'Orléans 41,NE",APARTMENT,46.99134941,6.91379765,https://flatfox.ch/de/wohnung/brevards-16-ls-dorleans-41ne-2000-neuchatel/85426522/,2026-05-17T01:46:38+00:00,21.904761904761905
85428586,"Schaalweg (Neumatt III) 4, 3053 Münchenbuchsee - CHF 2’360 inkl. NK pro Monat",2360,4.5,94.0,3053,Münchenbuchsee,Bern,Schaalweg (Neumatt III) 4,APARTMENT,47.0236189,7.454889,https://flatfox.ch/de/wohnung/schaalweg-neumatt-iii-4-3053-munchenbuchsee/85428586/,2026-05-17T01:46:38+00:00,25.106382978723403
85428589,"Lyssstr. 5, 2560 Nidau - CHF 1’790 inkl. NK pro Monat",1790,3.5,90.0,2560,Nidau,Bern,Lyssstr. 5,APARTMENT,47.12664525,7.24532951,https://flatfox.ch/de/wohnung/lyssstr-5-2560-nidau/85428589/,2026-05-17T01:46:38+00:00,19.88888888888889
85430086,"Zollikerstrasse 227, 8008 Zürich - CHF 4’450 inkl. NK pro Monat",4450,2.5,95.0,8008,Zürich,Zurich,Zollikerstrasse 227,APARTMENT,47.34882679,8.56567219,https://flatfox.ch/de/wohnung/zollikerstrasse-227-8008-zurich/85430086/,2026-05-17T01:46:38+00:00,46.8421052631579
85430553,"Rue Industrielle 82, 2740 Moutier - CHF 1’060",1060,4.5,80.0,2740,Moutier,Bern,Rue Industrielle 82,APARTMENT,47.27270452,7.36248011,https://flatfox.ch/de/wohnung/rue-industrielle-82-2740-moutier/85430553/,2026-05-17T01:46:38+00:00,13.25
85430659,"Rue des Noirettes 9, 1227 Carouge GE - CHF 3’500 inkl. NK pro Monat",3500,6.0,124.0,1227,Carouge GE,Geneva,Rue des Noirettes 9,APARTMENT,46.18938399,6.13618643,https://flatfox.ch/de/wohnung/rue-des-noirettes-9-1227-carouge-ge/85430659/,2026-05-17T01:46:38+00:00,28.225806451612904
85430670,8965 Berikon - CHF 2’940 inkl. NK pro Monat,2940,5.5,136.0,8965,Berikon,Aargau,,FURNISHED_FLAT,47.35364030475761,8.384763702854052,https://flatfox.ch/de/wohnung/8965-berikon/85430670/,2026-05-17T01:46:38+00:00,21.61764705882353
85430941,6926 Montagnola - CHF 2’750,2750,3.5,124.0,6926,Montagnola,Ticino,,APARTMENT,45.98296021205926,8.916973242901577,https://flatfox.ch/de/wohnung/6926-montagnola/85430941/,2026-05-17T01:46:38+00:00,22.177419354838708
85432620,"Kasernenstr. 48, 8180 Bülach - CHF 1’815 inkl. NK pro Monat",1815,3.0,60.0,8180,Bülach,Zurich,Kasernenstr. 48,APARTMENT,47.51678938,8.532943699999999,https://flatfox.ch/de/wohnung/kasernenstr-48-8180-bulach/85432620/,2026-05-17T01:46:40+00:00,30.25
85433391,"Envers 45, 2400 Le Locle - CHF 1’010",1010,2.5,100.0,2400,Le Locle,Neuchâtel,Envers 45,APARTMENT,47.06391257,6.757797999999999,https://flatfox.ch/de/wohnung/envers-45-2400-le-locle/85433391/,2026-05-17T01:46:40+00:00,10.1
85433431,"Envers 45, 2400 Le Locle - CHF 1’010 inkl. NK pro Monat",1010,2.5,100.0,2400,Le Locle,Neuchâtel,Envers 45,APARTMENT,47.06391257,6.757797999999999,https://flatfox.ch/de/wohnung/envers-45-2400-le-locle/85433431/,2026-05-17T01:46:40+00:00,10.1
85433590,"Via Riva Paradiso, 6900 Paradiso - CHF 2’000",2000,2.5,110.0,6900,Paradiso,Ticino,Via Riva Paradiso,APARTMENT,45.98980922,8.95068646,https://flatfox.ch/de/wohnung/via-riva-paradiso-6900-paradiso/85433590/,2026-05-17T01:46:40+00:00,18.181818181818183
85434081,"Avenue Charles-Naine 1, 2300 La Chaux-de-Fonds - CHF 1’070",1070,3.0,66.0,2300,La Chaux-de-Fonds,Neuchâtel,Avenue Charles-Naine 1,APARTMENT,47.0943056,6.81127841,https://flatfox.ch/de/wohnung/avenue-charles-naine-1-2300-la-chaux-de-fonds/85434081/,2026-05-17T01:46:40+00:00,16.21212121212121
85434084,"Avenue Charles-Naine 3, 2300 La Chaux-de-Fonds - CHF 960",960,3.0,63.0,2300,La Chaux-de-Fonds,Neuchâtel,Avenue Charles-Naine 3,APARTMENT,47.09438461,6.81105354,https://flatfox.ch/de/wohnung/avenue-charles-naine-3-2300-la-chaux-de-fonds/85434084/,2026-05-17T01:46:40+00:00,15.238095238095237
85434694,"Lehnstrasse 12, 9014 St. Gallen - CHF 1’580 inkl. NK pro Monat",1580,4.5,110.0,9014,St. Gallen,St. Gallen,Lehnstrasse 12,ROOF_FLAT,47.40702246,9.33392982,https://flatfox.ch/de/wohnung/lehnstrasse-12-9014-st-gallen/85434694/,2026-05-17T01:46:40+00:00,14.363636363636363
85435233,"Ringgasse 27, 9450 Altstätten - CHF 1’395 inkl. NK pro Monat",1395,3.5,78.0,9450,Altstätten,St. Gallen,Ringgasse 27,APARTMENT,47.37690839,9.54040381,https://flatfox.ch/de/wohnung/ringgasse-27-9450-altstatten/85435233/,2026-05-17T01:46:40+00:00,17.884615384615383
85435332,"Aarauerstr. 35, 4600 Olten - CHF 1’930 inkl. NK pro Monat",1930,4.5,111.0,4600,Olten,Solothurn,Aarauerstr. 35,APARTMENT,47.3488266,7.909511299999999,https://flatfox.ch/de/wohnung/aarauerstr-35-4600-olten/85435332/,2026-05-17T01:46:40+00:00,17.38738738738739
85435665,"Seemoosholzstrasse 20, 9320 Arbon - CHF 2’070 inkl. NK pro Monat",2070,4.5,101.0,9320,Arbon,Thurgau,Seemoosholzstrasse 20,APARTMENT,47.52085942,9.4239621,https://flatfox.ch/de/wohnung/seemoosholzstrasse-20-9320-arbon/85435665/,2026-05-17T01:46:40+00:00,20.495049504950494
85436133,"Chemin des Jonchets 14, 1030 Bussigny - CHF 2’165 inkl. NK pro Monat",2165,3.5,77.0,1030,Bussigny,Vaud,Chemin des Jonchets 14,APARTMENT,46.55134441,6.550941,https://flatfox.ch/de/wohnung/chemin-des-jonchets-14-1030-bussigny/85436133/,2026-05-17T01:46:40+00:00,28.116883116883116
85436644,"Promenade 13, 2300 La Chaux-de-Fonds - CHF 890",890,3.0,58.0,2300,La Chaux-de-Fonds,Neuchâtel,Promenade 13,APARTMENT,47.1176783,6.84056677,https://flatfox.ch/de/wohnung/promenade-13-2300-la-chaux-de-fonds/85436644/,2026-05-17T01:46:40+00:00,15.344827586206897
85436655,"Promenade 13, 2300 La Chaux-de-Fonds - CHF 890 inkl. NK pro Monat",890,3.0,58.0,2300,La Chaux-de-Fonds,Neuchâtel,Promenade 13,APARTMENT,47.1176783,6.84056677,https://flatfox.ch/de/wohnung/promenade-13-2300-la-chaux-de-fonds/85436655/,2026-05-17T01:46:40+00:00,15.344827586206897
85438342,"Riedbachstr. 81, 3027 Bern - CHF 1’945 inkl. NK pro Monat",1945,2.5,76.0,3027,Bern,Bern,Riedbachstr. 81,APARTMENT,46.94491331,7.378765400000002,https://flatfox.ch/de/wohnung/riedbachstr-81-3027-bern/85438342/,2026-05-17T01:46:42+00:00,25.592105263157894
85438763,"Gartenstrasse 99, 4052 Basel - CHF 1’790 inkl. NK pro Monat",1790,1.5,40.0,4052,Basel,Basel-Stadt,Gartenstrasse 99,APARTMENT,47.54811451,7.59349523,https://flatfox.ch/de/wohnung/gartenstrasse-99-4052-basel/85438763/,2026-05-17T01:46:42+00:00,44.75
85438801,"Hauptstrasse 36, 4450 Sissach - CHF 1’955 inkl. NK pro Monat",1955,4.5,98.0,4450,Sissach,Basel-Landschaft,Hauptstrasse 36,APARTMENT,47.46289549,7.815904799999998,https://flatfox.ch/de/wohnung/hauptstrasse-36-4450-sissach/85438801/,2026-05-17T01:46:42+00:00,19.948979591836736
85438877,"Falkensteinstrasse 10, 9000 St. Gallen - CHF 1’410 inkl. NK pro Monat",1410,3.0,74.0,9000,St. Gallen,St. Gallen,Falkensteinstrasse 10,APARTMENT,47.42991684,9.39215932,https://flatfox.ch/de/wohnung/falkensteinstrasse-10-9000-st-gallen/85438877/,2026-05-17T01:46:42+00:00,19.054054054054053
85439016,"Dorfstrasse 25A, 5210 Windisch - CHF 2’290 inkl. NK pro Monat",2290,4.5,95.0,5210,Windisch,Aargau,Dorfstrasse 25A,APARTMENT,47.48128459,8.223643,https://flatfox.ch/de/wohnung/dorfstrasse-25a-5210-windisch/85439016/,2026-05-17T01:46:42+00:00,24.105263157894736
85439038,"Schaffhauserstrasse 51, 8152 Glattbrugg - CHF 3’935 inkl. NK pro Monat",3935,4.5,134.0,8152,Glattbrugg,Zurich,Schaffhauserstrasse 51,APARTMENT,47.43019246,8.56024453,https://flatfox.ch/de/wohnung/schaffhauserstrasse-51-8152-glattbrugg/85439038/,2026-05-17T01:46:44+00:00,29.365671641791046
85439536,"Leugrueb 7, 8126 Zumikon - CHF 3’025 inkl. NK pro Monat",3025,5.0,105.0,8126,Zumikon,Zurich,Leugrueb 7,APARTMENT,47.33475119,8.61981387,https://flatfox.ch/de/wohnung/leugrueb-7-8126-zumikon/85439536/,2026-05-17T01:46:44+00:00,28.80952380952381
85439815,"Albisriederstrasse 276, 8047 Zürich - CHF 2’990 inkl. NK pro Monat",2990,2.5,73.0,8047,Zürich,Zurich,Albisriederstrasse 276,ATTIC_FLAT,47.37764219,8.4917203,https://flatfox.ch/de/wohnung/albisriederstrasse-276-8047-zurich/85439815/,2026-05-17T01:46:44+00:00,40.95890410958904
85440343,"Sägestrasse 10, 3097 Liebefeld - CHF 1’790 inkl. NK pro Monat",1790,4.0,92.0,3097,Liebefeld,Bern,Sägestrasse 10,APARTMENT,46.92818088,7.41525487,https://flatfox.ch/de/wohnung/sagestrasse-10-3097-liebefeld/85440343/,2026-05-17T01:46:44+00:00,19.456521739130434
85441714,"Poststrasse 6, 8703 Erlenbach ZH - CHF 3’011 inkl. NK pro Monat",3011,3.5,118.0,8703,Erlenbach ZH,Zurich,Poststrasse 6,APARTMENT,47.30551964,8.59075719,https://flatfox.ch/de/wohnung/poststrasse-6-8703-erlenbach-zh/85441714/,2026-05-17T01:46:44+00:00,25.516949152542374
85442890,"Rue de Vauseyon 29, 2000 Neuchâtel - CHF 1’425 inkl. NK pro Monat",1425,2.0,55.0,2000,Neuchâtel,Neuchâtel,Rue de Vauseyon 29,APARTMENT,46.98928531,6.90613591,https://flatfox.ch/de/wohnung/rue-de-vauseyon-29-2000-neuchatel/85442890/,2026-05-17T01:46:44+00:00,25.90909090909091
85442939,"Sonnengasse 32a, 5313 Klingnau - CHF 1’850 inkl. NK pro Monat",1850,3.5,76.0,5313,Klingnau,Aargau,Sonnengasse 32a,DUPLEX,47.58110484,8.24982295,https://flatfox.ch/de/wohnung/sonnengasse-32a-5313-klingnau/85442939/,2026-05-17T01:46:44+00:00,24.342105263157894
85442989,"Süsswinkelstrasse 17, 8864 Reichenburg - CHF 3’250 inkl. NK pro Monat",3250,4.5,128.0,8864,Reichenburg,Schwyz,Süsswinkelstrasse 17,ATTIC_FLAT,47.16982141,8.97791781,https://flatfox.ch/de/wohnung/susswinkelstrasse-17-8864-reichenburg/85442989/,2026-05-17T01:46:44+00:00,25.390625
85443227,"Route de Lossy 20, 1782 Belfaux - CHF 1’435 inkl. NK pro Monat",1435,2.5,50.0,1782,Belfaux,Fribourg,Route de Lossy 20,APARTMENT,46.82313649,7.11011257,https://flatfox.ch/de/wohnung/route-de-lossy-20-1782-belfaux/85443227/,2026-05-17T01:46:44+00:00,28.7
85443229,"Route de Lossy 20, 1782 Belfaux - CHF 2’120 inkl. NK pro Monat",2120,4.5,103.0,1782,Belfaux,Fribourg,Route de Lossy 20,APARTMENT,46.82313649,7.11011257,https://flatfox.ch/de/wohnung/route-de-lossy-20-1782-belfaux/85443229/,2026-05-17T01:46:44+00:00,20.58252427184466
85443274,"Route de Lossy 22, 1782 Belfaux - CHF 1’835 inkl. NK pro Monat",1835,3.5,84.0,1782,Belfaux,Fribourg,Route de Lossy 22,APARTMENT,46.82341633,7.11006466,https://flatfox.ch/de/wohnung/route-de-lossy-22-1782-belfaux/85443274/,2026-05-17T01:46:44+00:00,21.845238095238095
85443313,"Route de Lossy 26, 1782 Belfaux - CHF 2’470 inkl. NK pro Monat",2470,5.5,120.0,1782,Belfaux,Fribourg,Route de Lossy 26,APARTMENT,46.8239116,7.11007743,https://flatfox.ch/de/wohnung/route-de-lossy-26-1782-belfaux/85443313/,2026-05-17T01:46:44+00:00,20.583333333333332
85443577,"rte Joseph - Chaley 31, 1700 Fribourg - CHF 1’555 inkl. NK pro Monat",1555,3.5,81.0,1700,Fribourg,Fribourg,rte Joseph - Chaley 31,APARTMENT,46.80575814,7.176690799999999,https://flatfox.ch/de/wohnung/rte-joseph-chaley-31-1700-fribourg/85443577/,2026-05-17T01:46:44+00:00,19.19753086419753
85443972,"Bözingenstrasse 26 C, 2502 Biel/Bienne - CHF 1’140 inkl. NK pro Monat",1140,2.5,55.0,2502,Biel/Bienne,Bern,Bözingenstrasse 26 C,APARTMENT,47.14584421,7.254958900000002,https://flatfox.ch/de/wohnung/bozingenstrasse-26-c-2502-bielbienne/85443972/,2026-05-17T01:46:44+00:00,20.727272727272727
85444276,"Avenue du Grey 47, 1018 Lausanne - CHF 1’630 inkl. NK pro Monat",1630,2.0,41.0,1018,Lausanne,Vaud,Avenue du Grey 47,APARTMENT,46.53503659,6.6198107,https://flatfox.ch/de/wohnung/avenue-du-grey-47-1018-lausanne/85444276/,2026-05-17T01:46:44+00:00,39.75609756097561
85444303,"Hardstrasse 10, 8105 Regensdorf - CHF 2’920 inkl. NK pro Monat",2920,3.5,93.0,8105,Regensdorf,Zurich,Hardstrasse 10,APARTMENT,47.43861944,8.471632099999999,https://flatfox.ch/de/wohnung/hardstrasse-10-8105-regensdorf/85444303/,2026-05-17T01:46:44+00:00,31.397849462365592
85446374,"Hardstrasse 10, 8105 Regensdorf - CHF 3’320 inkl. NK pro Monat",3320,4.5,102.0,8105,Regensdorf,Zurich,Hardstrasse 10,APARTMENT,47.43861944,8.471632099999999,https://flatfox.ch/de/wohnung/hardstrasse-10-8105-regensdorf/85446374/,2026-05-17T01:46:46+00:00,32.549019607843135
85447102,"Rue Louis-Chollet 6, 1700 Fribourg - CHF 1’490 inkl. NK pro Monat",1490,3.5,56.0,1700,Fribourg,Fribourg,Rue Louis-Chollet 6,APARTMENT,46.8092138,7.155645499999999,https://flatfox.ch/de/wohnung/rue-louis-chollet-6-1700-fribourg/85447102/,2026-05-17T01:46:46+00:00,26.607142857142858
85447662,"Rue Charles-Vuillermet 1, 1005 Lausanne - CHF 2’480 inkl. NK pro Monat",2480,3.5,70.0,1005,Lausanne,Vaud,Rue Charles-Vuillermet 1,APARTMENT,46.52316539,6.63527885,https://flatfox.ch/de/wohnung/rue-charles-vuillermet-1-1005-lausanne/85447662/,2026-05-17T01:46:46+00:00,35.42857142857143
85447824,"Hofwiesenstrasse 232, 8057 Zürich - CHF 4’000 inkl. NK pro Monat",4000,3.5,87.0,8057,Zürich,Zurich,Hofwiesenstrasse 232,APARTMENT,47.40383049,8.537000599999999,https://flatfox.ch/de/wohnung/hofwiesenstrasse-232-8057-zurich/85447824/,2026-05-17T01:46:46+00:00,45.97701149425287
85447847,"Hofwiesenstrasse 234, 8057 Zürich - CHF 4’600 inkl. NK pro Monat",4600,4.5,104.0,8057,Zürich,Zurich,Hofwiesenstrasse 234,APARTMENT,47.40405068,8.537085099999999,https://flatfox.ch/de/wohnung/hofwiesenstrasse-234-8057-zurich/85447847/,2026-05-17T01:46:46+00:00,44.23076923076923
85448142,"Luzernerstrasse 9, 4143 Dornach - CHF 3’500",3500,4.5,180.0,4143,Dornach,Solothurn,Luzernerstrasse 9,APARTMENT,47.47981642,7.625547399999999,https://flatfox.ch/de/wohnung/luzernerstrasse-9-4143-dornach/85448142/,2026-05-17T01:46:46+00:00,19.444444444444443
85448993,"Grüngasse 31, 8004 Zürich - CHF 1’800 inkl. NK pro Monat",1800,1.5,45.0,8004,Zürich,Zurich,Grüngasse 31,APARTMENT,47.37401791,8.52412564,https://flatfox.ch/de/wohnung/grungasse-31-8004-zurich/85448993/,2026-05-17T01:46:46+00:00,40.0
85449452,"Via Monte Gaggio, 6500 Bellinzona - CHF 2’270",2270,3.5,121.0,6500,Bellinzona,Ticino,Via Monte Gaggio,APARTMENT,46.20104458,9.02334521,https://flatfox.ch/de/wohnung/via-monte-gaggio-6500-bellinzona/85449452/,2026-05-17T01:46:46+00:00,18.760330578512395
85450827,"Via F. Zorzi 2A, 6512 Giubiasco - CHF 1’253",1253,2.5,98.0,6512,Giubiasco,Ticino,Via F. Zorzi 2A,APARTMENT,46.17766283,9.01507887,https://flatfox.ch/de/wohnung/via-f-zorzi-2a-6512-giubiasco/85450827/,2026-05-17T01:46:46+00:00,12.785714285714286
85451445,"Via Circonvallazione 6, 6952 Canobbio - CHF 800",800,1.5,38.0,6952,Canobbio,Ticino,Via Circonvallazione 6,APARTMENT,46.034837900000014,8.96346136,https://flatfox.ch/de/wohnung/via-circonvallazione-6-6952-canobbio/85451445/,2026-05-17T01:46:46+00:00,21.05263157894737
85451448,"In Di Vign 10, 6705 Cresciano - CHF 1’617",1617,3.5,90.0,6705,Cresciano,Ticino,In Di Vign 10,APARTMENT,46.27949973,9.00767544,https://flatfox.ch/de/wohnung/in-di-vign-10-6705-cresciano/85451448/,2026-05-17T01:46:46+00:00,17.966666666666665
85451465,"Via della Pace 1A, 6600 Locarno - CHF 1’000",1000,1.5,35.0,6600,Locarno,Ticino,Via della Pace 1A,APARTMENT,46.16900899,8.79887431,https://flatfox.ch/de/wohnung/via-della-pace-1a-6600-locarno/85451465/,2026-05-17T01:46:46+00:00,28.571428571428573
85452718,"Via Terzerina 5, 6963 Pregassona - CHF 1’660 inkl. NK pro Monat",1660,2.5,80.0,6963,Pregassona,Ticino,Via Terzerina 5,APARTMENT,46.02491387,8.97015447,https://flatfox.ch/de/wohnung/via-terzerina-5-6963-pregassona/85452718/,2026-05-17T01:46:47+00:00,20.75
85452720,"Via Terzerina 9, 6963 Pregassona - CHF 1’925 inkl. NK pro Monat",1925,3.5,97.0,6963,Pregassona,Ticino,Via Terzerina 9,APARTMENT,46.02551456,8.97015595,https://flatfox.ch/de/wohnung/via-terzerina-9-6963-pregassona/85452720/,2026-05-17T01:46:47+00:00,19.84536082474227
85452735,"Via Castausio 2b, 6900 Lugano - CHF 1’355 inkl. NK pro Monat",1355,1.5,43.0,6900,Lugano,Ticino,Via Castausio 2b,APARTMENT,46.01365623,8.954150799999999,https://flatfox.ch/de/wohnung/via-castausio-2b-6900-lugano/85452735/,2026-05-17T01:46:47+00:00,31.511627906976745
85454705,"Avenue de la Rapille 6, 1008 Prilly - CHF 570 inkl. NK pro Monat",570,1.0,16.0,1008,Prilly,Vaud,Avenue de la Rapille 6,SINGLE_ROOM,46.5355084,6.61139658,https://flatfox.ch/de/wohnung/avenue-de-la-rapille-6-1008-prilly/85454705/,2026-05-17T01:46:47+00:00,35.625
85455195,"Via Sirano, 6965 Cadro - CHF 1’950",1950,4.5,130.0,6965,Cadro,Ticino,Via Sirano,APARTMENT,46.0461193,8.98930282,https://flatfox.ch/de/wohnung/via-sirano-6965-cadro/85455195/,2026-05-17T01:46:47+00:00,15.0
85455282,"Strècc di Murine 5, 6968 Sonvico - CHF 1’000",1000,3.5,80.0,6968,Sonvico,Ticino,Strècc di Murine 5,APARTMENT,46.05791886,8.99165363,https://flatfox.ch/de/wohnung/strecc-di-murine-5-6968-sonvico/85455282/,2026-05-17T01:46:47+00:00,12.5
85455516,"Route des Echervettes 45, 1680 Romont - CHF 995 inkl. NK pro Monat",995,1.5,35.0,1680,Romont,Fribourg,Route des Echervettes 45,APARTMENT,46.68883683,6.90833291,https://flatfox.ch/de/wohnung/route-des-echervettes-45-1680-romont/85455516/,2026-05-17T01:46:47+00:00,28.428571428571427
85456416,"Rue Numa-Droz 121, 2300 La Chaux-de-Fonds - CHF 1’040",1040,3.0,70.0,2300,La Chaux-de-Fonds,Neuchâtel,Rue Numa-Droz 121,APARTMENT,47.09984335,6.82056742,https://flatfox.ch/de/wohnung/rue-numa-droz-121-2300-la-chaux-de-fonds/85456416/,2026-05-17T01:46:47+00:00,14.857142857142858
85456483,1820 Montreux - CHF 3’450 inkl. NK pro Monat,3450,2.5,73.0,1820,Montreux,Vaud,,FURNISHED_FLAT,46.42762266703184,6.959413867005197,https://flatfox.ch/de/wohnung/1820-montreux/85456483/,2026-05-17T01:46:47+00:00,47.26027397260274
85456594,6574 Vira (Gambarogno) - CHF 3’680,3680,4.5,137.0,6574,Vira (Gambarogno),Ticino,,APARTMENT,46.14341403618487,8.840568459813136,https://flatfox.ch/de/wohnung/6574-vira-gambarogno/85456594/,2026-05-17T01:46:47+00:00,26.861313868613138
85456716,"Clarastrasse 57, 4058 Basel - CHF 1’260 inkl. NK pro Monat",1260,1.5,37.0,4058,Basel,Basel-Stadt,Clarastrasse 57,APARTMENT,47.56344696,7.59857122,https://flatfox.ch/de/wohnung/clarastrasse-57-4058-basel/85456716/,2026-05-17T01:46:49+00:00,34.054054054054056
85456853,"Hölzliackerstrasse 31, 3113 Rubigen - CHF 2’130 inkl. NK pro Monat",2130,5.5,102.0,3113,Rubigen,Bern,Hölzliackerstrasse 31,APARTMENT,46.90224431,7.54070187,https://flatfox.ch/de/wohnung/holzliackerstrasse-31-3113-rubigen/85456853/,2026-05-17T01:46:49+00:00,20.88235294117647
85456872,"av. de France 18a, 1004 Lausanne - CHF 2’240 inkl. NK pro Monat",2240,3.0,74.0,1004,Lausanne,Vaud,av. de France 18a,APARTMENT,46.52476486,6.62347699,https://flatfox.ch/de/wohnung/av-de-france-18a-1004-lausanne/85456872/,2026-05-17T01:46:49+00:00,30.27027027027027
85457293,"Baslerstrasse 18, 4103 Bottmingen - CHF 1’590",1590,3.0,65.0,4103,Bottmingen,Basel-Landschaft,Baslerstrasse 18,APARTMENT,47.52432919,7.572689100000002,https://flatfox.ch/de/wohnung/baslerstrasse-18-4103-bottmingen/85457293/,2026-05-17T01:46:49+00:00,24.46153846153846
85458970,"Weststrasse 96, 4900 Langenthal - CHF 1’990 inkl. NK pro Monat",1990,4.5,102.0,4900,Langenthal,Bern,Weststrasse 96,APARTMENT,47.21849982,7.76969461,https://flatfox.ch/de/wohnung/weststrasse-96-4900-langenthal/85458970/,2026-05-17T01:46:49+00:00,19.50980392156863
85459547,"Via Gaggini da Bissone, 6900 Lugano - CHF 1’900",1900,2.5,70.0,6900,Lugano,Ticino,Via Gaggini da Bissone,APARTMENT,45.99540271,8.94418857,https://flatfox.ch/de/wohnung/via-gaggini-da-bissone-6900-lugano/85459547/,2026-05-17T01:46:49+00:00,27.142857142857142
85459602,6912 Pazzallo - CHF 1’950,1950,4.5,110.0,6912,Pazzallo,Ticino,,APARTMENT,45.98344095608209,8.937387231390636,https://flatfox.ch/de/wohnung/6912-pazzallo/85459602/,2026-05-17T01:46:49+00:00,17.727272727272727
85459834,"Avenue Victor-Ruffy 46, 1012 Lausanne - CHF 3’399 inkl. NK pro Monat",3399,5.5,111.0,1012,Lausanne,Vaud,Avenue Victor-Ruffy 46,APARTMENT,46.52768673,6.64881639,https://flatfox.ch/de/wohnung/avenue-victor-ruffy-46-1012-lausanne/85459834/,2026-05-17T01:46:49+00:00,30.62162162162162
85459918,"Gürtelstr. 70, 7000 Chur - CHF 2’500 inkl. NK pro Monat",2500,4.5,125.0,7000,Chur,Graubünden,Gürtelstr. 70,APARTMENT,46.85525298,9.5307635,https://flatfox.ch/de/wohnung/gurtelstr-70-7000-chur/85459918/,2026-05-17T01:46:49+00:00,20.0
85459933,"Hauptstrasse 29, 4436 Oberdorf BL - CHF 1’530 inkl. NK pro Monat",1530,3.5,82.0,4436,Oberdorf BL,Basel-Landschaft,Hauptstrasse 29,APARTMENT,47.39205439,7.748606100000002,https://flatfox.ch/de/wohnung/hauptstrasse-29-4436-oberdorf-bl/85459933/,2026-05-17T01:46:49+00:00,18.658536585365855
85460282,"Römerstrasse West 56, 3296 Arch - CHF 1’480 inkl. NK pro Monat",1480,4.5,65.0,3296,Arch,Bern,Römerstrasse West 56,APARTMENT,47.16428075,7.41964824,https://flatfox.ch/de/wohnung/romerstrasse-west-56-3296-arch/85460282/,2026-05-17T01:46:49+00:00,22.76923076923077
85460533,"Winterthurerstrasse 48a, 8370 Sirnach - CHF 1’520 inkl. NK pro Monat",1520,2.5,60.0,8370,Sirnach,Thurgau,Winterthurerstrasse 48a,APARTMENT,47.46450081,8.987662499999999,https://flatfox.ch/de/wohnung/winterthurerstrasse-48a-8370-sirnach/85460533/,2026-05-17T01:46:49+00:00,25.333333333333332
85460644,"Asylstrasse 36, 3550 Langnau i. E. - CHF 1’100",1100,2.5,44.0,3550,Langnau i. E.,Bern,Asylstrasse 36,APARTMENT,46.9407591,7.79316211,https://flatfox.ch/de/wohnung/asylstrasse-36-3550-langnau-i-e/85460644/,2026-05-17T01:46:49+00:00,25.0
85460888,"Kreuzfeldstrasse 55, 4932 Lotzwil - CHF 1’550 inkl. NK pro Monat",1550,4.5,101.0,4932,Lotzwil,Bern,Kreuzfeldstrasse 55,APARTMENT,47.19652538,7.786909899999999,https://flatfox.ch/de/wohnung/kreuzfeldstrasse-55-4932-lotzwil/85460888/,2026-05-17T01:46:49+00:00,15.346534653465346
85461636,"Langegasse 37, 4104 Oberwil BL - CHF 1’680 inkl. NK pro Monat",1680,2.0,56.0,4104,Oberwil BL,Basel-Landschaft,Langegasse 37,ROOF_FLAT,47.5130885,7.56126458,https://flatfox.ch/de/wohnung/langegasse-37-4104-oberwil-bl/85461636/,2026-05-17T01:46:49+00:00,30.0
85462672,"Via Prada 3, 6828 Balerna - CHF 900",900,2.0,55.0,6828,Balerna,Ticino,Via Prada 3,APARTMENT,45.8487461,9.00470178,https://flatfox.ch/de/wohnung/via-prada-3-6828-balerna/85462672/,2026-05-17T01:46:49+00:00,16.363636363636363
85463265,"Centro Bellinzona, 6500 Bellinzona - CHF 600",600,1.0,30.0,6500,Bellinzona,Ticino,Centro Bellinzona,SINGLE_ROOM,46.19385147,9.02377041,https://flatfox.ch/de/wohnung/centro-bellinzona-6500-bellinzona/85463265/,2026-05-17T01:46:49+00:00,20.0
85463274,6500 Bellinzona - CHF 1’150,1150,4.5,100.0,6500,Bellinzona,Ticino,,APARTMENT,46.19387032644865,9.023747076913963,https://flatfox.ch/de/wohnung/6500-bellinzona/85463274/,2026-05-17T01:46:51+00:00,11.5
85463878,"Salei 3, 6661 Auressio - CHF 1’500",1500,4.5,100.0,6661,Auressio,Ticino,Salei 3,APARTMENT,46.20292831,8.66049751,https://flatfox.ch/de/wohnung/salei-3-6661-auressio/85463878/,2026-05-17T01:46:51+00:00,15.0
85464484,"Via Sasso Corbaro 17, 6593 Cadenazzo - CHF 2’010 inkl. NK pro Monat",2010,4.5,96.0,6593,Cadenazzo,Ticino,Via Sasso Corbaro 17,APARTMENT,46.15040911,8.944617299999999,https://flatfox.ch/de/wohnung/via-sasso-corbaro-17-6593-cadenazzo/85464484/,2026-05-17T01:46:51+00:00,20.9375
85464801,"Zwinglistrasse 6, 9000 St. Gallen - CHF 2’820 inkl. NK pro Monat",2820,5.5,193.0,9000,St. Gallen,St. Gallen,Zwinglistrasse 6,APARTMENT,47.42680555,9.3722573,https://flatfox.ch/de/wohnung/zwinglistrasse-6-9000-st-gallen/85464801/,2026-05-17T01:46:51+00:00,14.61139896373057
85464960,"Nussbaumweg 15, 4102 Binningen - CHF 3’070 inkl. NK pro Monat",3070,4.5,159.0,4102,Binningen,Basel-Landschaft,Nussbaumweg 15,APARTMENT,47.53769151,7.558418700000002,https://flatfox.ch/de/wohnung/nussbaumweg-15-4102-binningen/85464960/,2026-05-17T01:46:51+00:00,19.30817610062893
85464962,"Neuhardstr. 9, 8105 Regensdorf - CHF 2’615 inkl. NK pro Monat",2615,3.5,92.0,8105,Regensdorf,Zurich,Neuhardstr. 9,DUPLEX,47.43819349,8.47183469,https://flatfox.ch/de/wohnung/neuhardstr-9-8105-regensdorf/85464962/,2026-05-17T01:46:51+00:00,28.42391304347826
85465032,"Via Val di Zopp 4, 6500 Bellinzona - CHF 1’050",1050,1.5,35.0,6500,Bellinzona,Ticino,Via Val di Zopp 4,APARTMENT,46.19363288,9.03251685,https://flatfox.ch/de/wohnung/via-val-di-zopp-4-6500-bellinzona/85465032/,2026-05-17T01:46:51+00:00,30.0
85465516,"Neuengasse 20, 2502 Biel/Bienne - CHF 2’750 inkl. NK pro Monat",2750,6.0,147.0,2502,Biel/Bienne,Bern,Neuengasse 20,APARTMENT,47.13763441,7.24387916,https://flatfox.ch/de/wohnung/neuengasse-20-2502-bielbienne/85465516/,2026-05-17T01:46:51+00:00,18.707482993197278
85465538,"Sonneggstrasse 2, 4950 Huttwil - CHF 1’850 inkl. NK pro Monat",1850,4.5,89.0,4950,Huttwil,Bern,Sonneggstrasse 2,APARTMENT,47.11484234,7.84674161,https://flatfox.ch/de/wohnung/sonneggstrasse-2-4950-huttwil/85465538/,2026-05-17T01:46:51+00:00,20.786516853932586
85465906,"Via F. Zorzi 2A, 6512 Giubiasco - CHF 1’425",1425,3.5,99.0,6512,Giubiasco,Ticino,Via F. Zorzi 2A,APARTMENT,46.17766283,9.01507887,https://flatfox.ch/de/wohnung/via-f-zorzi-2a-6512-giubiasco/85465906/,2026-05-17T01:46:51+00:00,14.393939393939394
85466081,"Rue Liotard 2, 1202 Genève - CHF 4’250",4250,5.5,125.0,1202,Genève,Geneva,Rue Liotard 2,APARTMENT,46.20942919,6.13482938,https://flatfox.ch/de/wohnung/rue-liotard-2-1202-geneve/85466081/,2026-05-17T01:46:51+00:00,34.0
85466144,"Via Antonio Fusoni 4, 6900 Lugano - CHF 3’800",3800,4.5,145.0,6900,Lugano,Ticino,Via Antonio Fusoni 4,APARTMENT,46.00939551,8.9568621,https://flatfox.ch/de/wohnung/via-antonio-fusoni-4-6900-lugano/85466144/,2026-05-17T01:46:51+00:00,26.20689655172414
85466165,"Corso Elvezia 35, 6900 Lugano - CHF 2’159",2159,2.5,52.0,6900,Lugano,Ticino,Corso Elvezia 35,FURNISHED_FLAT,46.0100757,8.95606455,https://flatfox.ch/de/wohnung/corso-elvezia-35-6900-lugano/85466165/,2026-05-17T01:46:51+00:00,41.51923076923077
85466479,"Burgbühl 64, 1713 St. Antoni - CHF 1’710 inkl. NK pro Monat",1710,3.5,101.0,1713,St. Antoni,Fribourg,Burgbühl 64,APARTMENT,46.82593229,7.26075694,https://flatfox.ch/de/wohnung/burgbuhl-64-1713-st-antoni/85466479/,2026-05-17T01:46:51+00:00,16.93069306930693
85466717,"Nidfeldstrasse 2i, 6010 Kriens - CHF 2’665 inkl. NK pro Monat",2665,4.5,97.0,6010,Kriens,Lucerne,Nidfeldstrasse 2i,APARTMENT,47.02972656,8.296603200000002,https://flatfox.ch/de/wohnung/nidfeldstrasse-2i-6010-kriens/85466717/,2026-05-17T01:46:51+00:00,27.47422680412371
85467339,"Gasstrasse 34, 4410 Liestal - CHF 2’320 inkl. NK pro Monat",2320,3.5,86.0,4410,Liestal,Basel-Landschaft,Gasstrasse 34,ATTIC_FLAT,47.48845170000001,7.73468511,https://flatfox.ch/de/wohnung/gasstrasse-34-4410-liestal/85467339/,2026-05-17T01:46:51+00:00,26.976744186046513
85467506,"Industriestrasse 44, 9430 St. Margrethen - CHF 1’610 inkl. NK pro Monat",1610,4.0,100.0,9430,St. Margrethen,St. Gallen,Industriestrasse 44,APARTMENT,47.44786532,9.64852039,https://flatfox.ch/de/wohnung/industriestrasse-44-9430-st-margrethen/85467506/,2026-05-17T01:46:51+00:00,16.1
85467886,6900 Lugano - CHF 3’170,3170,2.5,81.0,6900,Lugano,Ticino,,APARTMENT,46.00935445675305,8.950686294589042,https://flatfox.ch/de/wohnung/6900-lugano/85467886/,2026-05-17T01:46:51+00:00,39.135802469135804
85467967,"Churzbreitenstrasse 25a, 9473 Gams - CHF 1’730 inkl. NK pro Monat",1730,3.5,79.0,9473,Gams,St. Gallen,Churzbreitenstrasse 25a,APARTMENT,47.20245442,9.4408629,https://flatfox.ch/de/wohnung/churzbreitenstrasse-25a-9473-gams/85467967/,2026-05-17T01:46:51+00:00,21.89873417721519
85468984,"Minderweg 23, 3400 Burgdorf - CHF 1’810 inkl. NK pro Monat",1810,4.5,93.0,3400,Burgdorf,Bern,Minderweg 23,APARTMENT,47.05415756,7.6162952000000015,https://flatfox.ch/de/wohnung/minderweg-23-3400-burgdorf/85468984/,2026-05-17T01:46:51+00:00,19.462365591397848
85469588,"Brühlstrasse 135, 4500 Solothurn - CHF 1’780 inkl. NK pro Monat",1780,4.5,93.0,4500,Solothurn,Solothurn,Brühlstrasse 135,APARTMENT,47.20531024,7.513252899999999,https://flatfox.ch/de/wohnung/bruhlstrasse-135-4500-solothurn/85469588/,2026-05-17T01:46:53+00:00,19.13978494623656
85469816,"Fronwagplatz 22, 8200 Schaffhausen - CHF 3’047 inkl. NK pro Monat",3047,4.5,160.0,8200,Schaffhausen,Schaffhausen,Fronwagplatz 22,APARTMENT,47.6971099,8.63376973,https://flatfox.ch/de/wohnung/fronwagplatz-22-8200-schaffhausen/85469816/,2026-05-17T01:46:53+00:00,19.04375
85469842,"Hardstrasse 11, 4127 Birsfelden - CHF 1’796 inkl. NK pro Monat",1796,3.5,69.0,4127,Birsfelden,Basel-Landschaft,Hardstrasse 11,APARTMENT,47.55263422,7.6239197,https://flatfox.ch/de/wohnung/hardstrasse-11-4127-birsfelden/85469842/,2026-05-17T01:46:53+00:00,26.028985507246375
85470001,"Via degli Albrici 3, 6830 Chiasso - CHF 1’120 inkl. NK pro Monat",1120,2.0,50.0,6830,Chiasso,Ticino,Via degli Albrici 3,APARTMENT,45.83394951,9.0333517,https://flatfox.ch/de/wohnung/via-degli-albrici-3-6830-chiasso/85470001/,2026-05-17T01:46:53+00:00,22.4
85470081,"Aarwangenstrasse 68a, 4900 Langenthal - CHF 1’600 inkl. NK pro Monat",1600,4.5,99.0,4900,Langenthal,Bern,Aarwangenstrasse 68a,APARTMENT,47.2223454,7.78217953,https://flatfox.ch/de/wohnung/aarwangenstrasse-68a-4900-langenthal/85470081/,2026-05-17T01:46:53+00:00,16.161616161616163
85470088,"Steinenvorstadt 71, 4051 Basel - CHF 2’200",2200,3.0,75.0,4051,Basel,Basel-Stadt,Steinenvorstadt 71,APARTMENT,47.55197541,7.58808924,https://flatfox.ch/de/wohnung/steinenvorstadt-71-4051-basel/85470088/,2026-05-17T01:46:53+00:00,29.333333333333332
85470102,"St. Johanns-Vorstadt 74, 4056 Basel - CHF 935 inkl. NK pro Monat",935,1.0,30.0,4056,Basel,Basel-Stadt,St. Johanns-Vorstadt 74,SINGLE_ROOM,47.5650587,7.58349659,https://flatfox.ch/de/wohnung/st-johanns-vorstadt-74-4056-basel/85470102/,2026-05-17T01:46:53+00:00,31.166666666666668
85470332,"Im Brünnli 1-15, 8152 Opfikon - CHF 3’910 inkl. NK pro Monat",3910,4.5,133.0,8152,Opfikon,Zurich,Im Brünnli 1-15,APARTMENT,47.43915921,8.5742517,https://flatfox.ch/de/wohnung/im-brunnli-1-15-8152-opfikon/85470332/,2026-05-17T01:46:53+00:00,29.398496240601503
85470396,"Hauptstrasse 64, 4153 Reinach BL - CHF 2’190 inkl. NK pro Monat",2190,4.0,118.0,4153,Reinach BL,Basel-Landschaft,Hauptstrasse 64,APARTMENT,47.4904149,7.5891,https://flatfox.ch/de/wohnung/hauptstrasse-64-4153-reinach-bl/85470396/,2026-05-17T01:46:53+00:00,18.559322033898304
85470423,"Chemin des Grillons 3, 2000 Neuchâtel - CHF 1’580",1580,3.5,70.0,2000,Neuchâtel,Neuchâtel,Chemin des Grillons 3,APARTMENT,46.9938241,6.9202605,https://flatfox.ch/de/wohnung/chemin-des-grillons-3-2000-neuchatel/85470423/,2026-05-17T01:46:53+00:00,22.571428571428573
85471224,"Bedastrasse 5, 9000 St. Gallen - CHF 1’281 inkl. NK pro Monat",1281,3.0,89.0,9000,St. Gallen,St. Gallen,Bedastrasse 5,APARTMENT,47.428598600000015,9.39036891,https://flatfox.ch/de/wohnung/bedastrasse-5-9000-st-gallen/85471224/,2026-05-17T01:46:53+00:00,14.393258426966293
85472494,"Via Deca 30, 6950 Tesserete - CHF 1’380",1380,2.5,50.0,6950,Tesserete,Ticino,Via Deca 30,APARTMENT,46.07253139,8.96983881,https://flatfox.ch/de/wohnung/via-deca-30-6950-tesserete/85472494/,2026-05-17T01:46:53+00:00,27.6
85474765,"Kirchstrasse 39a, 9200 Gossau - CHF 1’370 inkl. NK pro Monat",1370,3.0,65.0,9200,Gossau,St. Gallen,Kirchstrasse 39a,APARTMENT,47.41651925,9.25596078,https://flatfox.ch/de/wohnung/kirchstrasse-39a-9200-gossau/85474765/,2026-05-17T01:46:53+00:00,21.076923076923077
85475340,"Marktgasse 35, 4900 Langenthal - CHF 1’100 inkl. NK pro Monat",1100,2.5,57.0,4900,Langenthal,Bern,Marktgasse 35,APARTMENT,47.2101786,7.787922,https://flatfox.ch/de/wohnung/marktgasse-35-4900-langenthal/85475340/,2026-05-17T01:46:53+00:00,19.29824561403509
85475346,"Marktgasse 37, 4900 Langenthal - CHF 1’730 inkl. NK pro Monat",1730,4.5,104.0,4900,Langenthal,Bern,Marktgasse 37,APARTMENT,47.20988831,7.787999999999999,https://flatfox.ch/de/wohnung/marktgasse-37-4900-langenthal/85475346/,2026-05-17T01:46:53+00:00,16.634615384615383
85475351,"Freiestrasse 53, 4632 Trimbach - CHF 1’650 inkl. NK pro Monat",1650,4.5,83.0,4632,Trimbach,Solothurn,Freiestrasse 53,APARTMENT,47.35787511,7.90574793,https://flatfox.ch/de/wohnung/freiestrasse-53-4632-trimbach/85475351/,2026-05-17T01:46:53+00:00,19.879518072289155
85475829,"Eichhölzlistrasse 26, 8192 Glattfelden - CHF 1’980 inkl. NK pro Monat",1980,3.5,92.0,8192,Glattfelden,Zurich,Eichhölzlistrasse 26,APARTMENT,47.55557551,8.50563176,https://flatfox.ch/de/wohnung/eichholzlistrasse-26-8192-glattfelden/85475829/,2026-05-17T01:46:55+00:00,21.52173913043478
85475862,"Rue Cité-Derrière 4, 1005 Lausanne - CHF 3’170 inkl. NK pro Monat",3170,4.0,129.0,1005,Lausanne,Vaud,Rue Cité-Derrière 4,APARTMENT,46.52300049999999,6.63608264,https://flatfox.ch/de/wohnung/rue-cite-derriere-4-1005-lausanne/85475862/,2026-05-17T01:46:55+00:00,24.573643410852714
85475867,"Solothurnstrasse 37, 3303 Jegenstorf - CHF 1’830 inkl. NK pro Monat",1830,4.5,80.0,3303,Jegenstorf,Bern,Solothurnstrasse 37,APARTMENT,47.0543753,7.5116432999999985,https://flatfox.ch/de/wohnung/solothurnstrasse-37-3303-jegenstorf/85475867/,2026-05-17T01:46:55+00:00,22.875
85476100,"Dorniackerstrasse 13, 3322 Urtenen-Schönbühl - CHF 1’740 inkl. NK pro Monat",1740,3.5,83.0,3322,Urtenen-Schönbühl,Bern,Dorniackerstrasse 13,APARTMENT,47.01966441,7.511009699999999,https://flatfox.ch/de/wohnung/dorniackerstrasse-13-3322-urtenen-schonbuhl/85476100/,2026-05-17T01:46:55+00:00,20.96385542168675
85476332,"Ch. des Carrels 22, 2000 Neuchâtel - CHF 2’120 inkl. NK pro Monat",2120,4.5,92.0,2000,Neuchâtel,Neuchâtel,Ch. des Carrels 22,APARTMENT,46.989876500000015,6.89893345,https://flatfox.ch/de/wohnung/ch-des-carrels-22-2000-neuchatel/85476332/,2026-05-17T01:46:55+00:00,23.043478260869566
85476659,"Mitteldorfstrasse 4, 4153 Reinach - CHF 2’090 inkl. NK pro Monat",2090,3.5,86.0,4153,Reinach,Basel-Landschaft,Mitteldorfstrasse 4,APARTMENT,47.49407849,7.588562400000002,https://flatfox.ch/de/wohnung/mitteldorfstrasse-4-4153-reinach/85476659/,2026-05-17T01:46:55+00:00,24.302325581395348
85476688,"Kirchweg 106, 8246 Langwiesen - CHF 2’000 inkl. NK pro Monat",2000,4.5,109.0,8246,Langwiesen,Zurich,Kirchweg 106,APARTMENT,47.68637285,8.65447764,https://flatfox.ch/de/wohnung/kirchweg-106-8246-langwiesen/85476688/,2026-05-17T01:46:55+00:00,18.34862385321101
85476703,"Weststrasse 96, 4900 Langenthal - CHF 1’640 inkl. NK pro Monat",1640,3.5,97.0,4900,Langenthal,Bern,Weststrasse 96,APARTMENT,47.21849982,7.76969461,https://flatfox.ch/de/wohnung/weststrasse-96-4900-langenthal/85476703/,2026-05-17T01:46:55+00:00,16.90721649484536
85477368,"Ch. de la Villette 18, 1400 Yverdon-les-Bains - CHF 2’260 inkl. NK pro Monat",2260,4.5,100.0,1400,Yverdon-les-Bains,Vaud,Ch. de la Villette 18,APARTMENT,46.77688958,6.6573475,https://flatfox.ch/de/wohnung/ch-de-la-villette-18-1400-yverdon-les-bains/85477368/,2026-05-17T01:46:55+00:00,22.6
85477805,"Hauptstrasse 69A / Haus C, 6260 Reiden - CHF 2’140 inkl. NK pro Monat",2140,3.5,94.0,6260,Reiden,Lucerne,Hauptstrasse 69A / Haus C,APARTMENT,47.24902160000001,7.97035841,https://flatfox.ch/de/wohnung/hauptstrasse-69a-haus-c-6260-reiden/85477805/,2026-05-17T01:46:55+00:00,22.76595744680851
85477807,"Hauptstrasse 69A / Haus C, 6260 Reiden - CHF 1’410 inkl. NK pro Monat",1410,1.5,59.0,6260,Reiden,Lucerne,Hauptstrasse 69A / Haus C,APARTMENT,47.24902160000001,7.97035841,https://flatfox.ch/de/wohnung/hauptstrasse-69a-haus-c-6260-reiden/85477807/,2026-05-17T01:46:55+00:00,23.89830508474576
85477836,"Albert Oeristrasse 13, 4125 Riehen - CHF 3’580",3580,2.5,132.0,4125,Riehen,Basel-Stadt,Albert Oeristrasse 13,LOFT,47.58286743,7.65705781,https://flatfox.ch/de/wohnung/albert-oeristrasse-13-4125-riehen/85477836/,2026-05-17T01:46:55+00:00,27.12121212121212
85479608,"Riva lago Olivella 29, 6921 Vico Morcote - CHF 3’900",3900,3.5,109.0,6921,Vico Morcote,Ticino,Riva lago Olivella 29,APARTMENT,45.93247714,8.929204499999999,https://flatfox.ch/de/wohnung/riva-lago-olivella-29-6921-vico-morcote/85479608/,2026-05-17T01:46:55+00:00,35.77981651376147
85479937,"Rue de la Cure 2, 2300 La Chaux-de-Fonds - CHF 1’080 inkl. NK pro Monat",1080,4.0,77.0,2300,La Chaux-de-Fonds,Neuchâtel,Rue de la Cure 2,APARTMENT,47.10403333,6.83249813,https://flatfox.ch/de/wohnung/rue-de-la-cure-2-2300-la-chaux-de-fonds/85479937/,2026-05-17T01:46:55+00:00,14.025974025974026
85480019,"Schützenrain 9, 3042 Ortschwaben - CHF 2’100 inkl. NK pro Monat",2100,5.5,116.0,3042,Ortschwaben,Bern,Schützenrain 9,APARTMENT,46.99727127,7.39584523,https://flatfox.ch/de/wohnung/schutzenrain-9-3042-ortschwaben/85480019/,2026-05-17T01:46:55+00:00,18.103448275862068
85480161,"Rotzenbühlstr. 9, 8966 Oberwil-Lieli - CHF 3’550 inkl. NK pro Monat",3550,5.5,171.0,8966,Oberwil-Lieli,Aargau,Rotzenbühlstr. 9,DUPLEX,47.33548352,8.38710573,https://flatfox.ch/de/wohnung/rotzenbuhlstr-9-8966-oberwil-lieli/85480161/,2026-05-17T01:46:55+00:00,20.760233918128655
85480372,"Gempenstr. 18, 4053 Basel - CHF 2’180 inkl. NK pro Monat",2180,3.5,81.0,4053,Basel,Basel-Stadt,Gempenstr. 18,APARTMENT,47.54479061,7.58708613,https://flatfox.ch/de/wohnung/gempenstr-18-4053-basel/85480372/,2026-05-17T01:46:57+00:00,26.91358024691358
85481171,"Via Stazione 51, 6987 Caslano - CHF 1’550",1550,3.5,77.0,6987,Caslano,Ticino,Via Stazione 51,APARTMENT,45.97515888,8.87808812,https://flatfox.ch/de/wohnung/via-stazione-51-6987-caslano/85481171/,2026-05-17T01:46:57+00:00,20.12987012987013
85481175,"Via San Gottardo 47, 6500 bellinzona - CHF 1’500",1500,4.5,80.0,6500,bellinzona,Ticino,Via San Gottardo 47,APARTMENT,46.20196176,9.03322072,https://flatfox.ch/de/wohnung/via-san-gottardo-47-6500-bellinzona/85481175/,2026-05-17T01:46:57+00:00,18.75
85481178,"Via G. Puccini 6, 6830 Chiasso - CHF 940",940,3.0,74.0,6830,Chiasso,Ticino,Via G. Puccini 6,APARTMENT,45.83752123,9.03402189,https://flatfox.ch/de/wohnung/via-g-puccini-6-6830-chiasso/85481178/,2026-05-17T01:46:57+00:00,12.702702702702704
85481221,"Kontrollstrasse 24, 2502 Biel/Bienne - CHF 1’675",1675,2.0,90.0,2502,Biel/Bienne,Bern,Kontrollstrasse 24,APARTMENT,47.13741656,7.24965667,https://flatfox.ch/de/wohnung/kontrollstrasse-24-2502-bielbienne/85481221/,2026-05-17T01:46:57+00:00,18.61111111111111
85482134,"Egelseestrasse 2, 8570 Weinfelden - CHF 1’960 inkl. NK pro Monat",1960,4.5,106.0,8570,Weinfelden,Thurgau,Egelseestrasse 2,APARTMENT,47.5718462,9.09778731,https://flatfox.ch/de/wohnung/egelseestrasse-2-8570-weinfelden/85482134/,2026-05-17T01:46:57+00:00,18.49056603773585
85482469,"Müller-Friedberg-Strasse 5, 9630 Wattwil - CHF 1’450 inkl. NK pro Monat",1450,4.5,87.0,9630,Wattwil,St. Gallen,Müller-Friedberg-Strasse 5,APARTMENT,47.30612447,9.0811252,https://flatfox.ch/de/wohnung/muller-friedberg-strasse-5-9630-wattwil/85482469/,2026-05-17T01:46:57+00:00,16.666666666666668
85482508,"Rue des Parcs 86, 2000 Neuchâtel - CHF 1’920 inkl. NK pro Monat",1920,3.5,96.0,2000,Neuchâtel,Neuchâtel,Rue des Parcs 86,APARTMENT,46.99167475,6.916188000000001,https://flatfox.ch/de/wohnung/rue-des-parcs-86-2000-neuchatel/85482508/,2026-05-17T01:46:57+00:00,20.0
85482510,"Rue des Parcs 86, 2000 Neuchâtel - CHF 1’880 inkl. NK pro Monat",1880,3.5,87.0,2000,Neuchâtel,Neuchâtel,Rue des Parcs 86,APARTMENT,46.99167475,6.916188000000001,https://flatfox.ch/de/wohnung/rue-des-parcs-86-2000-neuchatel/85482510/,2026-05-17T01:46:57+00:00,21.60919540229885
85482511,"Rue des Parcs 86, 2000 Neuchâtel - CHF 1’660 inkl. NK pro Monat",1660,3.5,87.0,2000,Neuchâtel,Neuchâtel,Rue des Parcs 86,APARTMENT,46.99167475,6.916188000000001,https://flatfox.ch/de/wohnung/rue-des-parcs-86-2000-neuchatel/85482511/,2026-05-17T01:46:57+00:00,19.080459770114942
85483881,"Birkenstrasse 6, 4402 Frenkendorf - CHF 1’950",1950,3.5,94.0,4402,Frenkendorf,Basel-Landschaft,Birkenstrasse 6,APARTMENT,47.50476685,7.71968369,https://flatfox.ch/de/wohnung/birkenstrasse-6-4402-frenkendorf/85483881/,2026-05-17T01:46:57+00:00,20.74468085106383
85485016,"In di Vign 10, 6705 Cresciano - CHF 1’250",1250,2.5,54.0,6705,Cresciano,Ticino,In di Vign 10,APARTMENT,46.27949973,9.00767544,https://flatfox.ch/de/wohnung/in-di-vign-10-6705-cresciano/85485016/,2026-05-17T01:46:59+00:00,23.14814814814815
85485173,"Allée Charles-Edouard-Guillaume 15, 1723 Marly - CHF 2’450 inkl. NK pro Monat",2450,4.5,98.0,1723,Marly,Fribourg,Allée Charles-Edouard-Guillaume 15,APARTMENT,46.77577691,7.1544049,https://flatfox.ch/de/wohnung/allee-charles-edouard-guillaume-15-1723-marly/85485173/,2026-05-17T01:46:59+00:00,25.0
85485282,"Langgasse 46, 9008 St. Gallen - CHF 990 inkl. NK pro Monat",990,1.5,33.0,9008,St. Gallen,St. Gallen,Langgasse 46,APARTMENT,47.43703475,9.38833328,https://flatfox.ch/de/wohnung/langgasse-46-9008-st-gallen/85485282/,2026-05-17T01:46:59+00:00,30.0
85485290,1580 Avenches - CHF 2’240,2240,4.5,104.0,1580,Avenches,Vaud,,APARTMENT,46.88060540671951,7.0427293479201545,https://flatfox.ch/de/wohnung/1580-avenches/85485290/,2026-05-17T01:46:59+00:00,21.53846153846154
85485412,"Reichenbachstrasse 13, 3004 Bern - CHF 1’580",1580,2.5,59.0,3004,Bern,Bern,Reichenbachstrasse 13,APARTMENT,46.96699733,7.4422833000000015,https://flatfox.ch/de/wohnung/reichenbachstrasse-13-3004-bern/85485412/,2026-05-17T01:46:59+00:00,26.779661016949152
85485801,"Grienmattweg 20/22, 4450 Sissach - CHF 1’830 inkl. NK pro Monat",1830,3.5,73.0,4450,Sissach,Basel-Landschaft,Grienmattweg 20/22,APARTMENT,47.46975936,7.8038765,https://flatfox.ch/de/wohnung/grienmattweg-2022-4450-sissach/85485801/,2026-05-17T01:46:59+00:00,25.068493150684933
85485997,"Mitteldorfstrasse 2, 4153 Reinach - CHF 2’505 inkl. NK pro Monat",2505,4.5,101.0,4153,Reinach,Basel-Landschaft,Mitteldorfstrasse 2,APARTMENT,47.49400431,7.5887544,https://flatfox.ch/de/wohnung/mitteldorfstrasse-2-4153-reinach/85485997/,2026-05-17T01:46:59+00:00,24.801980198019802
85486322,"Badhausstrasse 7, 2503 Biel/Bienne - CHF 2’000 inkl. NK pro Monat",2000,4.0,89.0,2503,Biel/Bienne,Bern,Badhausstrasse 7,APARTMENT,47.131793,7.2364937,https://flatfox.ch/de/wohnung/badhausstrasse-7-2503-bielbienne/85486322/,2026-05-17T01:46:59+00:00,22.471910112359552
85486474,"Chapfstrasse 17, 8625 Gossau - CHF 2’830 inkl. NK pro Monat",2830,4.5,112.0,8625,Gossau,Zurich,Chapfstrasse 17,APARTMENT,47.30471053,8.76050811,https://flatfox.ch/de/wohnung/chapfstrasse-17-8625-gossau/85486474/,2026-05-17T01:46:59+00:00,25.267857142857142
85486475,"Chapfstrasse 17, 8625 Gossau - CHF 2’782 inkl. NK pro Monat",2782,4.5,112.0,8625,Gossau,Zurich,Chapfstrasse 17,APARTMENT,47.30471053,8.76050811,https://flatfox.ch/de/wohnung/chapfstrasse-17-8625-gossau/85486475/,2026-05-17T01:46:59+00:00,24.839285714285715
85488461,"Rue des Frères-Lumière 18, 1723 Marly - CHF 2’040 inkl. NK pro Monat",2040,3.5,79.0,1723,Marly,Fribourg,Rue des Frères-Lumière 18,APARTMENT,46.77461651,7.15514523,https://flatfox.ch/de/wohnung/rue-des-freres-lumiere-18-1723-marly/85488461/,2026-05-17T01:47:01+00:00,25.82278481012658
85488532,"Ahornweg16, 2542 Pieterlen - CHF 1’745 inkl. NK pro Monat",1745,3.5,82.0,2542,Pieterlen,Bern,Ahornweg16,ATTIC_FLAT,47.17140116,7.3175762,https://flatfox.ch/de/wohnung/ahornweg16-2542-pieterlen/85488532/,2026-05-17T01:47:01+00:00,21.28048780487805
85488545,"Im Baumgarten 16, 3066 Stettlen - CHF 2’330 inkl. NK pro Monat",2330,5.5,109.0,3066,Stettlen,Bern,Im Baumgarten 16,APARTMENT,46.95701882,7.52562669,https://flatfox.ch/de/wohnung/im-baumgarten-16-3066-stettlen/85488545/,2026-05-17T01:47:01+00:00,21.376146788990827
85489164,"Buchenweg 2, 4554 Etziken - CHF 1’780 inkl. NK pro Monat",1780,4.5,96.0,4554,Etziken,Solothurn,Buchenweg 2,APARTMENT,47.18629663,7.65348277,https://flatfox.ch/de/wohnung/buchenweg-2-4554-etziken/85489164/,2026-05-17T01:47:01+00:00,18.541666666666668
85489483,"Clarastrasse 2, 4058 Basel - CHF 1’985 inkl. NK pro Monat",1985,3.0,80.0,4058,Basel,Basel-Stadt,Clarastrasse 2,APARTMENT,47.56193687,7.5952124,https://flatfox.ch/de/wohnung/clarastrasse-2-4058-basel/85489483/,2026-05-17T01:47:01+00:00,24.8125
85489614,"Rue des Frères-Lumière 24, 1723 Marly - CHF 2’140 inkl. NK pro Monat",2140,3.5,85.0,1723,Marly,Fribourg,Rue des Frères-Lumière 24,APARTMENT,46.77426691,7.15670913,https://flatfox.ch/de/wohnung/rue-des-freres-lumiere-24-1723-marly/85489614/,2026-05-17T01:47:01+00:00,25.176470588235293
85489829,"Obstbergweg 7a, 3006 Bern - CHF 2’360",2360,2.5,63.0,3006,Bern,Bern,Obstbergweg 7a,APARTMENT,46.94712287,7.461041,https://flatfox.ch/de/wohnung/obstbergweg-7a-3006-bern/85489829/,2026-05-17T01:47:01+00:00,37.46031746031746
85489858,"Arlesheimerstr. 24, 4147 Aesch BL - CHF 2’140 inkl. NK pro Monat",2140,4.5,93.0,4147,Aesch BL,Basel-Landschaft,Arlesheimerstr. 24,APARTMENT,47.47860756,7.598628199999999,https://flatfox.ch/de/wohnung/arlesheimerstr-24-4147-aesch-bl/85489858/,2026-05-17T01:47:01+00:00,23.010752688172044
85490269,"Franziskanerstrasse 11, 4513 Langendorf - CHF 1’785 inkl. NK pro Monat",1785,3.5,79.0,4513,Langendorf,Solothurn,Franziskanerstrasse 11,APARTMENT,47.21566788,7.50887391,https://flatfox.ch/de/wohnung/franziskanerstrasse-11-4513-langendorf/85490269/,2026-05-17T01:47:01+00:00,22.59493670886076
85490824,"Mattenstrasse 31, 4058 Basel - CHF 3’180 inkl. NK pro Monat",3180,5.5,148.0,4058,Basel,Basel-Stadt,Mattenstrasse 31,DUPLEX,47.56636418,7.601463000000002,https://flatfox.ch/de/wohnung/mattenstrasse-31-4058-basel/85490824/,2026-05-17T01:47:01+00:00,21.486486486486488
85491031,"Hardstr. 6, 8105 Regensdorf - CHF 2’950 inkl. NK pro Monat",2950,3.5,75.0,8105,Regensdorf,Zurich,Hardstr. 6,APARTMENT,47.43837853,8.4714391,https://flatfox.ch/de/wohnung/hardstr-6-8105-regensdorf/85491031/,2026-05-17T01:47:01+00:00,39.333333333333336
85491362,"Ch. des Cornillons 86, 1292 Chambésy - CHF 11’690 inkl. NK pro Monat",11690,9.0,286.0,1292,Chambésy,Geneva,Ch. des Cornillons 86,DUPLEX,46.23466548,6.14718481,https://flatfox.ch/de/wohnung/ch-des-cornillons-86-1292-chambesy/85491362/,2026-05-17T01:47:01+00:00,40.87412587412587
85491873,"Industriestrasse 32, 9400 Rorschach - CHF 1’360 inkl. NK pro Monat",1360,3.5,57.0,9400,Rorschach,St. Gallen,Industriestrasse 32,APARTMENT,47.47627245,9.48420763,https://flatfox.ch/de/wohnung/industriestrasse-32-9400-rorschach/85491873/,2026-05-17T01:47:01+00:00,23.859649122807017
85491876,"Industriestrasse 32, 9400 Rorschach - CHF 1’350 inkl. NK pro Monat",1350,3.5,57.0,9400,Rorschach,St. Gallen,Industriestrasse 32,APARTMENT,47.47627245,9.48420763,https://flatfox.ch/de/wohnung/industriestrasse-32-9400-rorschach/85491876/,2026-05-17T01:47:01+00:00,23.68421052631579
85492331,"Eibenweg 11, 4553 Subingen - CHF 2’750 inkl. NK pro Monat",2750,3.5,100.0,4553,Subingen,Solothurn,Eibenweg 11,APARTMENT,47.19030383,7.612325500000001,https://flatfox.ch/de/wohnung/eibenweg-11-4553-subingen/85492331/,2026-05-17T01:47:01+00:00,27.5
85493316,"Route des Arsenaux 6, Entrée A, 1700 Fribourg - CHF 1’830 inkl. NK pro Monat",1830,3.5,73.0,1700,Fribourg,Fribourg,"Route des Arsenaux 6, Entrée A",APARTMENT,46.79837619,7.14930941,https://flatfox.ch/de/wohnung/route-des-arsenaux-6-entree-a-1700-fribourg/85493316/,2026-05-17T01:47:02+00:00,25.068493150684933
85493454,"Bellikonerstrasse 211, 8967 Widen - CHF 2’137 inkl. NK pro Monat",2137,2.5,59.0,8967,Widen,Aargau,Bellikonerstrasse 211,APARTMENT,47.36560887,8.36512136,https://flatfox.ch/de/wohnung/bellikonerstrasse-211-8967-widen/85493454/,2026-05-17T01:47:02+00:00,36.220338983050844
85493626,"Tessenbergstr. 59a, 2505 Biel-Vingelz - CHF 1’490 inkl. NK pro Monat",1490,3.0,69.0,2505,Biel-Vingelz,Bern,Tessenbergstr. 59a,APARTMENT,47.1313935,7.21905178,https://flatfox.ch/de/wohnung/tessenbergstr-59a-2505-biel-vingelz/85493626/,2026-05-17T01:47:02+00:00,21.594202898550726
85494602,"Via Giovanni Maraini 21a, 6963 Pregassona - CHF 1’570",1570,3.5,64.0,6963,Pregassona,Ticino,Via Giovanni Maraini 21a,APARTMENT,46.02758239,8.96893752,https://flatfox.ch/de/wohnung/via-giovanni-maraini-21a-6963-pregassona/85494602/,2026-05-17T01:47:02+00:00,24.53125
85495362,"Bellikonerstrasse 211, 8967 Widen - CHF 3’447 inkl. NK pro Monat",3447,4.5,104.0,8967,Widen,Aargau,Bellikonerstrasse 211,APARTMENT,47.36560887,8.36512136,https://flatfox.ch/de/wohnung/bellikonerstrasse-211-8967-widen/85495362/,2026-05-17T01:47:02+00:00,33.14423076923077
85495396,"Bürenstrasse 91, 2500 Biel/Bienne - CHF 1’710 inkl. NK pro Monat",1710,3.5,82.0,2500,Biel/Bienne,Bern,Bürenstrasse 91,APARTMENT,47.147995,7.27353016,https://flatfox.ch/de/wohnung/burenstrasse-91-2500-bielbienne/85495396/,2026-05-17T01:47:02+00:00,20.853658536585368
85495398,"Bahnhofstrasse 7, 3250 Lyss - CHF 1’770 inkl. NK pro Monat",1770,3.5,77.0,3250,Lyss,Bern,Bahnhofstrasse 7,APARTMENT,47.07529675,7.30592365,https://flatfox.ch/de/wohnung/bahnhofstrasse-7-3250-lyss/85495398/,2026-05-17T01:47:02+00:00,22.98701298701299
85495400,"Zeughausstrasse 49, 3250 Lyss - CHF 1’350 inkl. NK pro Monat",1350,2.5,53.0,3250,Lyss,Bern,Zeughausstrasse 49,APARTMENT,47.07676773,7.30065378,https://flatfox.ch/de/wohnung/zeughausstrasse-49-3250-lyss/85495400/,2026-05-17T01:47:02+00:00,25.471698113207548
85495403,"Bellikonerstrasse 211, 8967 Widen - CHF 4’417 inkl. NK pro Monat",4417,4.5,114.0,8967,Widen,Aargau,Bellikonerstrasse 211,ATTIC_FLAT,47.36560887,8.36512136,https://flatfox.ch/de/wohnung/bellikonerstrasse-211-8967-widen/85495403/,2026-05-17T01:47:02+00:00,38.74561403508772
85495531,"In der Rüti 8, 8965 Berikon - CHF 3’710 inkl. NK pro Monat",3710,4.5,112.0,8965,Berikon,Aargau,In der Rüti 8,APARTMENT,47.36493149,8.36521316,https://flatfox.ch/de/wohnung/in-der-ruti-8-8965-berikon/85495531/,2026-05-17T01:47:02+00:00,33.125
85495547,"In der Rüti 8, 8965 Berikon - CHF 3’150 inkl. NK pro Monat",3150,3.5,95.0,8965,Berikon,Aargau,In der Rüti 8,APARTMENT,47.36493149,8.36521316,https://flatfox.ch/de/wohnung/in-der-ruti-8-8965-berikon/85495547/,2026-05-17T01:47:02+00:00,33.1578947368421
85495666,"In der Rüti 8, 8965 Berikon - CHF 3’820 inkl. NK pro Monat",3820,3.5,114.0,8965,Berikon,Aargau,In der Rüti 8,APARTMENT,47.36493149,8.36521316,https://flatfox.ch/de/wohnung/in-der-ruti-8-8965-berikon/85495666/,2026-05-17T01:47:02+00:00,33.50877192982456
85496230,"Langegasse 127, 4104 Oberwil BL - CHF 4’800 inkl. NK pro Monat",4800,4.5,147.0,4104,Oberwil BL,Basel-Landschaft,Langegasse 127,ATTIC_FLAT,47.50811178,7.5604653000000015,https://flatfox.ch/de/wohnung/langegasse-127-4104-oberwil-bl/85496230/,2026-05-17T01:47:02+00:00,32.6530612244898
85496255,"Strada Regina 22, 6873 Castel San Pietro - CHF 1’150",1150,3.5,77.0,6873,Castel San Pietro,Ticino,Strada Regina 22,APARTMENT,45.85338791,9.00481525,https://flatfox.ch/de/wohnung/strada-regina-22-6873-castel-san-pietro/85496255/,2026-05-17T01:47:02+00:00,14.935064935064934
85496256,"Via Luigi Favre 19, 6830 Chiasso - CHF 890",890,3.5,62.0,6830,Chiasso,Ticino,Via Luigi Favre 19,APARTMENT,45.82934968,9.03288011,https://flatfox.ch/de/wohnung/via-luigi-favre-19-6830-chiasso/85496256/,2026-05-17T01:47:02+00:00,14.35483870967742
85496777,"Impasse du Cercle 7, 1523 Granges-près-Marnand - CHF 1’740",1740,3.5,83.0,1523,Granges-près-Marnand,Vaud,Impasse du Cercle 7,APARTMENT,46.7645684,6.88361697,https://flatfox.ch/de/wohnung/impasse-du-cercle-7-1523-granges-pres-marnand/85496777/,2026-05-17T01:47:02+00:00,20.96385542168675
85497428,6900 Lugano - CHF 3’750,3750,3.5,140.0,6900,Lugano,Ticino,,APARTMENT,46.00940364036055,8.950660420780338,https://flatfox.ch/de/wohnung/6900-lugano/85497428/,2026-05-17T01:47:02+00:00,26.785714285714285
85498781,"Stegenweg 36, 3172 Niederwangen b. Bern - CHF 1’510 inkl. NK pro Monat",1510,3.5,75.0,3172,Niederwangen b. Bern,Bern,Stegenweg 36,APARTMENT,46.92737181,7.36876795,https://flatfox.ch/de/wohnung/stegenweg-36-3172-niederwangen-b-bern/85498781/,2026-05-17T01:47:02+00:00,20.133333333333333
85499639,"Engelaustrasse 15, 9010 St. Gallen - CHF 2’250",2250,4.5,192.0,9010,St. Gallen,St. Gallen,Engelaustrasse 15,APARTMENT,47.43748416,9.37844581,https://flatfox.ch/de/wohnung/engelaustrasse-15-9010-st-gallen/85499639/,2026-05-17T01:47:02+00:00,11.71875
85499725,"Le Milavy 1, 1580 Avenches - CHF 1’990",1990,3.5,82.0,1580,Avenches,Vaud,Le Milavy 1,APARTMENT,46.87515282,7.031391999999999,https://flatfox.ch/de/wohnung/le-milavy-1-1580-avenches/85499725/,2026-05-17T01:47:02+00:00,24.26829268292683
85499771,"Bäraustrasse 60H, 3552 Bärau - CHF 2’266 inkl. NK pro Monat",2266,5.5,122.0,3552,Bärau,Bern,Bäraustrasse 60H,APARTMENT,46.92998467,7.80959695,https://flatfox.ch/de/wohnung/baraustrasse-60h-3552-barau/85499771/,2026-05-17T01:47:04+00:00,18.57377049180328
85500884,"Via Carlo Pasta 3, 6850 Mendrisio - CHF 1’580",1580,3.5,100.0,6850,Mendrisio,Ticino,Via Carlo Pasta 3,APARTMENT,45.873094,8.987332199999999,https://flatfox.ch/de/wohnung/via-carlo-pasta-3-6850-mendrisio/85500884/,2026-05-17T01:47:04+00:00,15.8
85501110,"Stöckenstrasse 16, 8903 Birmensdorf - CHF 1’975",1975,1.5,65.0,8903,Birmensdorf,Zurich,Stöckenstrasse 16,FURNISHED_FLAT,47.36103514,8.4600673,https://flatfox.ch/de/wohnung/stockenstrasse-16-8903-birmensdorf/85501110/,2026-05-17T01:47:04+00:00,30.384615384615383
85501505,"Mülipark 3, 6170 Schüpfheim - CHF 2’410 inkl. NK pro Monat",2410,4.5,136.0,6170,Schüpfheim,Lucerne,Mülipark 3,APARTMENT,46.94719565,8.0088567,https://flatfox.ch/de/wohnung/mulipark-3-6170-schupfheim/85501505/,2026-05-17T01:47:04+00:00,17.720588235294116
85501511,"Zweibruggenmühlestr. 5, 9014 St. Gallen - CHF 1’920 inkl. NK pro Monat",1920,3.5,85.0,9014,St. Gallen,St. Gallen,Zweibruggenmühlestr. 5,APARTMENT,47.4072394,9.32697886,https://flatfox.ch/de/wohnung/zweibruggenmuhlestr-5-9014-st-gallen/85501511/,2026-05-17T01:47:04+00:00,22.58823529411765
85501879,"Neuengasse 20, 2502 Biel/Bienne - CHF 2’750",2750,6.0,147.0,2502,Biel/Bienne,Bern,Neuengasse 20,APARTMENT,47.13763441,7.24387916,https://flatfox.ch/de/wohnung/neuengasse-20-2502-bielbienne/85501879/,2026-05-17T01:47:04+00:00,18.707482993197278
85502164,8762 Schwanden - CHF 870 inkl. NK pro Monat,870,2.0,50.0,8762,Schwanden,Glarus,,APARTMENT,46.99423582606917,9.07488516199976,https://flatfox.ch/de/wohnung/8762-schwanden/85502164/,2026-05-17T01:47:04+00:00,17.4
85502308,"Vicolo Concordia, 6932 Breganzona - CHF 950",950,1.5,30.0,6932,Breganzona,Ticino,Vicolo Concordia,APARTMENT,46.0108065,8.9359214,https://flatfox.ch/de/wohnung/vicolo-concordia-6932-breganzona/85502308/,2026-05-17T01:47:04+00:00,31.666666666666668
85502526,"Rue des Anciens Moulins 12, 1820 Montreux - CHF 1’980",1980,3.5,95.0,1820,Montreux,Vaud,Rue des Anciens Moulins 12,APARTMENT,46.43308745,6.915807099999999,https://flatfox.ch/de/wohnung/rue-des-anciens-moulins-12-1820-montreux/85502526/,2026-05-17T01:47:04+00:00,20.842105263157894
85502686,"Bielstrasse 3, 3252 Worben - CHF 1’432 inkl. NK pro Monat",1432,3.5,73.0,3252,Worben,Bern,Bielstrasse 3,APARTMENT,47.10322439999999,7.29548695,https://flatfox.ch/de/wohnung/bielstrasse-3-3252-worben/85502686/,2026-05-17T01:47:04+00:00,19.616438356164384
85503030,3963 Crans-Montana - CHF 3’000,3000,3.5,80.0,3963,Crans-Montana,Valais,,APARTMENT,46.356625455895774,7.508136016390986,https://flatfox.ch/de/wohnung/3963-crans-montana/85503030/,2026-05-17T01:47:04+00:00,37.5
85503102,"Boulevard de Pérolles 91, 1700 Fribourg - CHF 1’640 inkl. NK pro Monat",1640,3.0,63.0,1700,Fribourg,Fribourg,Boulevard de Pérolles 91,APARTMENT,46.79477198,7.15680031,https://flatfox.ch/de/wohnung/boulevard-de-perolles-91-1700-fribourg/85503102/,2026-05-17T01:47:04+00:00,26.03174603174603
85503639,"Junkerngasse 58, 3011 Bern - CHF 3’300",3300,4.5,116.0,3011,Bern,Bern,Junkerngasse 58,DUPLEX,46.94766587,7.45247629,https://flatfox.ch/de/wohnung/junkerngasse-58-3011-bern/85503639/,2026-05-17T01:47:06+00:00,28.448275862068964
85503711,"Spitalstr. (Altbau) 7, 7130 Ilanz - CHF 2’585 inkl. NK pro Monat",2585,4.5,128.0,7130,Ilanz,Graubünden,Spitalstr. (Altbau) 7,APARTMENT,46.77660169,9.2050183,https://flatfox.ch/de/wohnung/spitalstr-altbau-7-7130-ilanz/85503711/,2026-05-17T01:47:06+00:00,20.1953125
85504739,"Route des Bonnesfontaines 49, 1700 Fribourg - CHF 2’900 inkl. NK pro Monat",2900,5.5,181.0,1700,Fribourg,Fribourg,Route des Bonnesfontaines 49,APARTMENT,46.81447956,7.14398745,https://flatfox.ch/de/wohnung/route-des-bonnesfontaines-49-1700-fribourg/85504739/,2026-05-17T01:47:06+00:00,16.022099447513813
85504844,"Brachmattstrasse 2, 2555 Brügg BE - CHF 1’280 inkl. NK pro Monat",1280,3.5,61.0,2555,Brügg BE,Bern,Brachmattstrasse 2,APARTMENT,47.1259859,7.277884200000002,https://flatfox.ch/de/wohnung/brachmattstrasse-2-2555-brugg-be/85504844/,2026-05-17T01:47:06+00:00,20.983606557377048
85504990,"Via al Funti 15, 6834 Morbio Inferiore - CHF 1’380 inkl. NK pro Monat",1380,3.5,91.0,6834,Morbio Inferiore,Ticino,Via al Funti 15,APARTMENT,45.85150998,9.023554,https://flatfox.ch/de/wohnung/via-al-funti-15-6834-morbio-inferiore/85504990/,2026-05-17T01:47:06+00:00,15.164835164835164
85505115,6987 Caslano - CHF 1’300,1300,3.5,80.0,6987,Caslano,Ticino,,APARTMENT,45.97170905220376,8.880273925873244,https://flatfox.ch/de/wohnung/6987-caslano/85505115/,2026-05-17T01:47:06+00:00,16.25
85505275,"Stockenstr. 12, 8362 Balterswil - CHF 1’500 inkl. NK pro Monat",1500,3.5,86.0,8362,Balterswil,Thurgau,Stockenstr. 12,APARTMENT,47.45383918,8.942048999999999,https://flatfox.ch/de/wohnung/stockenstr-12-8362-balterswil/85505275/,2026-05-17T01:47:06+00:00,17.441860465116278
85505928,6528 Camorino - CHF 1’130,1130,2.5,53.0,6528,Camorino,Ticino,,APARTMENT,46.16356012400805,9.005219961921075,https://flatfox.ch/de/wohnung/6528-camorino/85505928/,2026-05-17T01:47:07+00:00,21.32075471698113
85506030,"Hauptstrasse 6 (Haus A), 8598 Bottighofen - CHF 2’080",2080,2.5,81.0,8598,Bottighofen,Thurgau,Hauptstrasse 6 (Haus A),APARTMENT,47.63960381,9.2062655,https://flatfox.ch/de/wohnung/hauptstrasse-6-haus-a-8598-bottighofen/85506030/,2026-05-17T01:47:07+00:00,25.679012345679013
85506402,"Spiserstrasse 6, 8047 Zürich - CHF 3’490 inkl. NK pro Monat",3490,3.5,80.0,8047,Zürich,Zurich,Spiserstrasse 6,APARTMENT,47.37927142,8.49427442,https://flatfox.ch/de/wohnung/spiserstrasse-6-8047-zurich/85506402/,2026-05-17T01:47:07+00:00,43.625
85506418,"Isabelle de Montolieu 161, 1010 Lausanne - CHF 1’050 inkl. NK pro Monat",1050,1.0,27.0,1010,Lausanne,Vaud,Isabelle de Montolieu 161,APARTMENT,46.54398928,6.645016699999999,https://flatfox.ch/de/wohnung/isabelle-de-montolieu-161-1010-lausanne/85506418/,2026-05-17T01:47:07+00:00,38.888888888888886
85506713,"Lohstrasse 2-16, 8708 Männedorf - CHF 2’720 inkl. NK pro Monat",2720,2.5,79.0,8708,Männedorf,Zurich,Lohstrasse 2-16,APARTMENT,47.26181517,8.70119773,https://flatfox.ch/de/wohnung/lohstrasse-2-16-8708-mannedorf/85506713/,2026-05-17T01:47:07+00:00,34.43037974683544
85506740,"Lohstrasse 2-16, 8708 Männedorf - CHF 3’890 inkl. NK pro Monat",3890,3.5,97.0,8708,Männedorf,Zurich,Lohstrasse 2-16,APARTMENT,47.26181517,8.70119773,https://flatfox.ch/de/wohnung/lohstrasse-2-16-8708-mannedorf/85506740/,2026-05-17T01:47:07+00:00,40.103092783505154
85506782,"Lohstrasse 2-16, 8708 Männedorf - CHF 4’650 inkl. NK pro Monat",4650,4.5,130.0,8708,Männedorf,Zurich,Lohstrasse 2-16,APARTMENT,47.26181517,8.70119773,https://flatfox.ch/de/wohnung/lohstrasse-2-16-8708-mannedorf/85506782/,2026-05-17T01:47:07+00:00,35.76923076923077
85506810,"Lohstrasse 2-16, 8708 Männedorf - CHF 4’640 inkl. NK pro Monat",4640,5.5,126.0,8708,Männedorf,Zurich,Lohstrasse 2-16,APARTMENT,47.26181517,8.70119773,https://flatfox.ch/de/wohnung/lohstrasse-2-16-8708-mannedorf/85506810/,2026-05-17T01:47:07+00:00,36.82539682539682
85506818,"Unterstrasse 23, 9230 Flawil - CHF 1’090 inkl. NK pro Monat",1090,2.0,45.0,9230,Flawil,St. Gallen,Unterstrasse 23,APARTMENT,47.41454861,9.17560227,https://flatfox.ch/de/wohnung/unterstrasse-23-9230-flawil/85506818/,2026-05-17T01:47:08+00:00,24.22222222222222
85507150,"Muttenzerstrasse 2, 4127 Birsfelden - CHF 1’450 inkl. NK pro Monat",1450,2.5,62.0,4127,Birsfelden,Basel-Landschaft,Muttenzerstrasse 2,APARTMENT,47.55194400000001,7.62341612,https://flatfox.ch/de/wohnung/muttenzerstrasse-2-4127-birsfelden/85507150/,2026-05-17T01:47:08+00:00,23.387096774193548
85507159,"Via Zorzi 39a, 6900 Paradiso - CHF 790 inkl. NK pro Monat",790,1.5,22.0,6900,Paradiso,Ticino,Via Zorzi 39a,APARTMENT,45.9898571,8.941769599999999,https://flatfox.ch/de/wohnung/via-zorzi-39a-6900-paradiso/85507159/,2026-05-17T01:47:08+00:00,35.90909090909091
85508268,"Route de Mon-Idée 47, 1226 Thônex - CHF 2’440 inkl. NK pro Monat",2440,4.0,75.0,1226,Thônex,Geneva,Route de Mon-Idée 47,APARTMENT,46.20645928,6.2177044000000015,https://flatfox.ch/de/wohnung/route-de-mon-idee-47-1226-thonex/85508268/,2026-05-17T01:47:08+00:00,32.53333333333333
85508668,"Via San Gottardo 119b, 6596 Gordola - CHF 1’160",1160,1.5,32.0,6596,Gordola,Ticino,Via San Gottardo 119b,APARTMENT,46.1802671,8.86912753,https://flatfox.ch/de/wohnung/via-san-gottardo-119b-6596-gordola/85508668/,2026-05-17T01:47:08+00:00,36.25
85509392,"Via Balä, 6992 Vernate - CHF 4’700",4700,4.0,224.0,6992,Vernate,Ticino,Via Balä,APARTMENT,45.99687286,8.8883141,https://flatfox.ch/de/wohnung/via-bala-6992-vernate/85509392/,2026-05-17T01:47:08+00:00,20.982142857142858
85509432,"via Campagnole 34, 6802 Rivera - CHF 2’080",2080,4.5,105.0,6802,Rivera,Ticino,via Campagnole 34,APARTMENT,46.12839715,8.9212082,https://flatfox.ch/de/wohnung/via-campagnole-34-6802-rivera/85509432/,2026-05-17T01:47:08+00:00,19.80952380952381
85509440,"via giulia 17, 6855 Stabio - CHF 1’400",1400,3.5,80.0,6855,Stabio,Ticino,via giulia 17,APARTMENT,45.84999611,8.939010399999999,https://flatfox.ch/de/wohnung/via-giulia-17-6855-stabio/85509440/,2026-05-17T01:47:08+00:00,17.5
85509441,6962 Viganello - CHF 1’900,1900,3.5,85.0,6962,Viganello,Ticino,,APARTMENT,46.01241171904592,8.969102999108689,https://flatfox.ch/de/wohnung/6962-viganello/85509441/,2026-05-17T01:47:08+00:00,22.352941176470587
85509940,"Wengistrasse 34, 3257 Grossaffoltern - CHF 3’000",3000,3.5,194.0,3257,Grossaffoltern,Bern,Wengistrasse 34,ROOF_FLAT,47.07094922,7.369236499999999,https://flatfox.ch/de/wohnung/wengistrasse-34-3257-grossaffoltern/85509940/,2026-05-17T01:47:08+00:00,15.463917525773196
85510291,"Rue Francillon 34, 2610 St-Imier - CHF 955",955,3.5,88.0,2610,St-Imier,Bern,Rue Francillon 34,APARTMENT,47.15298392,6.9999238,https://flatfox.ch/de/wohnung/rue-francillon-34-2610-st-imier/85510291/,2026-05-17T01:47:08+00:00,10.852272727272727
85510447,"Avenue de Sévelin 13 B, 1004 Lausanne - CHF 2’305 inkl. NK pro Monat",2305,3.5,77.0,1004,Lausanne,Vaud,Avenue de Sévelin 13 B,APARTMENT,46.5241,6.61369025,https://flatfox.ch/de/wohnung/avenue-de-sevelin-13-b-1004-lausanne/85510447/,2026-05-17T01:47:08+00:00,29.935064935064936
85510871,"Freiestrasse 35, 8800 Thalwil - CHF 2’900 inkl. NK pro Monat",2900,3.5,75.0,8800,Thalwil,Zurich,Freiestrasse 35,APARTMENT,47.2934199,8.56306167,https://flatfox.ch/de/wohnung/freiestrasse-35-8800-thalwil/85510871/,2026-05-17T01:47:08+00:00,38.666666666666664
85511341,"Oberbalmstrasse 201, 3096 Oberbalm - CHF 2’140",2140,4.5,170.0,3096,Oberbalm,Bern,Oberbalmstrasse 201,APARTMENT,46.87338195,7.398825200000001,https://flatfox.ch/de/wohnung/oberbalmstrasse-201-3096-oberbalm/85511341/,2026-05-17T01:47:08+00:00,12.588235294117647
85511388,"Passwangstrasse 7, 4226 Breitenbach - CHF 1’090",1090,1.5,50.0,4226,Breitenbach,Solothurn,Passwangstrasse 7,APARTMENT,47.40758491,7.544058700000001,https://flatfox.ch/de/wohnung/passwangstrasse-7-4226-breitenbach/85511388/,2026-05-17T01:47:08+00:00,21.8
85512058,"Route d'Avry 19, 1753 Matran - CHF 2’550 inkl. NK pro Monat",2550,4.5,114.0,1753,Matran,Fribourg,Route d'Avry 19,APARTMENT,46.78621794,7.08304093,https://flatfox.ch/de/wohnung/route-davry-19-1753-matran/85512058/,2026-05-17T01:47:10+00:00,22.36842105263158
85512378,"Felderhofstr. 26, 3360 Herzogenbuchsee - CHF 1’600 inkl. NK pro Monat",1600,4.5,85.0,3360,Herzogenbuchsee,Bern,Felderhofstr. 26,APARTMENT,47.1931384,7.7043881,https://flatfox.ch/de/wohnung/felderhofstr-26-3360-herzogenbuchsee/85512378/,2026-05-17T01:47:10+00:00,18.823529411764707
85512435,"Riehenring 141, 4058 Basel - CHF 1’120 inkl. NK pro Monat",1120,1.0,36.0,4058,Basel,Basel-Stadt,Riehenring 141,STUDIO,47.56759124,7.5972870000000015,https://flatfox.ch/de/wohnung/riehenring-141-4058-basel/85512435/,2026-05-17T01:47:10+00:00,31.11111111111111
85513033,"Piazza della Comunità 5, 6912 Pazzallo - CHF 1’400",1400,3.5,95.0,6912,Pazzallo,Ticino,Piazza della Comunità 5,APARTMENT,45.98436647,8.94297786,https://flatfox.ch/de/wohnung/piazza-della-comunita-5-6912-pazzallo/85513033/,2026-05-17T01:47:10+00:00,14.736842105263158
85513298,"Pulvermühlestr. 40, 7000 Chur - CHF 2’440 inkl. NK pro Monat",2440,3.5,107.0,7000,Chur,Graubünden,Pulvermühlestr. 40,APARTMENT,46.85234798,9.51627847,https://flatfox.ch/de/wohnung/pulvermuhlestr-40-7000-chur/85513298/,2026-05-17T01:47:10+00:00,22.80373831775701
85513433,"Schorenweg 40, 4058 Basel - CHF 1’690 inkl. NK pro Monat",1690,2.0,50.0,4058,Basel,Basel-Stadt,Schorenweg 40,APARTMENT,47.57197833,7.611635899999999,https://flatfox.ch/de/wohnung/schorenweg-40-4058-basel/85513433/,2026-05-17T01:47:10+00:00,33.8
85513613,"Rue de Lausanne 20, 1700 Fribourg - CHF 2’150 inkl. NK pro Monat",2150,3.5,94.0,1700,Fribourg,Fribourg,Rue de Lausanne 20,APARTMENT,46.80572991,7.159804899999999,https://flatfox.ch/de/wohnung/rue-de-lausanne-20-1700-fribourg/85513613/,2026-05-17T01:47:10+00:00,22.872340425531913
85513641,"Schaffhauserstrasse 97A, 8152 Opfikon - CHF 3’000 inkl. NK pro Monat",3000,3.5,96.0,8152,Opfikon,Zurich,Schaffhauserstrasse 97A,APARTMENT,47.43270557,8.56398395,https://flatfox.ch/de/wohnung/schaffhauserstrasse-97a-8152-opfikon/85513641/,2026-05-17T01:47:10+00:00,31.25
85514146,6987 Caslano - CHF 700,700,1.0,30.0,6987,Caslano,Ticino,,FURNISHED_FLAT,45.97167482737032,8.880107315143476,https://flatfox.ch/de/wohnung/6987-caslano/85514146/,2026-05-17T01:47:10+00:00,23.333333333333332
85514211,"Reichenbachstrasse 13, 3004 Bern - CHF 1’790",1790,3.0,66.0,3004,Bern,Bern,Reichenbachstrasse 13,APARTMENT,46.96699733,7.4422833000000015,https://flatfox.ch/de/wohnung/reichenbachstrasse-13-3004-bern/85514211/,2026-05-17T01:47:10+00:00,27.12121212121212
85514409,"Auweg 22, 4450 Sissach - CHF 1’905 inkl. NK pro Monat",1905,3.5,91.0,4450,Sissach,Basel-Landschaft,Auweg 22,APARTMENT,47.4055658,8.1129212,https://flatfox.ch/de/wohnung/auweg-22-4450-sissach/85514409/,2026-05-17T01:47:10+00:00,20.934065934065934
85514554,"St.Jakobstr. 50, 4147 Aesch - CHF 2’461 inkl. NK pro Monat",2461,4.5,109.0,4147,Aesch,Basel-Landschaft,St.Jakobstr. 50,APARTMENT,47.47933260000001,7.59758429,https://flatfox.ch/de/wohnung/stjakobstr-50-4147-aesch/85514554/,2026-05-17T01:47:10+00:00,22.577981651376145
85515402,"Vechigenstrasse 40, 3076 Worb - CHF 1’550",1550,3.5,60.0,3076,Worb,Bern,Vechigenstrasse 40,APARTMENT,46.93540173,7.56199743,https://flatfox.ch/de/wohnung/vechigenstrasse-40-3076-worb/85515402/,2026-05-17T01:47:12+00:00,25.833333333333332
85515588,"Bachstrasse 17, 9244 Niederuzwil, 9244 Niederuzwil - CHF 1’730 inkl. NK pro Monat",1730,2.5,71.0,9244,Niederuzwil,St. Gallen,"Bachstrasse 17, 9244 Niederuzwil",APARTMENT,47.44638857,9.14116439,https://flatfox.ch/de/wohnung/bachstrasse-17-9244-niederuzwil-9244-niederuzwil/85515588/,2026-05-17T01:47:12+00:00,24.366197183098592
85517096,"Rue des Gentianes 47, 2300 La Chaux-de-Fonds - CHF 1’150",1150,4.5,97.0,2300,La Chaux-de-Fonds,Neuchâtel,Rue des Gentianes 47,APARTMENT,47.09334376,6.823586499999999,https://flatfox.ch/de/wohnung/rue-des-gentianes-47-2300-la-chaux-de-fonds/85517096/,2026-05-17T01:47:12+00:00,11.855670103092784
85518981,"Avenue du Mont-d'Or 85, 1007 Lausanne - CHF 2’500 inkl. NK pro Monat",2500,3.0,85.0,1007,Lausanne,Vaud,Avenue du Mont-d'Or 85,APARTMENT,46.5169841,6.61242644,https://flatfox.ch/de/wohnung/avenue-du-mont-dor-85-1007-lausanne/85518981/,2026-05-17T01:47:12+00:00,29.41176470588235
85519001,"Rte du Communal 18, 2400 Le Locle - CHF 655 inkl. NK pro Monat",655,1.0,32.0,2400,Le Locle,Neuchâtel,Rte du Communal 18,APARTMENT,47.05172200000001,6.75526671,https://flatfox.ch/de/wohnung/rte-du-communal-18-2400-le-locle/85519001/,2026-05-17T01:47:12+00:00,20.46875
85520815,"Hinterbissaustrasse 7 a, 9410 Heiden - CHF 1’290",1290,3.5,75.0,9410,Heiden,Appenzell Ausserrhoden,Hinterbissaustrasse 7 a,APARTMENT,47.43999937,9.532621100000002,https://flatfox.ch/de/wohnung/hinterbissaustrasse-7-a-9410-heiden/85520815/,2026-05-17T01:47:12+00:00,17.2
85521742,"Flurhofstrasse 158A, 9000 St. Gallen - CHF 2’690",2690,4.0,155.0,9000,St. Gallen,St. Gallen,Flurhofstrasse 158A,APARTMENT,47.43188234,9.40471741,https://flatfox.ch/de/wohnung/flurhofstrasse-158a-9000-st-gallen/85521742/,2026-05-17T01:47:12+00:00,17.35483870967742
85521816,"Pleerweg 7c, 3400 Burgdorf - CHF 1’795 inkl. NK pro Monat",1795,3.5,87.0,3400,Burgdorf,Bern,Pleerweg 7c,APARTMENT,47.04717911,7.620333199999999,https://flatfox.ch/de/wohnung/pleerweg-7c-3400-burgdorf/85521816/,2026-05-17T01:47:12+00:00,20.632183908045977
85522222,"Dorfplatz 9, 5612 Villmergen - CHF 1’760 inkl. NK pro Monat",1760,1.0,98.0,5612,Villmergen,Aargau,Dorfplatz 9,LOFT,47.36931999,8.20743956,https://flatfox.ch/de/wohnung/dorfplatz-9-5612-villmergen/85522222/,2026-05-17T01:47:12+00:00,17.959183673469386
85522645,"Kleeweg 17, 3303 Jegenstorf - CHF 2’080 inkl. NK pro Monat",2080,4.5,102.0,3303,Jegenstorf,Bern,Kleeweg 17,APARTMENT,47.05337269,7.507766399999999,https://flatfox.ch/de/wohnung/kleeweg-17-3303-jegenstorf/85522645/,2026-05-17T01:47:12+00:00,20.392156862745097
85523079,"Hardstrasse 236/238, 8005 Zürich - CHF 3’500",3500,2.0,80.0,8005,Zürich,Zurich,Hardstrasse 236/238,APARTMENT,47.38741673,8.519701600000001,https://flatfox.ch/de/wohnung/hardstrasse-236238-8005-zurich/85523079/,2026-05-17T01:47:13+00:00,43.75
85523112,3911 Ried-Brig - CHF 1’300,1300,2.5,34.0,3911,Ried-Brig,Valais,,ROOF_FLAT,46.30716272540783,8.02295750569739,https://flatfox.ch/de/wohnung/3911-ried-brig/85523112/,2026-05-17T01:47:13+00:00,38.23529411764706
85523194,"Leutwilerstrasse 2c, 5706 Boniswil - CHF 1’610 inkl. NK pro Monat",1610,3.5,67.0,5706,Boniswil,Aargau,Leutwilerstrasse 2c,APARTMENT,47.31624698,8.18449891,https://flatfox.ch/de/wohnung/leutwilerstrasse-2c-5706-boniswil/85523194/,2026-05-17T01:47:13+00:00,24.029850746268657
85523221,"A Genève, 1202 Genève - CHF 5’400",5400,5.0,140.0,1202,Genève,Geneva,A Genève,APARTMENT,46.1920293,6.14410269,https://flatfox.ch/de/wohnung/a-geneve-1202-geneve/85523221/,2026-05-17T01:47:13+00:00,38.57142857142857
85523462,"Margrethenweg 15, 5314 Kleindöttingen - CHF 1’540 inkl. NK pro Monat",1540,2.5,67.0,5314,Kleindöttingen,Aargau,Margrethenweg 15,APARTMENT,47.56844763,8.2497479,https://flatfox.ch/de/wohnung/margrethenweg-15-5314-kleindottingen/85523462/,2026-05-17T01:47:13+00:00,22.98507462686567
85523476,"Margrethenweg 15, 5314 Kleindöttingen - CHF 1’940 inkl. NK pro Monat",1940,2.5,86.0,5314,Kleindöttingen,Aargau,Margrethenweg 15,ATTIC_FLAT,47.56844763,8.2497479,https://flatfox.ch/de/wohnung/margrethenweg-15-5314-kleindottingen/85523476/,2026-05-17T01:47:13+00:00,22.558139534883722
85524817,"Avenue Jean-Marie Musy 30, 1700 Fribourg - CHF 1’690 inkl. NK pro Monat",1690,4.5,81.0,1700,Fribourg,Fribourg,Avenue Jean-Marie Musy 30,APARTMENT,46.80898913,7.17810466,https://flatfox.ch/de/wohnung/avenue-jean-marie-musy-30-1700-fribourg/85524817/,2026-05-17T01:47:15+00:00,20.864197530864196
85525166,"Eichenstrasse 8, 9404 Rorschacherberg - CHF 1’400 inkl. NK pro Monat",1400,3.0,61.0,9404,Rorschacherberg,St. Gallen,Eichenstrasse 8,APARTMENT,47.47215152,9.4851046,https://flatfox.ch/de/wohnung/eichenstrasse-8-9404-rorschacherberg/85525166/,2026-05-17T01:47:15+00:00,22.950819672131146
85525210,"Rue de Guillermaux 27, 1530 Payerne - CHF 1’620 inkl. NK pro Monat",1620,3.0,71.0,1530,Payerne,Vaud,Rue de Guillermaux 27,APARTMENT,46.81988727,6.93349792,https://flatfox.ch/de/wohnung/rue-de-guillermaux-27-1530-payerne/85525210/,2026-05-17T01:47:15+00:00,22.816901408450704
85525796,"Route du Comptoir 3, 1700 Fribourg - CHF 1’950 inkl. NK pro Monat",1950,3.5,96.0,1700,Fribourg,Fribourg,Route du Comptoir 3,APARTMENT,46.79640992,7.15339095,https://flatfox.ch/de/wohnung/route-du-comptoir-3-1700-fribourg/85525796/,2026-05-17T01:47:15+00:00,20.3125
85525928,"Am Tych 3, 4665 Oftringen - CHF 1’550",1550,2.0,33.0,4665,Oftringen,Aargau,Am Tych 3,FURNISHED_FLAT,47.312426,7.915856,https://flatfox.ch/de/wohnung/am-tych-3-4665-oftringen/85525928/,2026-05-17T01:47:15+00:00,46.96969696969697
85527548,"Place de la Sallaz 2, 1010 Lausanne - CHF 3’198 inkl. NK pro Monat",3198,4.5,93.0,1010,Lausanne,Vaud,Place de la Sallaz 2,APARTMENT,46.53275822,6.646609799999999,https://flatfox.ch/de/wohnung/place-de-la-sallaz-2-1010-lausanne/85527548/,2026-05-17T01:47:15+00:00,34.38709677419355
85527948,"Wartstrasse 15, 8400 Winterthur - CHF 4’980 inkl. NK pro Monat",4980,6.5,220.0,8400,Winterthur,Zurich,Wartstrasse 15,APARTMENT,47.50095152,8.72164991,https://flatfox.ch/de/wohnung/wartstrasse-15-8400-winterthur/85527948/,2026-05-17T01:47:15+00:00,22.636363636363637
85528140,"Route de Villars-le-Grand 7, 1580 Avenches - CHF 1’370 inkl. NK pro Monat",1370,3.5,73.0,1580,Avenches,Vaud,Route de Villars-le-Grand 7,APARTMENT,46.87782131,7.033013599999999,https://flatfox.ch/de/wohnung/route-de-villars-le-grand-7-1580-avenches/85528140/,2026-05-17T01:47:15+00:00,18.767123287671232
85528160,"Allée Charles-Edouard-Guillaume 15, 1723 Marly - CHF 2’290 inkl. NK pro Monat",2290,4.5,98.0,1723,Marly,Fribourg,Allée Charles-Edouard-Guillaume 15,APARTMENT,46.77577691,7.1544049,https://flatfox.ch/de/wohnung/allee-charles-edouard-guillaume-15-1723-marly/85528160/,2026-05-17T01:47:15+00:00,23.367346938775512
85528280,6922 Morcote - CHF 2’301,2301,3.0,90.0,6922,Morcote,Ticino,,APARTMENT,45.93581180469688,8.909856560373695,https://flatfox.ch/de/wohnung/6922-morcote/85528280/,2026-05-17T01:47:15+00:00,25.566666666666666
85528281,6922 Morcote - CHF 2’201,2201,3.5,90.0,6922,Morcote,Ticino,,APARTMENT,45.93577864337463,8.909925430640996,https://flatfox.ch/de/wohnung/6922-morcote/85528281/,2026-05-17T01:47:15+00:00,24.455555555555556
85528342,"Allée Charles-Edouard-Guillaume 15, 1723 Marly - CHF 2’280 inkl. NK pro Monat",2280,4.5,95.0,1723,Marly,Fribourg,Allée Charles-Edouard-Guillaume 15,APARTMENT,46.77577691,7.1544049,https://flatfox.ch/de/wohnung/allee-charles-edouard-guillaume-15-1723-marly/85528342/,2026-05-17T01:47:15+00:00,24.0
85528582,"Markircherstrasse 52, 4055 Basel - CHF 1’850 inkl. NK pro Monat",1850,4.0,76.0,4055,Basel,Basel-Stadt,Markircherstrasse 52,APARTMENT,47.56539797,7.562200499999999,https://flatfox.ch/de/wohnung/markircherstrasse-52-4055-basel/85528582/,2026-05-17T01:47:18+00:00,24.342105263157894
85529007,"Avenue Eugène Rambert 30, 1005 Lausanne - CHF 1’240 inkl. NK pro Monat",1240,1.0,29.0,1005,Lausanne,Vaud,Avenue Eugène Rambert 30,APARTMENT,46.51506458,6.64935851,https://flatfox.ch/de/wohnung/avenue-eugene-rambert-30-1005-lausanne/85529007/,2026-05-17T01:47:18+00:00,42.758620689655174
85530025,"Freiestrasse 51, 4632 Trimbach - CHF 1’680 inkl. NK pro Monat",1680,4.5,83.0,4632,Trimbach,Solothurn,Freiestrasse 51,APARTMENT,47.35780371,7.90556434,https://flatfox.ch/de/wohnung/freiestrasse-51-4632-trimbach/85530025/,2026-05-17T01:47:18+00:00,20.240963855421686
85530296,"Weidstr. 3, 8135 Langnau am Albis - CHF 2’050 inkl. NK pro Monat",2050,4.5,93.0,8135,Langnau am Albis,Zurich,Weidstr. 3,DUPLEX,47.2942716,8.53777581,https://flatfox.ch/de/wohnung/weidstr-3-8135-langnau-am-albis/85530296/,2026-05-17T01:47:18+00:00,22.043010752688172
85530297,"Weidstr. 3, 8135 Langnau am Albis - CHF 1’585 inkl. NK pro Monat",1585,3.0,66.0,8135,Langnau am Albis,Zurich,Weidstr. 3,DUPLEX,47.2942716,8.53777581,https://flatfox.ch/de/wohnung/weidstr-3-8135-langnau-am-albis/85530297/,2026-05-17T01:47:18+00:00,24.015151515151516
85530623,"Via Zorzi 15, 6900 Paradiso - CHF 3’850",3850,4.5,138.0,6900,Paradiso,Ticino,Via Zorzi 15,APARTMENT,45.9893129,8.94471741,https://flatfox.ch/de/wohnung/via-zorzi-15-6900-paradiso/85530623/,2026-05-17T01:47:18+00:00,27.89855072463768
85530645,"Piazza G. Motta, 6818 Melano - CHF 1’950",1950,4.5,125.0,6818,Melano,Ticino,Piazza G. Motta,APARTMENT,45.92119115,8.98665285,https://flatfox.ch/de/wohnung/piazza-g-motta-6818-melano/85530645/,2026-05-17T01:47:18+00:00,15.6
85530717,"Strada da Ved 5, 6922 Morcote - CHF 2’800",2800,2.5,126.0,6922,Morcote,Ticino,Strada da Ved 5,APARTMENT,45.93066193,8.903256599999999,https://flatfox.ch/de/wohnung/strada-da-ved-5-6922-morcote/85530717/,2026-05-17T01:47:18+00:00,22.22222222222222
85530744,"Av. du Bouchet 6, 1209 Genève - CHF 2’585 inkl. NK pro Monat",2585,4.0,86.0,1209,Genève,Geneva,Av. du Bouchet 6,APARTMENT,46.21657328,6.11978561,https://flatfox.ch/de/wohnung/av-du-bouchet-6-1209-geneve/85530744/,2026-05-17T01:47:18+00:00,30.058139534883722
85530958,"Haini-Rennhas-Strasse 18, 9403 Goldach - CHF 1’330 inkl. NK pro Monat",1330,3.5,71.0,9403,Goldach,St. Gallen,Haini-Rennhas-Strasse 18,APARTMENT,47.47891741,9.4633638,https://flatfox.ch/de/wohnung/haini-rennhas-strasse-18-9403-goldach/85530958/,2026-05-17T01:47:18+00:00,18.732394366197184
85531656,"Burgernzielweg 14, 3006 Bern - CHF 1’690 inkl. NK pro Monat",1690,3.5,77.0,3006,Bern,Bern,Burgernzielweg 14,APARTMENT,46.94240012,7.46987021,https://flatfox.ch/de/wohnung/burgernzielweg-14-3006-bern/85531656/,2026-05-17T01:47:18+00:00,21.948051948051948
85531777,"Finkhubelweg 8, 3400 Burgdorf - CHF 2’060 inkl. NK pro Monat",2060,3.5,99.0,3400,Burgdorf,Bern,Finkhubelweg 8,APARTMENT,47.05399096,7.611924399999999,https://flatfox.ch/de/wohnung/finkhubelweg-8-3400-burgdorf/85531777/,2026-05-17T01:47:18+00:00,20.80808080808081
85531864,"Rue du Pont Muré 24, 1700 Fribourg - CHF 1’890 inkl. NK pro Monat",1890,4.5,110.0,1700,Fribourg,Fribourg,Rue du Pont Muré 24,APARTMENT,46.80625836,7.16196639,https://flatfox.ch/de/wohnung/rue-du-pont-mure-24-1700-fribourg/85531864/,2026-05-17T01:47:18+00:00,17.181818181818183
85531953,"Madretschstrasse 122, 2503 Biel/Bienne - CHF 1’180",1180,3.0,52.0,2503,Biel/Bienne,Bern,Madretschstrasse 122,APARTMENT,47.13679818,7.25865953,https://flatfox.ch/de/wohnung/madretschstrasse-122-2503-bielbienne/85531953/,2026-05-17T01:47:18+00:00,22.692307692307693
85532373,"Hauptstrasse 80, 9434 Au SG - CHF 990",990,1.5,39.0,9434,Au SG,St. Gallen,Hauptstrasse 80,APARTMENT,47.43494058,9.63535163,https://flatfox.ch/de/wohnung/hauptstrasse-80-9434-au-sg/85532373/,2026-05-17T01:47:18+00:00,25.384615384615383
85532429,"Arisdörferstrasse 6, 4410 Liestal - CHF 1’830 inkl. NK pro Monat",1830,3.5,89.0,4410,Liestal,Basel-Landschaft,Arisdörferstrasse 6,APARTMENT,47.48637513,7.74038721,https://flatfox.ch/de/wohnung/arisdorferstrasse-6-4410-liestal/85532429/,2026-05-17T01:47:18+00:00,20.56179775280899
85532439,"Via Lischedo 1, 6802 Rivera - CHF 1’770 inkl. NK pro Monat",1770,3.5,78.0,6802,Rivera,Ticino,Via Lischedo 1,APARTMENT,46.125038900000014,8.9232319,https://flatfox.ch/de/wohnung/via-lischedo-1-6802-rivera/85532439/,2026-05-17T01:47:18+00:00,22.692307692307693
85532453,"Via Pioda 15, 6600 Locarno - CHF 2’010 inkl. NK pro Monat",2010,4.5,154.0,6600,Locarno,Ticino,Via Pioda 15,APARTMENT,46.16785539,8.78435186,https://flatfox.ch/de/wohnung/via-pioda-15-6600-locarno/85532453/,2026-05-17T01:47:18+00:00,13.051948051948052
85532614,"Route d'Aloys-Fauquez 30, 1018 Lausanne - CHF 1’810 inkl. NK pro Monat",1810,3.0,54.0,1018,Lausanne,Vaud,Route d'Aloys-Fauquez 30,APARTMENT,46.5324868,6.63319648,https://flatfox.ch/de/wohnung/route-daloys-fauquez-30-1018-lausanne/85532614/,2026-05-17T01:47:20+00:00,33.51851851851852
85532763,"Am Mattenbach 1, 9035 Grub - CHF 2’240 inkl. NK pro Monat",2240,3.5,146.0,9035,Grub,Appenzell Ausserrhoden,Am Mattenbach 1,APARTMENT,47.44554267,9.50436561,https://flatfox.ch/de/wohnung/am-mattenbach-1-9035-grub/85532763/,2026-05-17T01:47:20+00:00,15.342465753424657
85533097,"Rte du Communal 16, 2400 Le Locle - CHF 645 inkl. NK pro Monat",645,1.0,32.0,2400,Le Locle,Neuchâtel,Rte du Communal 16,APARTMENT,47.05200576,6.75493617,https://flatfox.ch/de/wohnung/rte-du-communal-16-2400-le-locle/85533097/,2026-05-17T01:47:20+00:00,20.15625
85533229,"Chemin de Pilons 15, 1630 Bulle - CHF 2’680 inkl. NK pro Monat",2680,4.5,140.0,1630,Bulle,Fribourg,Chemin de Pilons 15,ATTIC_FLAT,46.6248741,7.063683999999999,https://flatfox.ch/de/wohnung/chemin-de-pilons-15-1630-bulle/85533229/,2026-05-17T01:47:20+00:00,19.142857142857142
85533286,"Rue des Battieux 36, 2000 Neuchâtel - CHF 1’530 inkl. NK pro Monat",1530,3.5,87.0,2000,Neuchâtel,Neuchâtel,Rue des Battieux 36,APARTMENT,46.984896,6.9008364,https://flatfox.ch/de/wohnung/rue-des-battieux-36-2000-neuchatel/85533286/,2026-05-17T01:47:20+00:00,17.586206896551722
85533857,"Florastrasse 18, 2505 Biel/Bienne - CHF 2’360 inkl. NK pro Monat",2360,4.5,114.0,2505,Biel/Bienne,Bern,Florastrasse 18,APARTMENT,47.13838846,7.24744837,https://flatfox.ch/de/wohnung/florastrasse-18-2505-bielbienne/85533857/,2026-05-17T01:47:20+00:00,20.70175438596491
85534847,"Parkweg 12, 4852 Rothrist - CHF 1’950 inkl. NK pro Monat",1950,3.5,93.0,4852,Rothrist,Aargau,Parkweg 12,APARTMENT,47.30603041,7.8954178,https://flatfox.ch/de/wohnung/parkweg-12-4852-rothrist/85534847/,2026-05-17T01:47:20+00:00,20.967741935483872
85534900,"Chemin des Epinettes 39, 1723 Marly - CHF 1’702",1702,3.0,76.0,1723,Marly,Fribourg,Chemin des Epinettes 39,APARTMENT,46.7784039,7.15376858,https://flatfox.ch/de/wohnung/chemin-des-epinettes-39-1723-marly/85534900/,2026-05-17T01:47:20+00:00,22.394736842105264
85535367,"Olivengasse 7, 8032 Zürich - CHF 3’830 inkl. NK pro Monat",3830,1.5,82.0,8032,Zürich,Zurich,Olivengasse 7,ROOF_FLAT,47.36376192,8.55743881,https://flatfox.ch/de/wohnung/olivengasse-7-8032-zurich/85535367/,2026-05-17T01:47:20+00:00,46.707317073170735
85535911,"Spiserstrasse 4, 8047 Zürich - CHF 2’980 inkl. NK pro Monat",2980,2.5,64.0,8047,Zürich,Zurich,Spiserstrasse 4,APARTMENT,47.379034800000014,8.49448524,https://flatfox.ch/de/wohnung/spiserstrasse-4-8047-zurich/85535911/,2026-05-17T01:47:20+00:00,46.5625
85535920,"Rue des Frères-Lumière 37, 1723 Marly - CHF 1’950 inkl. NK pro Monat",1950,3.5,84.0,1723,Marly,Fribourg,Rue des Frères-Lumière 37,APARTMENT,46.7748086,7.1564225,https://flatfox.ch/de/wohnung/rue-des-freres-lumiere-37-1723-marly/85535920/,2026-05-17T01:47:20+00:00,23.214285714285715
85536036,"Buristr. 6, 3006 Bern - CHF 2’070 inkl. NK pro Monat",2070,3.5,79.0,3006,Bern,Bern,Buristr. 6,APARTMENT,46.94560327,7.474102699999999,https://flatfox.ch/de/wohnung/buristr-6-3006-bern/85536036/,2026-05-17T01:47:22+00:00,26.20253164556962
85536771,"Spiserstrasse 6, 8047 Zürich - CHF 3’455 inkl. NK pro Monat",3455,3.5,83.0,8047,Zürich,Zurich,Spiserstrasse 6,APARTMENT,47.37927142,8.49427442,https://flatfox.ch/de/wohnung/spiserstrasse-6-8047-zurich/85536771/,2026-05-17T01:47:22+00:00,41.626506024096386
85537233,"Via Geretta 18, 6900 Paradiso - CHF 4’670 inkl. NK pro Monat",4670,4.5,166.0,6900,Paradiso,Ticino,Via Geretta 18,APARTMENT,45.99153068,8.94399791,https://flatfox.ch/de/wohnung/via-geretta-18-6900-paradiso/85537233/,2026-05-17T01:47:22+00:00,28.132530120481928
85537796,"via Oscar Camponovo 1, 6830 Chiasso - CHF 1’150",1150,2.5,77.0,6830,Chiasso,Ticino,via Oscar Camponovo 1,APARTMENT,45.82737318,9.02374517,https://flatfox.ch/de/wohnung/via-oscar-camponovo-1-6830-chiasso/85537796/,2026-05-17T01:47:22+00:00,14.935064935064934
85537947,"Kanalweg 14, 4800 Zofingen - CHF 2’060 inkl. NK pro Monat",2060,5.5,106.0,4800,Zofingen,Aargau,Kanalweg 14,APARTMENT,47.28449991,7.9357659,https://flatfox.ch/de/wohnung/kanalweg-14-4800-zofingen/85537947/,2026-05-17T01:47:22+00:00,19.433962264150942
85539836,"Im Tauen 4, 8103 Unterengstringen - CHF 2’600 inkl. NK pro Monat",2600,3.5,79.0,8103,Unterengstringen,Zurich,Im Tauen 4,APARTMENT,47.41371843,8.449907699999999,https://flatfox.ch/de/wohnung/im-tauen-4-8103-unterengstringen/85539836/,2026-05-17T01:47:22+00:00,32.91139240506329
85540105,"Route de la Fonderie 25, 1700 Fribourg - CHF 1’840 inkl. NK pro Monat",1840,3.5,76.0,1700,Fribourg,Fribourg,Route de la Fonderie 25,APARTMENT,46.79537599,7.14968791,https://flatfox.ch/de/wohnung/route-de-la-fonderie-25-1700-fribourg/85540105/,2026-05-17T01:47:22+00:00,24.210526315789473
85540330,"Steinhügelstr. 12, 8965 Berikon - CHF 2’050 inkl. NK pro Monat",2050,3.5,90.0,8965,Berikon,Aargau,Steinhügelstr. 12,DUPLEX,47.36337876,8.365145799999999,https://flatfox.ch/de/wohnung/steinhugelstr-12-8965-berikon/85540330/,2026-05-17T01:47:22+00:00,22.77777777777778
85540368,"Rue du Nord 174, 2300 La Chaux-de-Fonds - CHF 400",400,1.0,79.0,2300,La Chaux-de-Fonds,Neuchâtel,Rue du Nord 174,SINGLE_ROOM,47.10126942,6.818227100000001,https://flatfox.ch/de/wohnung/rue-du-nord-174-2300-la-chaux-de-fonds/85540368/,2026-05-17T01:47:22+00:00,5.063291139240507
85540922,"Piazza S. Stefano 5, 6862 Rancate - CHF 1’320 inkl. NK pro Monat",1320,4.5,79.0,6862,Rancate,Ticino,Piazza S. Stefano 5,APARTMENT,45.87193427,8.96863862,https://flatfox.ch/de/wohnung/piazza-s-stefano-5-6862-rancate/85540922/,2026-05-17T01:47:22+00:00,16.70886075949367
85541174,"Via Lugano 16, 6710 Biasca - CHF 1’280",1280,5.5,98.0,6710,Biasca,Ticino,Via Lugano 16,APARTMENT,46.3458336,8.973355399999999,https://flatfox.ch/de/wohnung/via-lugano-16-6710-biasca/85541174/,2026-05-17T01:47:22+00:00,13.061224489795919
85541689,"Fellenbergstrasse 21, 3052 Zollikofen - CHF 1’550",1550,3.0,66.0,3052,Zollikofen,Bern,Fellenbergstrasse 21,APARTMENT,46.99435761,7.45630456,https://flatfox.ch/de/wohnung/fellenbergstrasse-21-3052-zollikofen/85541689/,2026-05-17T01:47:22+00:00,23.484848484848484
85541690,"Industriestrasse 5, 2555 Brügg - CHF 1’290",1290,3.0,64.0,2555,Brügg,Bern,Industriestrasse 5,APARTMENT,47.12298472,7.274374700000001,https://flatfox.ch/de/wohnung/industriestrasse-5-2555-brugg/85541690/,2026-05-17T01:47:22+00:00,20.15625
85541713,"Hauptstrasse 52, 4436 Oberdorf - CHF 1’480 inkl. NK pro Monat",1480,3.0,81.0,4436,Oberdorf,Basel-Landschaft,Hauptstrasse 52,APARTMENT,47.39461976,7.749403900000002,https://flatfox.ch/de/wohnung/hauptstrasse-52-4436-oberdorf/85541713/,2026-05-17T01:47:22+00:00,18.271604938271604
85541732,"Meisenweg 14, 2503 Biel/Bienne - CHF 1’130 inkl. NK pro Monat",1130,2.0,49.0,2503,Biel/Bienne,Bern,Meisenweg 14,APARTMENT,47.13468715,7.260449799999999,https://flatfox.ch/de/wohnung/meisenweg-14-2503-bielbienne/85541732/,2026-05-17T01:47:24+00:00,23.06122448979592
85541796,"Lindenstrasse 33, 4102 Binningen - CHF 1’660 inkl. NK pro Monat",1660,3.0,73.0,4102,Binningen,Basel-Landschaft,Lindenstrasse 33,APARTMENT,47.53060782,7.56956362,https://flatfox.ch/de/wohnung/lindenstrasse-33-4102-binningen/85541796/,2026-05-17T01:47:24+00:00,22.73972602739726
85541933,"Hauptstrasse 24a, 9400 Rorschach - CHF 1’180 inkl. NK pro Monat",1180,2.0,44.0,9400,Rorschach,St. Gallen,Hauptstrasse 24a,APARTMENT,47.47811895,9.495925500000002,https://flatfox.ch/de/wohnung/hauptstrasse-24a-9400-rorschach/85541933/,2026-05-17T01:47:24+00:00,26.818181818181817
85543062,"Gliserallee 94, 3902 Glis - CHF 2’300",2300,4.5,146.0,3902,Glis,Valais,Gliserallee 94,APARTMENT,46.31337731,7.982096500000002,https://flatfox.ch/de/wohnung/gliserallee-94-3902-glis/85543062/,2026-05-17T01:47:24+00:00,15.753424657534246
85543125,"Linsebühlstrasse 32, 9000 St. Gallen - CHF 1’600",1600,3.0,81.0,9000,St. Gallen,St. Gallen,Linsebühlstrasse 32,ROOF_FLAT,47.4244343,9.3819861,https://flatfox.ch/de/wohnung/linsebuhlstrasse-32-9000-st-gallen/85543125/,2026-05-17T01:47:24+00:00,19.753086419753085
85543627,6513 Monte Carasso - CHF 1’760,1760,4.5,87.0,6513,Monte Carasso,Ticino,,APARTMENT,46.18897999496679,8.99807648170861,https://flatfox.ch/de/wohnung/6513-monte-carasso/85543627/,2026-05-17T01:47:24+00:00,20.229885057471265
85543672,"Langegasse 115, 4104 Oberwil BL - CHF 1’850 inkl. NK pro Monat",1850,3.5,71.0,4104,Oberwil BL,Basel-Landschaft,Langegasse 115,APARTMENT,47.50841238,7.561045300000002,https://flatfox.ch/de/wohnung/langegasse-115-4104-oberwil-bl/85543672/,2026-05-17T01:47:24+00:00,26.056338028169016
85543774,"Aachweg 2, 8586 Erlen - CHF 2’450 inkl. NK pro Monat",2450,4.5,116.0,8586,Erlen,Thurgau,Aachweg 2,APARTMENT,47.54843519,9.21695722,https://flatfox.ch/de/wohnung/aachweg-2-8586-erlen/85543774/,2026-05-17T01:47:24+00:00,21.120689655172413
85544089,"Ringstrasse 31, 5082 Kaisten - CHF 1’950",1950,3.5,90.0,5082,Kaisten,Aargau,Ringstrasse 31,APARTMENT,47.54532842,8.04487344,https://flatfox.ch/de/wohnung/ringstrasse-31-5082-kaisten/85544089/,2026-05-17T01:47:24+00:00,21.666666666666668
85544235,"Rue Industrielle 88, 2740 Moutier - CHF 990",990,4.5,85.0,2740,Moutier,Bern,Rue Industrielle 88,APARTMENT,47.27230117,7.36269524,https://flatfox.ch/de/wohnung/rue-industrielle-88-2740-moutier/85544235/,2026-05-17T01:47:24+00:00,11.647058823529411
85544294,"Kalchackerhof 5, 3047 Bremgarten bei Bern - CHF 3’210 inkl. NK pro Monat",3210,4.5,114.0,3047,Bremgarten bei Bern,Bern,Kalchackerhof 5,APARTMENT,46.97518059,7.43701132,https://flatfox.ch/de/wohnung/kalchackerhof-5-3047-bremgarten-bei-bern/85544294/,2026-05-17T01:47:24+00:00,28.157894736842106
85544324,"Mattenstrasse 1, 3175 Flamatt - CHF 1’630 inkl. NK pro Monat",1630,3.5,60.0,3175,Flamatt,Fribourg,Mattenstrasse 1,APARTMENT,46.8903255,7.31694447,https://flatfox.ch/de/wohnung/mattenstrasse-1-3175-flamatt/85544324/,2026-05-17T01:47:24+00:00,27.166666666666668
85544540,"Langgasse 125, 9008 St. Gallen - CHF 1’170 inkl. NK pro Monat",1170,1.5,40.0,9008,St. Gallen,St. Gallen,Langgasse 125,APARTMENT,47.44323553,9.3951647,https://flatfox.ch/de/wohnung/langgasse-125-9008-st-gallen/85544540/,2026-05-17T01:47:24+00:00,29.25
85544635,"Ettenbergstrasse 9 (D), 8907 Wettswil - CHF 3’300 inkl. NK pro Monat",3300,5.5,154.0,8907,Wettswil,Zurich,Ettenbergstrasse 9 (D),APARTMENT,47.33966417,8.472572399999999,https://flatfox.ch/de/wohnung/ettenbergstrasse-9-d-8907-wettswil/85544635/,2026-05-17T01:47:24+00:00,21.428571428571427
85544696,"Lerchenweg 43, 4123 Allschwil - CHF 1’860 inkl. NK pro Monat",1860,3.0,66.0,4123,Allschwil,Basel-Landschaft,Lerchenweg 43,APARTMENT,47.55408476,7.558720699999999,https://flatfox.ch/de/wohnung/lerchenweg-43-4123-allschwil/85544696/,2026-05-17T01:47:24+00:00,28.181818181818183
85545174,"St. Gallerstrasse 123, 8645 Rapperswil-Jona - CHF 2’579 inkl. NK pro Monat",2579,4.5,99.0,8645,Rapperswil-Jona,St. Gallen,St. Gallerstrasse 123,APARTMENT,47.2312627,8.84975899,https://flatfox.ch/de/wohnung/st-gallerstrasse-123-8645-rapperswil-jona/85545174/,2026-05-17T01:47:24+00:00,26.050505050505052
85545415,"St. Gallerstrasse 1, 9100 Herisau - CHF 990 inkl. NK pro Monat",990,2.5,47.0,9100,Herisau,Appenzell Ausserrhoden,St. Gallerstrasse 1,APARTMENT,47.39169483,9.27234385,https://flatfox.ch/de/wohnung/st-gallerstrasse-1-9100-herisau/85545415/,2026-05-17T01:47:24+00:00,21.06382978723404
85545714,"Grossmatt 5, 2544 Bettlach - CHF 1’340 inkl. NK pro Monat",1340,3.5,69.0,2544,Bettlach,Solothurn,Grossmatt 5,APARTMENT,47.1982208,7.4252961000000015,https://flatfox.ch/de/wohnung/grossmatt-5-2544-bettlach/85545714/,2026-05-17T01:47:24+00:00,19.420289855072465
85545778,"Hauptstrasse 19, 4542 Luterbach - CHF 1’880 inkl. NK pro Monat",1880,4.0,120.0,4542,Luterbach,Solothurn,Hauptstrasse 19,APARTMENT,47.21597737,7.586893099999999,https://flatfox.ch/de/wohnung/hauptstrasse-19-4542-luterbach/85545778/,2026-05-17T01:47:24+00:00,15.666666666666666
85545788,"Bahnhofstrasse 99H, 8620 Wetzikon - CHF 1’780",1780,1.5,41.0,8620,Wetzikon,Zurich,Bahnhofstrasse 99H,APARTMENT,47.323941,8.79794895,https://flatfox.ch/de/wohnung/bahnhofstrasse-99h-8620-wetzikon/85545788/,2026-05-17T01:47:26+00:00,43.41463414634146
85545810,"Laufenstrasse 5, 4246 Wahlen - CHF 1’800",1800,2.5,82.0,4246,Wahlen,Basel-Landschaft,Laufenstrasse 5,APARTMENT,47.40151396,7.51512733,https://flatfox.ch/de/wohnung/laufenstrasse-5-4246-wahlen/85545810/,2026-05-17T01:47:26+00:00,21.951219512195124
85545812,"Via Praccio 5, 6900 Massagno - CHF 2’750",2750,4.5,130.0,6900,Massagno,Ticino,Via Praccio 5,APARTMENT,46.01363474,8.944280899999999,https://flatfox.ch/de/wohnung/via-praccio-5-6900-massagno/85545812/,2026-05-17T01:47:26+00:00,21.153846153846153
85545991,"Weltpoststrasse 1, 3015 Bern - CHF 2’420 inkl. NK pro Monat",2420,3.5,89.0,3015,Bern,Bern,Weltpoststrasse 1,APARTMENT,46.93935741,7.47344191,https://flatfox.ch/de/wohnung/weltpoststrasse-1-3015-bern/85545991/,2026-05-17T01:47:26+00:00,27.191011235955056
85546005,"Chemin de Bonlieu 12b, 1700 Fribourg - CHF 1’945 inkl. NK pro Monat",1945,3.5,90.0,1700,Fribourg,Fribourg,Chemin de Bonlieu 12b,APARTMENT,46.81169182,7.14197335,https://flatfox.ch/de/wohnung/chemin-de-bonlieu-12b-1700-fribourg/85546005/,2026-05-17T01:47:26+00:00,21.61111111111111
85546036,"Im Baumgarten 16, 3066 Stettlen - CHF 1’980 inkl. NK pro Monat",1980,3.5,75.0,3066,Stettlen,Bern,Im Baumgarten 16,APARTMENT,46.95701882,7.52562669,https://flatfox.ch/de/wohnung/im-baumgarten-16-3066-stettlen/85546036/,2026-05-17T01:47:26+00:00,26.4
85546192,"Weltpoststrasse 1, 3015 Bern - CHF 2’420 inkl. NK pro Monat",2420,3.5,90.0,3015,Bern,Bern,Weltpoststrasse 1,APARTMENT,46.93935741,7.47344191,https://flatfox.ch/de/wohnung/weltpoststrasse-1-3015-bern/85546192/,2026-05-17T01:47:26+00:00,26.88888888888889
85546213,"Rue des Frères-Lumière 6, 1723 Marly - CHF 3’190 inkl. NK pro Monat",3190,5.5,132.0,1723,Marly,Fribourg,Rue des Frères-Lumière 6,APARTMENT,46.7750429,7.15222914,https://flatfox.ch/de/wohnung/rue-des-freres-lumiere-6-1723-marly/85546213/,2026-05-17T01:47:26+00:00,24.166666666666668
85546223,"Rue des Frères-Lumière 22, 1723 Marly - CHF 3’130 inkl. NK pro Monat",3130,5.5,115.0,1723,Marly,Fribourg,Rue des Frères-Lumière 22,APARTMENT,46.77436100000001,7.156283,https://flatfox.ch/de/wohnung/rue-des-freres-lumiere-22-1723-marly/85546223/,2026-05-17T01:47:26+00:00,27.217391304347824
85546228,"Rue des Frères-Lumière 16, 1723 Marly - CHF 3’160 inkl. NK pro Monat",3160,5.5,115.0,1723,Marly,Fribourg,Rue des Frères-Lumière 16,APARTMENT,46.77472595,7.15470995,https://flatfox.ch/de/wohnung/rue-des-freres-lumiere-16-1723-marly/85546228/,2026-05-17T01:47:26+00:00,27.47826086956522
85546235,"Rue des Frères-Lumière 20, 1723 Marly - CHF 3’210 inkl. NK pro Monat",3210,5.5,129.0,1723,Marly,Fribourg,Rue des Frères-Lumière 20,APARTMENT,46.774453,7.1558767,https://flatfox.ch/de/wohnung/rue-des-freres-lumiere-20-1723-marly/85546235/,2026-05-17T01:47:26+00:00,24.88372093023256
85546278,"Husmatt 3, 5405 Dättwil AG - CHF 1’911 inkl. NK pro Monat",1911,3.5,99.0,5405,Dättwil AG,Aargau,Husmatt 3,DUPLEX,47.45492522,8.28197231,https://flatfox.ch/de/wohnung/husmatt-3-5405-dattwil-ag/85546278/,2026-05-17T01:47:26+00:00,19.303030303030305
85546532,"Badhausstrasse 9, 2503 Biel/Bienne - CHF 1’795 inkl. NK pro Monat",1795,4.0,79.0,2503,Biel/Bienne,Bern,Badhausstrasse 9,APARTMENT,47.1321268,7.236610399999999,https://flatfox.ch/de/wohnung/badhausstrasse-9-2503-bielbienne/85546532/,2026-05-17T01:47:26+00:00,22.72151898734177
85546926,"Golino 13, 6600 Locarno - CHF 750",750,1.5,25.0,6600,Locarno,Ticino,Golino 13,FURNISHED_FLAT,46.16632129,8.787654999999999,https://flatfox.ch/de/wohnung/golino-13-6600-locarno/85546926/,2026-05-17T01:47:26+00:00,30.0
85546981,"Grand-Rue 35, 1350 Orbe - CHF 2’245",2245,4.5,135.0,1350,Orbe,Vaud,Grand-Rue 35,APARTMENT,46.72548178,6.53179052,https://flatfox.ch/de/wohnung/grand-rue-35-1350-orbe/85546981/,2026-05-17T01:47:26+00:00,16.62962962962963
85548012,"Route de Montblesson 18, 1066 Epalinges - CHF 3’350 inkl. NK pro Monat",3350,3.5,105.0,1066,Epalinges,Vaud,Route de Montblesson 18,APARTMENT,46.54437126,6.67002911,https://flatfox.ch/de/wohnung/route-de-montblesson-18-1066-epalinges/85548012/,2026-05-17T01:47:26+00:00,31.904761904761905
85548101,"Unterdorfstr. 45, 3072 Ostermundigen - CHF 1’460 inkl. NK pro Monat",1460,2.5,63.0,3072,Ostermundigen,Bern,Unterdorfstr. 45,APARTMENT,46.96090158,7.489285499999999,https://flatfox.ch/de/wohnung/unterdorfstr-45-3072-ostermundigen/85548101/,2026-05-17T01:47:26+00:00,23.174603174603174
85548193,"Via Nogo 25, 6946 Ponte Capriasca - CHF 2’600",2600,3.5,112.0,6946,Ponte Capriasca,Ticino,Via Nogo 25,APARTMENT,46.05898998,8.94553996,https://flatfox.ch/de/wohnung/via-nogo-25-6946-ponte-capriasca/85548193/,2026-05-17T01:47:28+00:00,23.214285714285715
85548209,"Emmitweg 3, 3656 Aeschlen ob Gunten - CHF 1’750 inkl. NK pro Monat",1750,3.5,104.0,3656,Aeschlen ob Gunten,Bern,Emmitweg 3,APARTMENT,46.72007574,7.69923593,https://flatfox.ch/de/wohnung/emmitweg-3-3656-aeschlen-ob-gunten/85548209/,2026-05-17T01:47:28+00:00,16.826923076923077
85548214,"Via Campagna Adorna 17, 6850 Mendrisio - CHF 780 inkl. NK pro Monat",780,1.0,32.0,6850,Mendrisio,Ticino,Via Campagna Adorna 17,APARTMENT,45.86270681,8.97344896,https://flatfox.ch/de/wohnung/via-campagna-adorna-17-6850-mendrisio/85548214/,2026-05-17T01:47:28+00:00,24.375
85550021,"Via Baldassare Longhena, 6900 Lugano - CHF 15’000",15000,9.0,400.0,6900,Lugano,Ticino,Via Baldassare Longhena,APARTMENT,46.01655544,8.95388292,https://flatfox.ch/de/wohnung/via-baldassare-longhena-6900-lugano/85550021/,2026-05-17T01:47:28+00:00,37.5
85550406,"Kreuzstr. 26, 9032 Engelburg - CHF 1’690 inkl. NK pro Monat",1690,4.5,81.0,9032,Engelburg,St. Gallen,Kreuzstr. 26,APARTMENT,47.43595658,9.34867383,https://flatfox.ch/de/wohnung/kreuzstr-26-9032-engelburg/85550406/,2026-05-17T01:47:28+00:00,20.864197530864196
85550860,"Mühlegasse 11, 4410 Liestal - CHF 1’990",1990,4.5,105.0,4410,Liestal,Basel-Landschaft,Mühlegasse 11,ROOF_FLAT,47.48433344,7.734206800000001,https://flatfox.ch/de/wohnung/muhlegasse-11-4410-liestal/85550860/,2026-05-17T01:47:28+00:00,18.952380952380953
85551833,"Wässermattweg 14, 5036 Oberentfelden - CHF 1’620 inkl. NK pro Monat",1620,2.5,77.0,5036,Oberentfelden,Aargau,Wässermattweg 14,APARTMENT,47.36164467,8.04142034,https://flatfox.ch/de/wohnung/wassermattweg-14-5036-oberentfelden/85551833/,2026-05-17T01:47:28+00:00,21.038961038961038
85551834,"Wässermattweg 14, 5036 Oberentfelden - CHF 2’220 inkl. NK pro Monat",2220,4.5,107.0,5036,Oberentfelden,Aargau,Wässermattweg 14,APARTMENT,47.36164467,8.04142034,https://flatfox.ch/de/wohnung/wassermattweg-14-5036-oberentfelden/85551834/,2026-05-17T01:47:28+00:00,20.747663551401867
85552030,"Rue du Closel 14, 2074 Marin - CHF 1’630 inkl. NK pro Monat",1630,3.5,78.0,2074,Marin,Neuchâtel,Rue du Closel 14,APARTMENT,47.007778,7.00818116,https://flatfox.ch/de/wohnung/rue-du-closel-14-2074-marin/85552030/,2026-05-17T01:47:28+00:00,20.897435897435898
85552199,"Im Park 7, 3052 Zollikofen - CHF 2’180 inkl. NK pro Monat",2180,4.5,105.0,3052,Zollikofen,Bern,Im Park 7,APARTMENT,47.0026876,7.446283999999999,https://flatfox.ch/de/wohnung/im-park-7-3052-zollikofen/85552199/,2026-05-17T01:47:28+00:00,20.761904761904763
85552217,"Via Case Tinetti 8, 6710 Biasca - CHF 880",880,2.5,48.0,6710,Biasca,Ticino,Via Case Tinetti 8,APARTMENT,46.3628865,8.96639216,https://flatfox.ch/de/wohnung/via-case-tinetti-8-6710-biasca/85552217/,2026-05-17T01:47:29+00:00,18.333333333333332
85552435,"Chemin de Bérée 12 C, 1010 Lausanne - CHF 2’875 inkl. NK pro Monat",2875,4.5,97.0,1010,Lausanne,Vaud,Chemin de Bérée 12 C,APARTMENT,46.53836384,6.65281617,https://flatfox.ch/de/wohnung/chemin-de-beree-12-c-1010-lausanne/85552435/,2026-05-17T01:47:29+00:00,29.63917525773196
85552460,"Avenue de Corsier 3, 1800 Vevey - CHF 1’920 inkl. NK pro Monat",1920,3.5,59.0,1800,Vevey,Vaud,Avenue de Corsier 3,APARTMENT,46.46662021,6.84457051,https://flatfox.ch/de/wohnung/avenue-de-corsier-3-1800-vevey/85552460/,2026-05-17T01:47:29+00:00,32.54237288135593
85552539,"Via Franco Zorzi 25, 6500 Bellinzona - CHF 1’340 inkl. NK pro Monat",1340,3.5,72.0,6500,Bellinzona,Ticino,Via Franco Zorzi 25,APARTMENT,46.18625754,9.0142482,https://flatfox.ch/de/wohnung/via-franco-zorzi-25-6500-bellinzona/85552539/,2026-05-17T01:47:29+00:00,18.61111111111111
85552739,"Rue des Érables 10, 2800 Delemont - CHF 1’080 inkl. NK pro Monat",1080,4.0,70.0,2800,Delemont,Jura,Rue des Érables 10,APARTMENT,47.36073426,7.364444199999999,https://flatfox.ch/de/wohnung/rue-des-erables-10-2800-delemont/85552739/,2026-05-17T01:47:29+00:00,15.428571428571429
85552751,"Rue des Érables 10, 2800 Delemont - CHF 950 inkl. NK pro Monat",950,3.0,62.0,2800,Delemont,Jura,Rue des Érables 10,APARTMENT,47.36073426,7.364444199999999,https://flatfox.ch/de/wohnung/rue-des-erables-10-2800-delemont/85552751/,2026-05-17T01:47:29+00:00,15.32258064516129
85553075,6596 Gordola - CHF 2’450,2450,4.5,120.0,6596,Gordola,Ticino,,APARTMENT,46.18090197179943,8.860798166487676,https://flatfox.ch/de/wohnung/6596-gordola/85553075/,2026-05-17T01:47:29+00:00,20.416666666666668
85553636,"Lorzenparkstrasse 5, 6330 Cham - CHF 3’730",3730,3.5,86.0,6330,Cham,Zug,Lorzenparkstrasse 5,APARTMENT,47.19084549999999,8.456167299999999,https://flatfox.ch/de/wohnung/lorzenparkstrasse-5-6330-cham/85553636/,2026-05-17T01:47:29+00:00,43.372093023255815
85553637,"Lorzenparkstrasse 1, 6330 Cham - CHF 4’630",4630,4.5,109.0,6330,Cham,Zug,Lorzenparkstrasse 1,APARTMENT,47.19084036,8.45698496,https://flatfox.ch/de/wohnung/lorzenparkstrasse-1-6330-cham/85553637/,2026-05-17T01:47:29+00:00,42.477064220183486
85553664,"Birmensdorferstrasse 598, 8055 Zürich - CHF 2’840 inkl. NK pro Monat",2840,2.5,72.0,8055,Zürich,Zurich,Birmensdorferstrasse 598,APARTMENT,47.36793591,8.488541999999999,https://flatfox.ch/de/wohnung/birmensdorferstrasse-598-8055-zurich/85553664/,2026-05-17T01:47:29+00:00,39.44444444444444
85553699,"Via F. Zorzi 2, 6512 Giubiasco - CHF 1’680",1680,4.5,100.0,6512,Giubiasco,Ticino,Via F. Zorzi 2,APARTMENT,46.17737713,9.0155362,https://flatfox.ch/de/wohnung/via-f-zorzi-2-6512-giubiasco/85553699/,2026-05-17T01:47:29+00:00,16.8
85553723,"Chemin Champs de la Croix 5, 1337 Vallorbe - CHF 1’650",1650,3.5,75.0,1337,Vallorbe,Vaud,Chemin Champs de la Croix 5,ROOF_FLAT,46.71113317,6.3704219,https://flatfox.ch/de/wohnung/chemin-champs-de-la-croix-5-1337-vallorbe/85553723/,2026-05-17T01:47:29+00:00,22.0
85554446,"St. Gallerstr. 56, 9403 Goldach - CHF 1’190",1190,3.0,70.0,9403,Goldach,St. Gallen,St. Gallerstr. 56,APARTMENT,47.47878469,9.4718972,https://flatfox.ch/de/wohnung/st-gallerstr-56-9403-goldach/85554446/,2026-05-17T01:47:29+00:00,17.0
85554525,"Charles-Naine 3, 2300 La Chaux-de-Fonds - CHF 1’070",1070,4.0,85.0,2300,La Chaux-de-Fonds,Neuchâtel,Charles-Naine 3,APARTMENT,47.09438461,6.81105354,https://flatfox.ch/de/wohnung/charles-naine-3-2300-la-chaux-de-fonds/85554525/,2026-05-17T01:47:29+00:00,12.588235294117647
85555111,"Steinhügelstr. 30, 8965 Berikon - CHF 1’935 inkl. NK pro Monat",1935,3.5,89.0,8965,Berikon,Aargau,Steinhügelstr. 30,DUPLEX,47.36272997,8.364791499999999,https://flatfox.ch/de/wohnung/steinhugelstr-30-8965-berikon/85555111/,2026-05-17T01:47:29+00:00,21.741573033707866
85555139,"Forchstrasse 157, 8132 Egg b. Zürich - CHF 2’950 inkl. NK pro Monat",2950,3.5,93.0,8132,Egg b. Zürich,Zurich,Forchstrasse 157,APARTMENT,47.30295246,8.687853400000003,https://flatfox.ch/de/wohnung/forchstrasse-157-8132-egg-b-zurich/85555139/,2026-05-17T01:47:29+00:00,31.72043010752688
85555442,"Römerstrasse 1, 4702 Oensingen - CHF 2’240 inkl. NK pro Monat",2240,3.5,107.0,4702,Oensingen,Solothurn,Römerstrasse 1,DUPLEX,47.29170028,7.7277216000000015,https://flatfox.ch/de/wohnung/romerstrasse-1-4702-oensingen/85555442/,2026-05-17T01:47:29+00:00,20.934579439252335
85556471,"Bachstrasse 531, 5075 Böztal - CHF 2’490",2490,5.5,175.0,5075,Böztal,Aargau,Bachstrasse 531,APARTMENT,47.50172019,8.06126361,https://flatfox.ch/de/wohnung/bachstrasse-531-5075-boztal/85556471/,2026-05-17T01:47:29+00:00,14.228571428571428
85557146,"via Vela, 6834 Morbio Inferiore - CHF 1’100",1100,2.5,50.0,6834,Morbio Inferiore,Ticino,via Vela,APARTMENT,45.84443042,9.02075057,https://flatfox.ch/de/wohnung/via-vela-6834-morbio-inferiore/85557146/,2026-05-17T01:47:29+00:00,22.0
85557440,"Thiersteinerstrasse 4, 4153 Reinach BL - CHF 2’150 inkl. NK pro Monat",2150,4.0,103.0,4153,Reinach BL,Basel-Landschaft,Thiersteinerstrasse 4,APARTMENT,47.50269425,7.5978926000000016,https://flatfox.ch/de/wohnung/thiersteinerstrasse-4-4153-reinach-bl/85557440/,2026-05-17T01:47:31+00:00,20.87378640776699
85558599,"Via alla Bozzoreda 26, 6963 Pregassona - CHF 1’450",1450,4.5,101.0,6963,Pregassona,Ticino,Via alla Bozzoreda 26,APARTMENT,46.02157197,8.97146787,https://flatfox.ch/de/wohnung/via-alla-bozzoreda-26-6963-pregassona/85558599/,2026-05-17T01:47:31+00:00,14.356435643564357
85559455,"Lagerweg 2, 3013 Bern - CHF 1’595 inkl. NK pro Monat",1595,2.5,52.0,3013,Bern,Bern,Lagerweg 2,ROOF_FLAT,46.95678541,7.44677751,https://flatfox.ch/de/wohnung/lagerweg-2-3013-bern/85559455/,2026-05-17T01:47:31+00:00,30.673076923076923
85559843,"Stockbergstrasse 4, 9014 St. Gallen - CHF 1’570 inkl. NK pro Monat",1570,2.5,54.0,9014,St. Gallen,St. Gallen,Stockbergstrasse 4,APARTMENT,47.40734111,9.33411117,https://flatfox.ch/de/wohnung/stockbergstrasse-4-9014-st-gallen/85559843/,2026-05-17T01:47:31+00:00,29.074074074074073
85560126,"Avenue de Sévelin 13 C, 1004 Lausanne - CHF 2’858 inkl. NK pro Monat",2858,4.5,92.0,1004,Lausanne,Vaud,Avenue de Sévelin 13 C,APARTMENT,46.52415492,6.613120599999999,https://flatfox.ch/de/wohnung/avenue-de-sevelin-13-c-1004-lausanne/85560126/,2026-05-17T01:47:31+00:00,31.065217391304348
85560142,"Bahnhofstrasse 23, 4125 Riehen - CHF 1’629 inkl. NK pro Monat",1629,2.5,54.0,4125,Riehen,Basel-Stadt,Bahnhofstrasse 23,APARTMENT,47.58381918,7.652146300000001,https://flatfox.ch/de/wohnung/bahnhofstrasse-23-4125-riehen/85560142/,2026-05-17T01:47:31+00:00,30.166666666666668
85560159,"Bahnhofstrasse 23, 4125 Riehen - CHF 1’969 inkl. NK pro Monat",1969,2.5,54.0,4125,Riehen,Basel-Stadt,Bahnhofstrasse 23,ROOF_FLAT,47.58381918,7.652146300000001,https://flatfox.ch/de/wohnung/bahnhofstrasse-23-4125-riehen/85560159/,2026-05-17T01:47:31+00:00,36.46296296296296
85560486,"Hasenlehnmattestrasse 9, 3555 Trubschachen - CHF 1’435 inkl. NK pro Monat",1435,4.5,88.0,3555,Trubschachen,Bern,Hasenlehnmattestrasse 9,APARTMENT,46.92133985,7.84238292,https://flatfox.ch/de/wohnung/hasenlehnmattestrasse-9-3555-trubschachen/85560486/,2026-05-17T01:47:31+00:00,16.306818181818183
85561291,"Hebelstrasse 65, 4056 Basel - CHF 1’210 inkl. NK pro Monat",1210,1.5,41.0,4056,Basel,Basel-Stadt,Hebelstrasse 65,APARTMENT,47.56175193,7.57909752,https://flatfox.ch/de/wohnung/hebelstrasse-65-4056-basel/85561291/,2026-05-17T01:47:31+00:00,29.51219512195122
85561466,"Gräffetstrasse 44, 1735 Giffers - CHF 1’570 inkl. NK pro Monat",1570,3.5,70.0,1735,Giffers,Fribourg,Gräffetstrasse 44,APARTMENT,46.76040625,7.214641500000002,https://flatfox.ch/de/wohnung/graffetstrasse-44-1735-giffers/85561466/,2026-05-17T01:47:31+00:00,22.428571428571427
85561558,"Altwiesenstrasse 141, 8051 Zürich - CHF 1’530 inkl. NK pro Monat",1530,1.0,34.0,8051,Zürich,Zurich,Altwiesenstrasse 141,APARTMENT,47.40247661,8.58355714,https://flatfox.ch/de/wohnung/altwiesenstrasse-141-8051-zurich/85561558/,2026-05-17T01:47:31+00:00,45.0
85561680,"Weidgasse 10, 3018 Bern - CHF 2’100 inkl. NK pro Monat",2100,2.5,67.0,3018,Bern,Bern,Weidgasse 10,ATTIC_FLAT,46.93537786,7.38973858,https://flatfox.ch/de/wohnung/weidgasse-10-3018-bern/85561680/,2026-05-17T01:47:31+00:00,31.34328358208955
85561923,"Kesselweg 17, 4410 Liestal - CHF 1’995 inkl. NK pro Monat",1995,4.5,93.0,4410,Liestal,Basel-Landschaft,Kesselweg 17,APARTMENT,47.49396453,7.7264911,https://flatfox.ch/de/wohnung/kesselweg-17-4410-liestal/85561923/,2026-05-17T01:47:31+00:00,21.451612903225808
85561939,"Bd. Pérolles 3, 1700 Fribourg - CHF 2’390 inkl. NK pro Monat",2390,4.5,116.0,1700,Fribourg,Fribourg,Bd. Pérolles 3,APARTMENT,46.80156868,7.151547000000001,https://flatfox.ch/de/wohnung/bd-perolles-3-1700-fribourg/85561939/,2026-05-17T01:47:31+00:00,20.603448275862068
85562338,"Lärchenstrasse 3, 9630 Wattwil - CHF 1’760 inkl. NK pro Monat",1760,4.5,76.0,9630,Wattwil,St. Gallen,Lärchenstrasse 3,APARTMENT,47.2921261,9.09792689,https://flatfox.ch/de/wohnung/larchenstrasse-3-9630-wattwil/85562338/,2026-05-17T01:47:31+00:00,23.157894736842106
85562428,"Seestrasse 38 A + B, 8806 Bäch SZ - CHF 3’525 inkl. NK pro Monat",3525,3.5,77.0,8806,Bäch SZ,Schwyz,Seestrasse 38 A + B,APARTMENT,47.20060265,8.7238673,https://flatfox.ch/de/wohnung/seestrasse-38-a-b-8806-bach-sz/85562428/,2026-05-17T01:47:31+00:00,45.77922077922078
85562489,"Amselweg 50, 4528 Zuchwil - CHF 1’500 inkl. NK pro Monat",1500,3.0,73.0,4528,Zuchwil,Solothurn,Amselweg 50,APARTMENT,47.21390231,7.56317681,https://flatfox.ch/de/wohnung/amselweg-50-4528-zuchwil/85562489/,2026-05-17T01:47:31+00:00,20.54794520547945
85562876,"Rue des Evaux 5, 1213 Onex - CHF 2’490 inkl. NK pro Monat",2490,4.0,83.0,1213,Onex,Geneva,Rue des Evaux 5,APARTMENT,46.18976984,6.10074721,https://flatfox.ch/de/wohnung/rue-des-evaux-5-1213-onex/85562876/,2026-05-17T01:47:31+00:00,30.0
85562880,"Baselstrasse 93, 4144 Arlesheim - CHF 1’990",1990,3.5,90.0,4144,Arlesheim,Basel-Landschaft,Baselstrasse 93,ROOF_FLAT,47.5057119,7.61925831,https://flatfox.ch/de/wohnung/baselstrasse-93-4144-arlesheim/85562880/,2026-05-17T01:47:31+00:00,22.11111111111111
85563000,"Zihlmatte 4, 3127 Mühlethurnen - CHF 1’940 inkl. NK pro Monat",1940,4.5,91.0,3127,Mühlethurnen,Bern,Zihlmatte 4,APARTMENT,46.8183488,7.50557117,https://flatfox.ch/de/wohnung/zihlmatte-4-3127-muhlethurnen/85563000/,2026-05-17T01:47:31+00:00,21.318681318681318
85563804,"Kirchbergstrasse 90, 3400 Burgdorf - CHF 1’460 inkl. NK pro Monat",1460,3.0,68.0,3400,Burgdorf,Bern,Kirchbergstrasse 90,APARTMENT,47.0625435,7.617603399999999,https://flatfox.ch/de/wohnung/kirchbergstrasse-90-3400-burgdorf/85563804/,2026-05-17T01:47:33+00:00,21.470588235294116
85563814,"Rankmattstrasse 1, 4441 Thürnen - CHF 1’390 inkl. NK pro Monat",1390,2.5,61.0,4441,Thürnen,Basel-Landschaft,Rankmattstrasse 1,APARTMENT,47.45268659,7.8315692000000015,https://flatfox.ch/de/wohnung/rankmattstrasse-1-4441-thurnen/85563814/,2026-05-17T01:47:33+00:00,22.78688524590164
85563887,"Bergstrasse 137, 8707 Uetikon am See - CHF 2’700 inkl. NK pro Monat",2700,3.5,79.0,8707,Uetikon am See,Zurich,Bergstrasse 137,APARTMENT,47.26464741,8.67751474,https://flatfox.ch/de/wohnung/bergstrasse-137-8707-uetikon-am-see/85563887/,2026-05-17T01:47:33+00:00,34.177215189873415
85564346,"Loch 1305, 9428 Walzenhausen - CHF 1’670 inkl. NK pro Monat",1670,4.5,96.0,9428,Walzenhausen,Appenzell Ausserrhoden,Loch 1305,APARTMENT,47.45146335,9.59979046,https://flatfox.ch/de/wohnung/loch-1305-9428-walzenhausen/85564346/,2026-05-17T01:47:33+00:00,17.395833333333332
85564814,"Im Wiesli 4, 8708 Männedorf - CHF 1’834 inkl. NK pro Monat",1834,2.5,39.0,8708,Männedorf,Zurich,Im Wiesli 4,APARTMENT,47.25156923,8.69979268,https://flatfox.ch/de/wohnung/im-wiesli-4-8708-mannedorf/85564814/,2026-05-17T01:47:33+00:00,47.02564102564103
85565433,"Croix Fédérale 44, 2300 La Chaux-de-Fonds - CHF 990 inkl. NK pro Monat",990,2.5,51.0,2300,La Chaux-de-Fonds,Neuchâtel,Croix Fédérale 44,APARTMENT,47.10559456,6.84285835,https://flatfox.ch/de/wohnung/croix-federale-44-2300-la-chaux-de-fonds/85565433/,2026-05-17T01:47:33+00:00,19.41176470588235
85565440,"Freiestrasse 23, 4632 Trimbach - CHF 1’080",1080,4.0,70.0,4632,Trimbach,Solothurn,Freiestrasse 23,APARTMENT,47.35808414,7.90309089,https://flatfox.ch/de/wohnung/freiestrasse-23-4632-trimbach/85565440/,2026-05-17T01:47:33+00:00,15.428571428571429
85565522,"Mattenweg 2, 4133 Pratteln - CHF 1’367 inkl. NK pro Monat",1367,3.0,60.0,4133,Pratteln,Basel-Landschaft,Mattenweg 2,APARTMENT,47.52246967,7.7075924,https://flatfox.ch/de/wohnung/mattenweg-2-4133-pratteln/85565522/,2026-05-17T01:47:33+00:00,22.783333333333335
85565537,"Avenue de Savoie 2, 1800 Vevey - CHF 4’850",4850,4.5,140.0,1800,Vevey,Vaud,Avenue de Savoie 2,APARTMENT,46.46505147,6.83488915,https://flatfox.ch/de/wohnung/avenue-de-savoie-2-1800-vevey/85565537/,2026-05-17T01:47:33+00:00,34.642857142857146
85565703,"Friedhofstrasse 2c, 5610 Wohlen - CHF 1’659 inkl. NK pro Monat",1659,3.5,89.0,5610,Wohlen,Aargau,Friedhofstrasse 2c,APARTMENT,47.34824617,8.27605065,https://flatfox.ch/de/wohnung/friedhofstrasse-2c-5610-wohlen/85565703/,2026-05-17T01:47:33+00:00,18.640449438202246
85566330,"Singenbergstrasse 12, 9000 St. Gallen - CHF 1’410 inkl. NK pro Monat",1410,3.0,69.0,9000,St. Gallen,St. Gallen,Singenbergstrasse 12,APARTMENT,47.42726571,9.38478065,https://flatfox.ch/de/wohnung/singenbergstrasse-12-9000-st-gallen/85566330/,2026-05-17T01:47:33+00:00,20.434782608695652
85566361,"Unterm Stallen 13, 4104 Oberwil BL - CHF 2’260 inkl. NK pro Monat",2260,3.5,92.0,4104,Oberwil BL,Basel-Landschaft,Unterm Stallen 13,APARTMENT,47.51845120000001,7.56085842,https://flatfox.ch/de/wohnung/unterm-stallen-13-4104-oberwil-bl/85566361/,2026-05-17T01:47:33+00:00,24.565217391304348
85566609,"Dorfstrasse 66a, 8630 Rüti ZH - CHF 2’380 inkl. NK pro Monat",2380,3.0,97.0,8630,Rüti ZH,Zurich,Dorfstrasse 66a,DUPLEX,47.25909659,8.8555252,https://flatfox.ch/de/wohnung/dorfstrasse-66a-8630-ruti-zh/85566609/,2026-05-17T01:47:33+00:00,24.536082474226806
85566623,"Apfelseestr. 9, 4143 Dornach - CHF 1’735 inkl. NK pro Monat",1735,3.5,74.0,4143,Dornach,Solothurn,Apfelseestr. 9,APARTMENT,47.47566691,7.60905837,https://flatfox.ch/de/wohnung/apfelseestr-9-4143-dornach/85566623/,2026-05-17T01:47:33+00:00,23.445945945945947
85566642,"Steimet 570, 5063 Wölflinswil - CHF 1’670 inkl. NK pro Monat",1670,2.5,69.0,5063,Wölflinswil,Aargau,Steimet 570,APARTMENT,47.46562897,7.994806499999998,https://flatfox.ch/de/wohnung/steimet-570-5063-wolflinswil/85566642/,2026-05-17T01:47:33+00:00,24.202898550724637
85566889,6900 Lugano - CHF 3’750,3750,4.5,110.0,6900,Lugano,Ticino,,DUPLEX,46.00935845528316,8.950725435952743,https://flatfox.ch/de/wohnung/6900-lugano/85566889/,2026-05-17T01:47:33+00:00,34.09090909090909
85567061,"Jurastr. 17, 4900 Langenthal - CHF 2’280 inkl. NK pro Monat",2280,3.5,137.0,4900,Langenthal,Bern,Jurastr. 17,APARTMENT,47.21358983,7.789226299999999,https://flatfox.ch/de/wohnung/jurastr-17-4900-langenthal/85567061/,2026-05-17T01:47:33+00:00,16.642335766423358
85567340,"Rue du Borgeaud 6B, 1196 Gland - CHF 2’690 inkl. NK pro Monat",2690,3.0,102.0,1196,Gland,Vaud,Rue du Borgeaud 6B,APARTMENT,46.42351177,6.2622056,https://flatfox.ch/de/wohnung/rue-du-borgeaud-6b-1196-gland/85567340/,2026-05-17T01:47:33+00:00,26.372549019607842
85567426,"Hauptstrasse 50, 9475 Sevelen - CHF 2’380",2380,2.0,120.0,9475,Sevelen,St. Gallen,Hauptstrasse 50,LOFT,47.11992023,9.4855139,https://flatfox.ch/de/wohnung/hauptstrasse-50-9475-sevelen/85567426/,2026-05-17T01:47:33+00:00,19.833333333333332
85568110,"Teichweg 22, 4142 Münchenstein - CHF 2’895 inkl. NK pro Monat",2895,4.5,114.0,4142,Münchenstein,Basel-Landschaft,Teichweg 22,APARTMENT,47.5291729,7.61882517,https://flatfox.ch/de/wohnung/teichweg-22-4142-munchenstein/85568110/,2026-05-17T01:47:35+00:00,25.394736842105264
85568186,"Schwellbrunnerstrasse 47, 9100 Herisau - CHF 1’760 inkl. NK pro Monat",1760,4.5,103.0,9100,Herisau,Appenzell Ausserrhoden,Schwellbrunnerstrasse 47,APARTMENT,47.38064723,9.26759278,https://flatfox.ch/de/wohnung/schwellbrunnerstrasse-47-9100-herisau/85568186/,2026-05-17T01:47:35+00:00,17.0873786407767
85568284,"Chemin des Champs-Meunier 7, 1052 Le Mont-sur-Lausanne - CHF 2’840 inkl. NK pro Monat",2840,4.5,118.0,1052,Le Mont-sur-Lausanne,Vaud,Chemin des Champs-Meunier 7,DUPLEX,46.55051813,6.62959538,https://flatfox.ch/de/wohnung/chemin-des-champs-meunier-7-1052-le-mont-sur-lausa/85568284/,2026-05-17T01:47:35+00:00,24.06779661016949
85568623,"Kanalstrasse 6, 5734 Reinach AG - CHF 2’010",2010,3.5,90.0,5734,Reinach AG,Aargau,Kanalstrasse 6,APARTMENT,47.26015942,8.181400499999999,https://flatfox.ch/de/wohnung/kanalstrasse-6-5734-reinach-ag/85568623/,2026-05-17T01:47:35+00:00,22.333333333333332
85568637,"Badenerstrasse 288, 8004 Zürich - CHF 1’217 inkl. NK pro Monat",1217,1.0,33.0,8004,Zürich,Zurich,Badenerstrasse 288,APARTMENT,47.37703742,8.51368295,https://flatfox.ch/de/wohnung/badenerstrasse-288-8004-zurich/85568637/,2026-05-17T01:47:35+00:00,36.878787878787875
85568895,"Wachtelweg 8, 4553 Subingen - CHF 1’790 inkl. NK pro Monat",1790,4.0,90.0,4553,Subingen,Solothurn,Wachtelweg 8,APARTMENT,47.19644386,7.612781699999999,https://flatfox.ch/de/wohnung/wachtelweg-8-4553-subingen/85568895/,2026-05-17T01:47:35+00:00,19.88888888888889
85568976,"Maltière 38, 2800 Delémont - CHF 1’250 inkl. NK pro Monat",1250,4.5,92.0,2800,Delémont,Jura,Maltière 38,APARTMENT,47.3632854,7.34707274,https://flatfox.ch/de/wohnung/maltiere-38-2800-delemont/85568976/,2026-05-17T01:47:35+00:00,13.58695652173913
85569133,"Route du Bugnon 44, 1752 Villars-sur-Glâne - CHF 1’730 inkl. NK pro Monat",1730,3.5,79.0,1752,Villars-sur-Glâne,Fribourg,Route du Bugnon 44,APARTMENT,46.79544669,7.114981500000002,https://flatfox.ch/de/wohnung/route-du-bugnon-44-1752-villars-sur-glane/85569133/,2026-05-17T01:47:35+00:00,21.89873417721519
85569314,"Rue du Léman 3, Clarens, 1815 Clarens - CHF 3’198",3198,4.0,108.0,1815,Clarens,Vaud,"Rue du Léman 3, Clarens",APARTMENT,46.440761,6.89338642,https://flatfox.ch/de/wohnung/rue-du-leman-3-clarens-1815-clarens/85569314/,2026-05-17T01:47:35+00:00,29.61111111111111
85569581,"Hofackerstrasse 42, 8032 Zürich - CHF 3’120 inkl. NK pro Monat",3120,3.0,78.0,8032,Zürich,Zurich,Hofackerstrasse 42,APARTMENT,47.36140755,8.56506949,https://flatfox.ch/de/wohnung/hofackerstrasse-42-8032-zurich/85569581/,2026-05-17T01:47:35+00:00,40.0
85569616,"Hübscherstrasse 3, 3074 Muri b. Bern - CHF 3’805 inkl. NK pro Monat",3805,5.5,130.0,3074,Muri b. Bern,Bern,Hübscherstrasse 3,APARTMENT,46.93309316,7.488328899999999,https://flatfox.ch/de/wohnung/hubscherstrasse-3-3074-muri-b-bern/85569616/,2026-05-17T01:47:35+00:00,29.26923076923077
85570151,9008 St. Gallen - CHF 1’975 inkl. NK pro Monat,1975,2.5,70.0,9008,St. Gallen,St. Gallen,,FURNISHED_FLAT,47.439290884697314,9.390647614127433,https://flatfox.ch/de/wohnung/9008-st-gallen/85570151/,2026-05-17T01:47:35+00:00,28.214285714285715
85570522,"Hauptstrasse 43, 8546 Islikon - CHF 1’930 inkl. NK pro Monat",1930,2.5,92.0,8546,Islikon,Thurgau,Hauptstrasse 43,APARTMENT,47.54654961,8.84279197,https://flatfox.ch/de/wohnung/hauptstrasse-43-8546-islikon/85570522/,2026-05-17T01:47:35+00:00,20.97826086956522
85571109,"Av. du Bouchet 8, 1209 Genève - CHF 2’890 inkl. NK pro Monat",2890,4.0,95.0,1209,Genève,Geneva,Av. du Bouchet 8,APARTMENT,46.2164557,6.1199591,https://flatfox.ch/de/wohnung/av-du-bouchet-8-1209-geneve/85571109/,2026-05-17T01:47:35+00:00,30.42105263157895
85571665,"Route des Préalpes 6 / gauche, 1723 Marly - CHF 1’500 inkl. NK pro Monat",1500,3.5,78.0,1723,Marly,Fribourg,Route des Préalpes 6 / gauche,APARTMENT,46.77642017,7.16210249,https://flatfox.ch/de/wohnung/route-des-prealpes-6-gauche-1723-marly/85571665/,2026-05-17T01:47:37+00:00,19.23076923076923
85571689,"Allée Charles-Edouard-Guillaume 15, 1723 Marly - CHF 1’930 inkl. NK pro Monat",1930,3.5,80.0,1723,Marly,Fribourg,Allée Charles-Edouard-Guillaume 15,APARTMENT,46.77577691,7.1544049,https://flatfox.ch/de/wohnung/allee-charles-edouard-guillaume-15-1723-marly/85571689/,2026-05-17T01:47:37+00:00,24.125
85571791,"Route du Village 17, 1772 Ponthaux - CHF 1’975 inkl. NK pro Monat",1975,3.5,114.0,1772,Ponthaux,Fribourg,Route du Village 17,APARTMENT,46.81758181,7.04016187,https://flatfox.ch/de/wohnung/route-du-village-17-1772-ponthaux/85571791/,2026-05-17T01:47:37+00:00,17.32456140350877
85571805,"von-Gunten-Strasse 5, 3006 Bern - CHF 2’860 inkl. NK pro Monat",2860,2.5,80.0,3006,Bern,Bern,von-Gunten-Strasse 5,ATTIC_FLAT,46.95054263,7.469389400000002,https://flatfox.ch/de/wohnung/von-gunten-strasse-5-3006-bern/85571805/,2026-05-17T01:47:37+00:00,35.75
85571841,"Chemin de Corjon 11, 1020 Renens - CHF 1’920 inkl. NK pro Monat",1920,2.5,60.0,1020,Renens,Vaud,Chemin de Corjon 11,APARTMENT,46.54168785,6.58576144,https://flatfox.ch/de/wohnung/chemin-de-corjon-11-1020-renens/85571841/,2026-05-17T01:47:37+00:00,32.0
85571906,"Rue des Frères-Lumière 24, 1723 Marly - CHF 1’770 inkl. NK pro Monat",1770,2.5,58.0,1723,Marly,Fribourg,Rue des Frères-Lumière 24,APARTMENT,46.77426691,7.15670913,https://flatfox.ch/de/wohnung/rue-des-freres-lumiere-24-1723-marly/85571906/,2026-05-17T01:47:37+00:00,30.517241379310345
85571919,"Rötistrasse 8, 2540 Grenchen - CHF 875 inkl. NK pro Monat",875,2.0,50.0,2540,Grenchen,Solothurn,Rötistrasse 8,APARTMENT,47.19495485,7.408241299999999,https://flatfox.ch/de/wohnung/rotistrasse-8-2540-grenchen/85571919/,2026-05-17T01:47:37+00:00,17.5
85572210,"Else-Züblin-Strasse 112, 8404 Winterthur - CHF 2’760 inkl. NK pro Monat",2760,3.5,111.0,8404,Winterthur,Zurich,Else-Züblin-Strasse 112,LOFT,47.50388775,8.76379071,https://flatfox.ch/de/wohnung/else-zublin-strasse-112-8404-winterthur/85572210/,2026-05-17T01:47:37+00:00,24.864864864864863
85572448,"Chemin du Riau 4b, 1681 Billens - CHF 1’930",1930,3.5,90.0,1681,Billens,Fribourg,Chemin du Riau 4b,ROOF_FLAT,46.69082887,6.897537100000002,https://flatfox.ch/de/wohnung/chemin-du-riau-4b-1681-billens/85572448/,2026-05-17T01:47:37+00:00,21.444444444444443
85572452,"Chemin du Riau 4a, 1681 Billens - CHF 1’840",1840,2.5,73.0,1681,Billens,Fribourg,Chemin du Riau 4a,ROOF_FLAT,46.69082887,6.897537100000002,https://flatfox.ch/de/wohnung/chemin-du-riau-4a-1681-billens/85572452/,2026-05-17T01:47:37+00:00,25.205479452054796
85572454,"Chemin du Riau 4a, 1681 Billens - CHF 1’930",1930,3.5,90.0,1681,Billens,Fribourg,Chemin du Riau 4a,ROOF_FLAT,46.69082887,6.897537100000002,https://flatfox.ch/de/wohnung/chemin-du-riau-4a-1681-billens/85572454/,2026-05-17T01:47:37+00:00,21.444444444444443
85572455,"Chemin du Riau 4a, 1681 Billens - CHF 1’950",1950,3.5,87.0,1681,Billens,Fribourg,Chemin du Riau 4a,ROOF_FLAT,46.69082887,6.897537100000002,https://flatfox.ch/de/wohnung/chemin-du-riau-4a-1681-billens/85572455/,2026-05-17T01:47:37+00:00,22.413793103448278
85572562,"Ch. du Devin 57bis, 1012 Lausanne - CHF 2’065 inkl. NK pro Monat",2065,3.5,61.0,1012,Lausanne,Vaud,Ch. du Devin 57bis,APARTMENT,46.53021744,6.65325553,https://flatfox.ch/de/wohnung/ch-du-devin-57bis-1012-lausanne/85572562/,2026-05-17T01:47:37+00:00,33.85245901639344
85572585,"Forenackerstrasse 6, 8246 Langwiesen - CHF 1’840 inkl. NK pro Monat",1840,4.5,102.0,8246,Langwiesen,Zurich,Forenackerstrasse 6,APARTMENT,47.68535886,8.65441658,https://flatfox.ch/de/wohnung/forenackerstrasse-6-8246-langwiesen/85572585/,2026-05-17T01:47:37+00:00,18.03921568627451
85573539,"Sonneggstrasse 2, 4950 Huttwil - CHF 1’490 inkl. NK pro Monat",1490,3.5,72.0,4950,Huttwil,Bern,Sonneggstrasse 2,APARTMENT,47.11484234,7.84674161,https://flatfox.ch/de/wohnung/sonneggstrasse-2-4950-huttwil/85573539/,2026-05-17T01:47:37+00:00,20.694444444444443
85574007,"Hauptstrasse 24, 4457 Diegten - CHF 2’090 inkl. NK pro Monat",2090,4.5,111.0,4457,Diegten,Basel-Landschaft,Hauptstrasse 24,APARTMENT,47.4077517,7.808916000000001,https://flatfox.ch/de/wohnung/hauptstrasse-24-4457-diegten/85574007/,2026-05-17T01:47:37+00:00,18.82882882882883
85574060,"Via Ghitello 4A, 6834 Morbio Inferiore - CHF 1’020",1020,2.5,53.0,6834,Morbio Inferiore,Ticino,Via Ghitello 4A,APARTMENT,45.84806451,9.01348251,https://flatfox.ch/de/wohnung/via-ghitello-4a-6834-morbio-inferiore/85574060/,2026-05-17T01:47:37+00:00,19.245283018867923
85574366,"Hallwilerweg 14, 6003 Luzern - CHF 2’350 inkl. NK pro Monat",2350,3.0,76.0,6003,Luzern,Lucerne,Hallwilerweg 14,APARTMENT,47.04819755,8.30275787,https://flatfox.ch/de/wohnung/hallwilerweg-14-6003-luzern/85574366/,2026-05-17T01:47:37+00:00,30.92105263157895
85574770,"Via Obino, 6874 Castel San Pietro - CHF 1’690",1690,3.5,81.0,6874,Castel San Pietro,Ticino,Via Obino,APARTMENT,45.8639012,9.01327684,https://flatfox.ch/de/wohnung/via-obino-6874-castel-san-pietro/85574770/,2026-05-17T01:47:37+00:00,20.864197530864196
85574871,"Staffelstr. 5, 3303 Jegenstorf - CHF 1’145 inkl. NK pro Monat",1145,2.0,41.0,3303,Jegenstorf,Bern,Staffelstr. 5,APARTMENT,47.05303615,7.50973464,https://flatfox.ch/de/wohnung/staffelstr-5-3303-jegenstorf/85574871/,2026-05-17T01:47:37+00:00,27.926829268292682
85574884,"Käsistrasse 14, 5244 Birrhard - CHF 2’675 inkl. NK pro Monat",2675,4.5,112.0,5244,Birrhard,Aargau,Käsistrasse 14,APARTMENT,47.43612128,8.24421151,https://flatfox.ch/de/wohnung/kasistrasse-14-5244-birrhard/85574884/,2026-05-17T01:47:37+00:00,23.883928571428573
85575227,"Bernstrasse 68, 3018 Bern - CHF 1’700 inkl. NK pro Monat",1700,3.5,118.0,3018,Bern,Bern,Bernstrasse 68,APARTMENT,46.94193473,7.393986,https://flatfox.ch/de/wohnung/bernstrasse-68-3018-bern/85575227/,2026-05-17T01:47:38+00:00,14.40677966101695
85575786,"Gotthelfstr. 52, 3400 Burgdorf - CHF 1’520 inkl. NK pro Monat",1520,3.5,78.0,3400,Burgdorf,Bern,Gotthelfstr. 52,APARTMENT,47.0598979,7.6260282,https://flatfox.ch/de/wohnung/gotthelfstr-52-3400-burgdorf/85575786/,2026-05-17T01:47:38+00:00,19.487179487179485
85575890,"Dorfstrasse 35, 4514 Lommiswil - CHF 1’890",1890,3.5,100.0,4514,Lommiswil,Solothurn,Dorfstrasse 35,APARTMENT,47.22925481,7.472655499999999,https://flatfox.ch/de/wohnung/dorfstrasse-35-4514-lommiswil/85575890/,2026-05-17T01:47:38+00:00,18.9
85576403,"Böhlerstrasse 3, 5726 Unterkulm - CHF 1’450 inkl. NK pro Monat",1450,1.5,43.0,5726,Unterkulm,Aargau,Böhlerstrasse 3,LOFT,47.31012151,8.11284923,https://flatfox.ch/de/wohnung/bohlerstrasse-3-5726-unterkulm/85576403/,2026-05-17T01:47:38+00:00,33.72093023255814
85576406,"Böhlerstrasse 3, 5726 Unterkulm - CHF 1’750 inkl. NK pro Monat",1750,2.5,68.0,5726,Unterkulm,Aargau,Böhlerstrasse 3,APARTMENT,47.31012151,8.11284923,https://flatfox.ch/de/wohnung/bohlerstrasse-3-5726-unterkulm/85576406/,2026-05-17T01:47:38+00:00,25.735294117647058
85576511,"Löwenstrasse 14, 9400 Rorschach - CHF 1’550 inkl. NK pro Monat",1550,3.5,97.0,9400,Rorschach,St. Gallen,Löwenstrasse 14,APARTMENT,47.4765014,9.488706,https://flatfox.ch/de/wohnung/lowenstrasse-14-9400-rorschach/85576511/,2026-05-17T01:47:38+00:00,15.97938144329897
85576881,"Neumattstrasse 22, 4657 Dulliken - CHF 1’380",1380,4.0,85.0,4657,Dulliken,Solothurn,Neumattstrasse 22,APARTMENT,47.35341291,7.9401144,https://flatfox.ch/de/wohnung/neumattstrasse-22-4657-dulliken/85576881/,2026-05-17T01:47:38+00:00,16.235294117647058
85576923,"Egghölzliweg 6 B, 3074 Muri b. Bern - CHF 2’040 inkl. NK pro Monat",2040,3.5,89.0,3074,Muri b. Bern,Bern,Egghölzliweg 6 B,APARTMENT,46.93283232,7.48722088,https://flatfox.ch/de/wohnung/eggholzliweg-6-b-3074-muri-b-bern/85576923/,2026-05-17T01:47:38+00:00,22.921348314606742
85577123,"Zürcherstrasse 30, 4310 Rheinfelden - CHF 1’800 inkl. NK pro Monat",1800,4.5,82.0,4310,Rheinfelden,Aargau,Zürcherstrasse 30,APARTMENT,47.5513153,7.8025814,https://flatfox.ch/de/wohnung/zurcherstrasse-30-4310-rheinfelden/85577123/,2026-05-17T01:47:38+00:00,21.951219512195124
85577350,"Traugott Meyer - str. 5, 4147 Aesch BL - CHF 2’160 inkl. NK pro Monat",2160,4.5,99.0,4147,Aesch BL,Basel-Landschaft,Traugott Meyer - str. 5,APARTMENT,47.47501123,7.5908589000000015,https://flatfox.ch/de/wohnung/traugott-meyer-str-5-4147-aesch-bl/85577350/,2026-05-17T01:47:38+00:00,21.818181818181817
85577564,"Utoquai 49, 8008 Zürich - CHF 9’450 inkl. NK pro Monat",9450,5.0,195.0,8008,Zürich,Zurich,Utoquai 49,APARTMENT,47.36213725,8.54779119,https://flatfox.ch/de/wohnung/utoquai-49-8008-zurich/85577564/,2026-05-17T01:47:38+00:00,48.46153846153846
85577657,"Wydackerstrasse 19, 3052 Zollikofen - CHF 1’540 inkl. NK pro Monat",1540,3.5,68.0,3052,Zollikofen,Bern,Wydackerstrasse 19,APARTMENT,46.99940694,7.456508599999999,https://flatfox.ch/de/wohnung/wydackerstrasse-19-3052-zollikofen/85577657/,2026-05-17T01:47:38+00:00,22.647058823529413
85577663,"Hauptstrasse 6 (Haus A), 8598 Bottighofen - CHF 2’270",2270,2.5,82.0,8598,Bottighofen,Thurgau,Hauptstrasse 6 (Haus A),APARTMENT,47.63960381,9.2062655,https://flatfox.ch/de/wohnung/hauptstrasse-6-haus-a-8598-bottighofen/85577663/,2026-05-17T01:47:38+00:00,27.682926829268293
85577664,"Brunnenstrasse 8 (Haus B), 8598 Bottighofen - CHF 3’300",3300,4.5,120.0,8598,Bottighofen,Thurgau,Brunnenstrasse 8 (Haus B),APARTMENT,47.63929448,9.2064698,https://flatfox.ch/de/wohnung/brunnenstrasse-8-haus-b-8598-bottighofen/85577664/,2026-05-17T01:47:38+00:00,27.5
85577767,"Flüelastr. 15, 8048 Zürich - CHF 2’012 inkl. NK pro Monat",2012,3.5,83.0,8048,Zürich,Zurich,Flüelastr. 15,APARTMENT,47.3827151,8.4966726,https://flatfox.ch/de/wohnung/fluelastr-15-8048-zurich/85577767/,2026-05-17T01:47:38+00:00,24.240963855421686
85578041,"Fuchsiastr. 17, 8048 Zürich - CHF 1’830 inkl. NK pro Monat",1830,3.5,83.0,8048,Zürich,Zurich,Fuchsiastr. 17,APARTMENT,47.38317731,8.49700058,https://flatfox.ch/de/wohnung/fuchsiastr-17-8048-zurich/85578041/,2026-05-17T01:47:38+00:00,22.048192771084338
85578540,6997 Sessa - CHF 1’100,1100,4.5,120.0,6997,Sessa,Ticino,,APARTMENT,46.000913513047344,8.812814820099454,https://flatfox.ch/de/wohnung/6997-sessa/85578540/,2026-05-17T01:47:38+00:00,9.166666666666666
85578623,"J. J. Balmer - Str. 1a, 4053 Basel - CHF 2’250 inkl. NK pro Monat",2250,1.0,84.0,4053,Basel,Basel-Stadt,J. J. Balmer - Str. 1a,APARTMENT,47.54078685,7.595190499999999,https://flatfox.ch/de/wohnung/j-j-balmer-str-1a-4053-basel/85578623/,2026-05-17T01:47:38+00:00,26.785714285714285
85581019,"Sonnmatt 4, 5070 Frick - CHF 2’200 inkl. NK pro Monat",2200,4.5,102.0,5070,Frick,Aargau,Sonnmatt 4,APARTMENT,47.50448125,8.02851841,https://flatfox.ch/de/wohnung/sonnmatt-4-5070-frick/85581019/,2026-05-17T01:47:40+00:00,21.568627450980394
85581643,5400 Baden - CHF 3’125 inkl. NK pro Monat,3125,3.5,87.0,5400,Baden,Aargau,,FURNISHED_FLAT,47.46848325280235,8.297169686443068,https://flatfox.ch/de/wohnung/5400-baden/85581643/,2026-05-17T01:47:40+00:00,35.91954022988506
85581743,"Hauptstrasse 36, 4450 Sissach - CHF 1’985 inkl. NK pro Monat",1985,4.5,98.0,4450,Sissach,Basel-Landschaft,Hauptstrasse 36,APARTMENT,47.46289549,7.815904799999998,https://flatfox.ch/de/wohnung/hauptstrasse-36-4450-sissach/85581743/,2026-05-17T01:47:40+00:00,20.255102040816325
85582145,"Turmstrasse 9, 3613 Steffisburg - CHF 1’970 inkl. NK pro Monat",1970,4.5,90.0,3613,Steffisburg,Bern,Turmstrasse 9,APARTMENT,46.76670736,7.61966453,https://flatfox.ch/de/wohnung/turmstrasse-9-3613-steffisburg/85582145/,2026-05-17T01:47:40+00:00,21.88888888888889
85582400,"Route de l'Hôpital 1, 1180 Rolle - CHF 3’425 inkl. NK pro Monat",3425,4.5,155.0,1180,Rolle,Vaud,Route de l'Hôpital 1,APARTMENT,46.4624617,6.343070699999999,https://flatfox.ch/de/wohnung/route-de-lhopital-1-1180-rolle/85582400/,2026-05-17T01:47:40+00:00,22.096774193548388
85582459,"Rothausstrasse 9, 4132 Muttenz - CHF 1’790 inkl. NK pro Monat",1790,3.5,79.0,4132,Muttenz,Basel-Landschaft,Rothausstrasse 9,APARTMENT,47.52521097,7.65586571,https://flatfox.ch/de/wohnung/rothausstrasse-9-4132-muttenz/85582459/,2026-05-17T01:47:40+00:00,22.658227848101266
85582479,"Rue de la Gare 16/18, 2074 Marin-Epagnier - CHF 1’920 inkl. NK pro Monat",1920,3.5,87.0,2074,Marin-Epagnier,Neuchâtel,Rue de la Gare 16/18,APARTMENT,47.00884071,7.007918699999999,https://flatfox.ch/de/wohnung/rue-de-la-gare-1618-2074-marin-epagnier/85582479/,2026-05-17T01:47:40+00:00,22.06896551724138
85582516,"Langäristrasse 5, 8117 Fällanden - CHF 2’490 inkl. NK pro Monat",2490,3.0,112.0,8117,Fällanden,Zurich,Langäristrasse 5,APARTMENT,47.36923565,8.641985499999999,https://flatfox.ch/de/wohnung/langaristrasse-5-8117-fallanden/85582516/,2026-05-17T01:47:40+00:00,22.232142857142858
85582759,"Ch. des Roches 10, 1009 Pully - CHF 2’360 inkl. NK pro Monat",2360,3.5,82.0,1009,Pully,Vaud,Ch. des Roches 10,APARTMENT,46.51012267,6.666418900000002,https://flatfox.ch/de/wohnung/ch-des-roches-10-1009-pully/85582759/,2026-05-17T01:47:40+00:00,28.78048780487805
85582854,"Bodenacherstrasse 77, 8121 Benglen - CHF 2’950 inkl. NK pro Monat",2950,5.5,120.0,8121,Benglen,Zurich,Bodenacherstrasse 77,APARTMENT,47.36086381,8.63910812,https://flatfox.ch/de/wohnung/bodenacherstrasse-77-8121-benglen/85582854/,2026-05-17T01:47:40+00:00,24.583333333333332
85582865,"Schützengraben 9, 4051 Basel - CHF 3’630 inkl. NK pro Monat",3630,3.5,120.0,4051,Basel,Basel-Stadt,Schützengraben 9,APARTMENT,47.55555681,7.582787699999999,https://flatfox.ch/de/wohnung/schutzengraben-9-4051-basel/85582865/,2026-05-17T01:47:40+00:00,30.25
85583097,"Mühlemattstrasse 13, 8903 Birmensdorf - CHF 3’400 inkl. NK pro Monat",3400,3.5,100.0,8903,Birmensdorf,Zurich,Mühlemattstrasse 13,APARTMENT,47.34992571,8.441514399999999,https://flatfox.ch/de/wohnung/muhlemattstrasse-13-8903-birmensdorf/85583097/,2026-05-17T01:47:40+00:00,34.0
85583856,"Tessenbergstr. 63, 2505 Biel-Vingelz - CHF 1’790 inkl. NK pro Monat",1790,4.0,82.0,2505,Biel-Vingelz,Bern,Tessenbergstr. 63,APARTMENT,47.13176818,7.2196673,https://flatfox.ch/de/wohnung/tessenbergstr-63-2505-biel-vingelz/85583856/,2026-05-17T01:47:42+00:00,21.829268292682926
85583868,"Hofgutweg 2, 3400 Burgdorf - CHF 1’640 inkl. NK pro Monat",1640,3.5,81.0,3400,Burgdorf,Bern,Hofgutweg 2,APARTMENT,47.05113991,7.62259769,https://flatfox.ch/de/wohnung/hofgutweg-2-3400-burgdorf/85583868/,2026-05-17T01:47:42+00:00,20.246913580246915
85583900,"Flurweg 9, 3250 Lyss - CHF 1’840 inkl. NK pro Monat",1840,3.5,70.0,3250,Lyss,Bern,Flurweg 9,APARTMENT,47.0685752,7.30156727,https://flatfox.ch/de/wohnung/flurweg-9-3250-lyss/85583900/,2026-05-17T01:47:42+00:00,26.285714285714285
85584233,"Strick 4, 5304 Endingen - CHF 2’050 inkl. NK pro Monat",2050,3.5,77.0,5304,Endingen,Aargau,Strick 4,APARTMENT,47.53553352,8.28504456,https://flatfox.ch/de/wohnung/strick-4-5304-endingen/85584233/,2026-05-17T01:47:42+00:00,26.623376623376622
85584682,"Achilles Bischoff-Strasse 6, 4053 Basel - CHF 1’325 inkl. NK pro Monat",1325,2.5,45.0,4053,Basel,Basel-Stadt,Achilles Bischoff-Strasse 6,APARTMENT,47.53997842,7.594351199999999,https://flatfox.ch/de/wohnung/achilles-bischoff-strasse-6-4053-basel/85584682/,2026-05-17T01:47:42+00:00,29.444444444444443
85585154,"Harmoniewiese 22, 8587 Amriswil - CHF 1’890 inkl. NK pro Monat",1890,3.5,95.0,8587,Amriswil,Thurgau,Harmoniewiese 22,APARTMENT,47.55607237,9.2687929,https://flatfox.ch/de/wohnung/harmoniewiese-22-8587-amriswil/85585154/,2026-05-17T01:47:42+00:00,19.894736842105264
85585260,"Südstrasse 4, 2542 Pieterlen - CHF 2’395 inkl. NK pro Monat",2395,5.5,114.0,2542,Pieterlen,Bern,Südstrasse 4,APARTMENT,47.17516961,7.3426493000000015,https://flatfox.ch/de/wohnung/sudstrasse-4-2542-pieterlen/85585260/,2026-05-17T01:47:42+00:00,21.00877192982456
85585305,"Bernstr. 29, 3250 Lyss - CHF 2’070 inkl. NK pro Monat",2070,4.5,104.0,3250,Lyss,Bern,Bernstr. 29,APARTMENT,47.0687371,7.31387388,https://flatfox.ch/de/wohnung/bernstr-29-3250-lyss/85585305/,2026-05-17T01:47:42+00:00,19.903846153846153
85585477,"Feldbachstrasse 4, 9000 St. Gallen - CHF 1’500 inkl. NK pro Monat",1500,2.5,65.0,9000,St. Gallen,St. Gallen,Feldbachstrasse 4,APARTMENT,47.42119631,9.3555278,https://flatfox.ch/de/wohnung/feldbachstrasse-4-9000-st-gallen/85585477/,2026-05-17T01:47:42+00:00,23.076923076923077
85585480,"Ch. du Devin 57bis, 1012 Lausanne - CHF 1’675 inkl. NK pro Monat",1675,2.0,48.0,1012,Lausanne,Vaud,Ch. du Devin 57bis,APARTMENT,46.53021744,6.65325553,https://flatfox.ch/de/wohnung/ch-du-devin-57bis-1012-lausanne/85585480/,2026-05-17T01:47:42+00:00,34.895833333333336
85585509,"Grabenstrasse 49, 3360 Herzogenbuchsee - CHF 1’950 inkl. NK pro Monat",1950,3.5,80.0,3360,Herzogenbuchsee,Bern,Grabenstrasse 49,APARTMENT,47.19700493,7.70628619,https://flatfox.ch/de/wohnung/grabenstrasse-49-3360-herzogenbuchsee/85585509/,2026-05-17T01:47:42+00:00,24.375
85585658,"Engertswil 7, 1717 St. Ursen - CHF 1’790 inkl. NK pro Monat",1790,3.5,91.0,1717,St. Ursen,Fribourg,Engertswil 7,ROOF_FLAT,46.79301028,7.21619563,https://flatfox.ch/de/wohnung/engertswil-7-1717-st-ursen/85585658/,2026-05-17T01:47:42+00:00,19.67032967032967
85586090,"Haldenstrasse 50, 2540 Grenchen - CHF 1’740 inkl. NK pro Monat",1740,3.5,85.0,2540,Grenchen,Solothurn,Haldenstrasse 50,APARTMENT,47.19767216,7.38143887,https://flatfox.ch/de/wohnung/haldenstrasse-50-2540-grenchen/85586090/,2026-05-17T01:47:42+00:00,20.470588235294116
85586334,"A Lutry, 1090 Lutry - CHF 4’030",4030,3.5,100.0,1090,Lutry,Vaud,A Lutry,APARTMENT,46.52001282,6.706964900000001,https://flatfox.ch/de/wohnung/a-lutry-1090-lutry/85586334/,2026-05-17T01:47:42+00:00,40.3
85586437,"Mühlewiesestr. 9, 8355 Aadorf - CHF 1’920 inkl. NK pro Monat",1920,3.5,108.0,8355,Aadorf,Thurgau,Mühlewiesestr. 9,APARTMENT,47.49039925,8.9059759,https://flatfox.ch/de/wohnung/muhlewiesestr-9-8355-aadorf/85586437/,2026-05-17T01:47:42+00:00,17.77777777777778
85586441,"Reussinsel 36, 6003 Luzern - CHF 2’895 inkl. NK pro Monat",2895,3.5,86.0,6003,Luzern,Lucerne,Reussinsel 36,APARTMENT,47.05528487,8.288956599999999,https://flatfox.ch/de/wohnung/reussinsel-36-6003-luzern/85586441/,2026-05-17T01:47:42+00:00,33.66279069767442
85586793,"Aeussere Stammerau 15, 8500 Frauenfeld - CHF 2’070 inkl. NK pro Monat",2070,3.5,105.0,8500,Frauenfeld,Thurgau,Aeussere Stammerau 15,APARTMENT,47.54940043,8.89384331,https://flatfox.ch/de/wohnung/aeussere-stammerau-15-8500-frauenfeld/85586793/,2026-05-17T01:47:42+00:00,19.714285714285715
85587150,"Via Belvedere 15b, 6952 Canobbio - CHF 3’400",3400,4.5,220.0,6952,Canobbio,Ticino,Via Belvedere 15b,APARTMENT,46.03074721,8.96742853,https://flatfox.ch/de/wohnung/via-belvedere-15b-6952-canobbio/85587150/,2026-05-17T01:47:44+00:00,15.454545454545455
85587420,"Zelglistr. 1, 4600 Olten - CHF 1’260 inkl. NK pro Monat",1260,3.5,69.0,4600,Olten,Solothurn,Zelglistr. 1,APARTMENT,47.34421193,7.915035299999999,https://flatfox.ch/de/wohnung/zelglistr-1-4600-olten/85587420/,2026-05-17T01:47:44+00:00,18.26086956521739
85587795,"Wartenbergstrasse 36, 4133 Pratteln - CHF 2’010 inkl. NK pro Monat",2010,4.5,84.0,4133,Pratteln,Basel-Landschaft,Wartenbergstrasse 36,APARTMENT,47.5178931,7.6849883,https://flatfox.ch/de/wohnung/wartenbergstrasse-36-4133-pratteln/85587795/,2026-05-17T01:47:44+00:00,23.928571428571427
85587955,"Via Carlo Croci 5, 6850 Mendrisio - CHF 1’450",1450,3.5,70.0,6850,Mendrisio,Ticino,Via Carlo Croci 5,APARTMENT,45.8714262,8.988261699999999,https://flatfox.ch/de/wohnung/via-carlo-croci-5-6850-mendrisio/85587955/,2026-05-17T01:47:44+00:00,20.714285714285715
85588000,"Zahnershueb 7a, 9240 Uzwil - CHF 1’810 inkl. NK pro Monat",1810,3.5,92.0,9240,Uzwil,St. Gallen,Zahnershueb 7a,APARTMENT,47.43450959,9.14192753,https://flatfox.ch/de/wohnung/zahnershueb-7a-9240-uzwil/85588000/,2026-05-17T01:47:44+00:00,19.67391304347826
85588016,"Via Vedeggi 40a, 6983 Magliaso - CHF 2’180 inkl. NK pro Monat",2180,3.5,92.0,6983,Magliaso,Ticino,Via Vedeggi 40a,APARTMENT,45.98058346,8.88666762,https://flatfox.ch/de/wohnung/via-vedeggi-40a-6983-magliaso/85588016/,2026-05-17T01:47:44+00:00,23.695652173913043
85588121,"Rämelgässli 80, 82, 3067 Boll - CHF 2’350 inkl. NK pro Monat",2350,4.5,100.0,3067,Boll,Bern,"Rämelgässli 80, 82",APARTMENT,46.95034993,7.55501697,https://flatfox.ch/de/wohnung/ramelgassli-80-82-3067-boll/85588121/,2026-05-17T01:47:44+00:00,23.5
85588143,"Rheinfelderstr. 16, 4450 Sissach - CHF 1’845 inkl. NK pro Monat",1845,4.0,86.0,4450,Sissach,Basel-Landschaft,Rheinfelderstr. 16,APARTMENT,47.46538285,7.811183400000002,https://flatfox.ch/de/wohnung/rheinfelderstr-16-4450-sissach/85588143/,2026-05-17T01:47:44+00:00,21.453488372093023
85588181,"Route de Frinvilier 1, 2534 Orvin - CHF 1’450 inkl. NK pro Monat",1450,3.5,75.0,2534,Orvin,Bern,Route de Frinvilier 1,APARTMENT,47.16198120000002,7.21971923,https://flatfox.ch/de/wohnung/route-de-frinvilier-1-2534-orvin/85588181/,2026-05-17T01:47:44+00:00,19.333333333333332
85588305,"Via la Foppa 1, 7172 Rabius - CHF 1’800 inkl. NK pro Monat",1800,3.5,75.0,7172,Rabius,Graubünden,Via la Foppa 1,APARTMENT,46.73588119,8.95790594,https://flatfox.ch/de/wohnung/via-la-foppa-1-7172-rabius/85588305/,2026-05-17T01:47:44+00:00,24.0
85588342,"Städeliweg 3, 9220 Bischofszell - CHF 1’815 inkl. NK pro Monat",1815,4.5,100.0,9220,Bischofszell,Thurgau,Städeliweg 3,APARTMENT,47.49627766,9.2419111,https://flatfox.ch/de/wohnung/stadeliweg-3-9220-bischofszell/85588342/,2026-05-17T01:47:44+00:00,18.15
85588355,"Via San Gottardo 58, 6648 Minusio - CHF 2’130",2130,3.5,110.0,6648,Minusio,Ticino,Via San Gottardo 58,ATTIC_FLAT,46.17569512,8.81189895,https://flatfox.ch/de/wohnung/via-san-gottardo-58-6648-minusio/85588355/,2026-05-17T01:47:44+00:00,19.363636363636363
85588529,"Bahnhofplatz 3, 8487 Rämismühle - CHF 1’990 inkl. NK pro Monat",1990,5.5,114.0,8487,Rämismühle,Zurich,Bahnhofplatz 3,APARTMENT,47.44123654,8.818950599999999,https://flatfox.ch/de/wohnung/bahnhofplatz-3-8487-ramismuhle/85588529/,2026-05-17T01:47:44+00:00,17.45614035087719
85589778,"Albisstrasse 7, 8134 Adliswil - CHF 1’360 inkl. NK pro Monat",1360,1.0,32.0,8134,Adliswil,Zurich,Albisstrasse 7,APARTMENT,47.31158436,8.52577257,https://flatfox.ch/de/wohnung/albisstrasse-7-8134-adliswil/85589778/,2026-05-17T01:47:44+00:00,42.5
85589925,"Kornhausplatz 2, 4622 Egerkingen - CHF 1’470 inkl. NK pro Monat",1470,1.5,115.0,4622,Egerkingen,Solothurn,Kornhausplatz 2,LOFT,47.32170411,7.794082299999999,https://flatfox.ch/de/wohnung/kornhausplatz-2-4622-egerkingen/85589925/,2026-05-17T01:47:44+00:00,12.782608695652174
85590685,"Bergellerstrasse 32, 8049 Zürich - CHF 2’860 inkl. NK pro Monat",2860,3.5,76.0,8049,Zürich,Zurich,Bergellerstrasse 32,APARTMENT,47.40649132,8.492882999999999,https://flatfox.ch/de/wohnung/bergellerstrasse-32-8049-zurich/85590685/,2026-05-17T01:47:44+00:00,37.63157894736842
85590692,"Schöngrünstr. 26c, 4500 Solothurn - CHF 1’655 inkl. NK pro Monat",1655,3.5,64.0,4500,Solothurn,Solothurn,Schöngrünstr. 26c,APARTMENT,47.20122853,7.53845215,https://flatfox.ch/de/wohnung/schongrunstr-26c-4500-solothurn/85590692/,2026-05-17T01:47:44+00:00,25.859375
85590707,"Via Lischedo 1, 6802 Rivera - CHF 1’720 inkl. NK pro Monat",1720,3.5,78.0,6802,Rivera,Ticino,Via Lischedo 1,APARTMENT,46.125038900000014,8.9232319,https://flatfox.ch/de/wohnung/via-lischedo-1-6802-rivera/85590707/,2026-05-17T01:47:44+00:00,22.05128205128205
85591118,"Köniztalstrasse 10, 3098 Köniz - CHF 1’810 inkl. NK pro Monat",1810,4.5,81.0,3098,Köniz,Bern,Köniztalstrasse 10,APARTMENT,46.91800361,7.4191675,https://flatfox.ch/de/wohnung/koniztalstrasse-10-3098-koniz/85591118/,2026-05-17T01:47:46+00:00,22.34567901234568
85591180,"Murtenstrasse 143 C, 3008 Bern - CHF 2’760 inkl. NK pro Monat",2760,4.5,112.0,3008,Bern,Bern,Murtenstrasse 143 C,APARTMENT,46.94847648,7.40985072,https://flatfox.ch/de/wohnung/murtenstrasse-143-c-3008-bern/85591180/,2026-05-17T01:47:46+00:00,24.642857142857142
85591445,"Hägliweg 7, 3186 Düdingen - CHF 1’470 inkl. NK pro Monat",1470,3.5,58.0,3186,Düdingen,Fribourg,Hägliweg 7,APARTMENT,46.85138713,7.189562100000002,https://flatfox.ch/de/wohnung/hagliweg-7-3186-dudingen/85591445/,2026-05-17T01:47:46+00:00,25.344827586206897
85591617,3911 Ried-Brig - CHF 3’050,3050,3.5,122.0,3911,Ried-Brig,Valais,,APARTMENT,46.30710099720484,8.022937607216795,https://flatfox.ch/de/wohnung/3911-ried-brig/85591617/,2026-05-17T01:47:46+00:00,25.0
85591849,"Oberseenerstrasse 16, 8405 Winterthur - CHF 2’750 inkl. NK pro Monat",2750,3.5,133.0,8405,Winterthur,Zurich,Oberseenerstrasse 16,ATTIC_FLAT,47.48187975,8.76441471,https://flatfox.ch/de/wohnung/oberseenerstrasse-16-8405-winterthur/85591849/,2026-05-17T01:47:46+00:00,20.67669172932331
85592644,"Alfred Escherstr. 64, 8002 Zürich - CHF 3’905 inkl. NK pro Monat",3905,2.5,90.0,8002,Zürich,Zurich,Alfred Escherstr. 64,APARTMENT,47.3609551,8.5338847,https://flatfox.ch/de/wohnung/alfred-escherstr-64-8002-zurich/85592644/,2026-05-17T01:47:46+00:00,43.388888888888886
85592872,"Mattenstrasse 32, 5722 Gränichen - CHF 1’810 inkl. NK pro Monat",1810,3.5,87.0,5722,Gränichen,Aargau,Mattenstrasse 32,APARTMENT,47.36252191,8.088744799999999,https://flatfox.ch/de/wohnung/mattenstrasse-32-5722-granichen/85592872/,2026-05-17T01:47:46+00:00,20.804597701149426
85593017,"A Gland, 1196 Gland - CHF 3’350",3350,4.5,95.0,1196,Gland,Vaud,A Gland,APARTMENT,46.41678439,6.27166771,https://flatfox.ch/de/wohnung/a-gland-1196-gland/85593017/,2026-05-17T01:47:46+00:00,35.26315789473684
85593062,"Via Rovello 32F, 6942 Savosa - CHF 3’100",3100,4.5,185.0,6942,Savosa,Ticino,Via Rovello 32F,APARTMENT,46.01714471,8.94987887,https://flatfox.ch/de/wohnung/via-rovello-32f-6942-savosa/85593062/,2026-05-17T01:47:46+00:00,16.756756756756758
85593194,"Auweg 24, 4450 Sissach - CHF 1’980 inkl. NK pro Monat",1980,4.5,105.0,4450,Sissach,Basel-Landschaft,Auweg 24,APARTMENT,47.46439451,7.8106614,https://flatfox.ch/de/wohnung/auweg-24-4450-sissach/85593194/,2026-05-17T01:47:46+00:00,18.857142857142858
85594005,"Chemin de Corjon 11, 1020 Renens - CHF 1’940 inkl. NK pro Monat",1940,2.5,58.0,1020,Renens,Vaud,Chemin de Corjon 11,APARTMENT,46.54168785,6.58576144,https://flatfox.ch/de/wohnung/chemin-de-corjon-11-1020-renens/85594005/,2026-05-17T01:47:46+00:00,33.44827586206897
85594364,"Konstanzerstr. 13, HH, 8280 Kreuzlingen - CHF 1’800 inkl. NK pro Monat",1800,3.5,76.0,8280,Kreuzlingen,Thurgau,"Konstanzerstr. 13, HH",APARTMENT,47.65382562,9.16798033,https://flatfox.ch/de/wohnung/konstanzerstr-13-hh-8280-kreuzlingen/85594364/,2026-05-17T01:47:48+00:00,23.68421052631579
85594432,"Eigerstr. 60, 3007 Bern - CHF 2’790 inkl. NK pro Monat",2790,4.5,108.0,3007,Bern,Bern,Eigerstr. 60,APARTMENT,46.93944786,7.4369805000000015,https://flatfox.ch/de/wohnung/eigerstr-60-3007-bern/85594432/,2026-05-17T01:47:48+00:00,25.833333333333332
85594896,"Kienastenwiesweg 29, 8053 Zürich - CHF 2’527 inkl. NK pro Monat",2527,3.5,79.0,8053,Zürich,Zurich,Kienastenwiesweg 29,APARTMENT,47.35600476,8.60340426,https://flatfox.ch/de/wohnung/kienastenwiesweg-29-8053-zurich/85594896/,2026-05-17T01:47:48+00:00,31.9873417721519
85595277,"Via Gerretta 15 - Geb. F, 6500 Bellinzona - CHF 1’290 inkl. NK pro Monat",1290,2.5,51.0,6500,Bellinzona,Ticino,Via Gerretta 15 - Geb. F,APARTMENT,46.2021365,9.02992198,https://flatfox.ch/de/wohnung/via-gerretta-15-geb-f-6500-bellinzona/85595277/,2026-05-17T01:47:48+00:00,25.294117647058822
85595412,"Beundenstrasse 1, 2543 Lengnau BE - CHF 1’590 inkl. NK pro Monat",1590,4.5,85.0,2543,Lengnau BE,Bern,Beundenstrasse 1,APARTMENT,47.18362498,7.36735829,https://flatfox.ch/de/wohnung/beundenstrasse-1-2543-lengnau-be/85595412/,2026-05-17T01:47:48+00:00,18.705882352941178
85595601,"Grubenstrasse 47, 4900 Langenthal - CHF 1’485",1485,4.0,74.0,4900,Langenthal,Bern,Grubenstrasse 47,APARTMENT,47.2244933,7.78511043,https://flatfox.ch/de/wohnung/grubenstrasse-47-4900-langenthal/85595601/,2026-05-17T01:47:48+00:00,20.06756756756757
85595602,"Grubenstrasse 47, 4900 Langenthal - CHF 1’090",1090,2.0,49.0,4900,Langenthal,Bern,Grubenstrasse 47,APARTMENT,47.2244933,7.78511043,https://flatfox.ch/de/wohnung/grubenstrasse-47-4900-langenthal/85595602/,2026-05-17T01:47:48+00:00,22.244897959183675
85595645,5630 Muri AG - CHF 2’340 inkl. NK pro Monat,2340,2.5,77.0,5630,Muri AG,Aargau,,FURNISHED_FLAT,47.27361318063683,8.341575286293194,https://flatfox.ch/de/wohnung/5630-muri-ag/85595645/,2026-05-17T01:47:48+00:00,30.38961038961039
85595655,"Erlenstrasse 10, 2555 Brügg BE - CHF 1’410 inkl. NK pro Monat",1410,3.5,68.0,2555,Brügg BE,Bern,Erlenstrasse 10,APARTMENT,47.11979228,7.27477994,https://flatfox.ch/de/wohnung/erlenstrasse-10-2555-brugg-be/85595655/,2026-05-17T01:47:48+00:00,20.735294117647058
85595661,"Zeughausstrasse 49, 3250 Lyss - CHF 1’750 inkl. NK pro Monat",1750,4.5,82.0,3250,Lyss,Bern,Zeughausstrasse 49,APARTMENT,47.07676773,7.30065378,https://flatfox.ch/de/wohnung/zeughausstrasse-49-3250-lyss/85595661/,2026-05-17T01:47:48+00:00,21.341463414634145
85595663,"Hohenrainstr. 24a, 4133 Pratteln - CHF 2’700 inkl. NK pro Monat",2700,3.5,94.0,4133,Pratteln,Basel-Landschaft,Hohenrainstr. 24a,APARTMENT,47.52574343,7.694720299999999,https://flatfox.ch/de/wohnung/hohenrainstr-24a-4133-pratteln/85595663/,2026-05-17T01:47:48+00:00,28.72340425531915
85595664,"Hohenrainstr. 24a, 4133 Pratteln - CHF 2’710 inkl. NK pro Monat",2710,3.5,94.0,4133,Pratteln,Basel-Landschaft,Hohenrainstr. 24a,APARTMENT,47.52574343,7.694720299999999,https://flatfox.ch/de/wohnung/hohenrainstr-24a-4133-pratteln/85595664/,2026-05-17T01:47:48+00:00,28.829787234042552
85595669,"Schärenmoosstr. 80, 8052 Zürich - CHF 2’760 inkl. NK pro Monat",2760,1.5,118.0,8052,Zürich,Zurich,Schärenmoosstr. 80,LOFT,47.41834711,8.55782173,https://flatfox.ch/de/wohnung/scharenmoosstr-80-8052-zurich/85595669/,2026-05-17T01:47:48+00:00,23.389830508474578
85595697,"Meisenweg 10, 2503 Biel/Bienne - CHF 1’130 inkl. NK pro Monat",1130,3.0,56.0,2503,Biel/Bienne,Bern,Meisenweg 10,APARTMENT,47.13492798,7.26021349,https://flatfox.ch/de/wohnung/meisenweg-10-2503-bielbienne/85595697/,2026-05-17T01:47:48+00:00,20.178571428571427
85596108,"Imbisbühlsteig 6A, 8049 Zürich - CHF 3’373 inkl. NK pro Monat",3373,3.5,98.0,8049,Zürich,Zurich,Imbisbühlsteig 6A,APARTMENT,47.40668395,8.484467600000002,https://flatfox.ch/de/wohnung/imbisbuhlsteig-6a-8049-zurich/85596108/,2026-05-17T01:47:48+00:00,34.41836734693877
85596166,"Breitsteinweg 22, 4704 Niederbipp - CHF 2’200 inkl. NK pro Monat",2200,5.5,143.0,4704,Niederbipp,Bern,Breitsteinweg 22,APARTMENT,47.27431017,7.69454894,https://flatfox.ch/de/wohnung/breitsteinweg-22-4704-niederbipp/85596166/,2026-05-17T01:47:48+00:00,15.384615384615385
85596307,"Wichelackerstrasse 9, 3144 Gasel - CHF 1’595",1595,3.5,78.0,3144,Gasel,Bern,Wichelackerstrasse 9,APARTMENT,46.90305957,7.40015251,https://flatfox.ch/de/wohnung/wichelackerstrasse-9-3144-gasel/85596307/,2026-05-17T01:47:48+00:00,20.44871794871795
85596673,"Ch. des Sources a 16a, 2013 Colombier NE - CHF 2’100 inkl. NK pro Monat",2100,3.5,81.0,2013,Colombier NE,Neuchâtel,Ch. des Sources a 16a,APARTMENT,46.96615379,6.85354171,https://flatfox.ch/de/wohnung/ch-des-sources-a-16a-2013-colombier-ne/85596673/,2026-05-17T01:47:48+00:00,25.925925925925927
85596789,"Gibel 2, 5037 Muhen - CHF 2’520 inkl. NK pro Monat",2520,3.5,102.0,5037,Muhen,Aargau,Gibel 2,APARTMENT,47.34344153,8.05624976,https://flatfox.ch/de/wohnung/gibel-2-5037-muhen/85596789/,2026-05-17T01:47:48+00:00,24.705882352941178
85597295,"Via Zurigo 34, 6900 Lugano - CHF 1’200",1200,2.0,35.0,6900,Lugano,Ticino,Via Zurigo 34,APARTMENT,46.0105426,8.9507261,https://flatfox.ch/de/wohnung/via-zurigo-34-6900-lugano/85597295/,2026-05-17T01:47:48+00:00,34.285714285714285
85597391,"Alvierstr. 15, 9475 Sevelen - CHF 1’540 inkl. NK pro Monat",1540,2.0,59.0,9475,Sevelen,St. Gallen,Alvierstr. 15,ROOF_FLAT,47.1282227,9.48632616,https://flatfox.ch/de/wohnung/alvierstr-15-9475-sevelen/85597391/,2026-05-17T01:47:48+00:00,26.10169491525424
85597395,"Stampachgasse 6, 3065 Bolligen - CHF 1’850 inkl. NK pro Monat",1850,4.5,115.0,3065,Bolligen,Bern,Stampachgasse 6,APARTMENT,46.97936978,7.49159843,https://flatfox.ch/de/wohnung/stampachgasse-6-3065-bolligen/85597395/,2026-05-17T01:47:48+00:00,16.08695652173913
85599942,"Ch. des Eterpeys 21, 1010 Lausanne - CHF 2’230 inkl. NK pro Monat",2230,3.5,82.0,1010,Lausanne,Vaud,Ch. des Eterpeys 21,APARTMENT,46.53505615,6.66197755,https://flatfox.ch/de/wohnung/ch-des-eterpeys-21-1010-lausanne/85599942/,2026-05-17T01:47:48+00:00,27.195121951219512
85599954,"Wylerweg 7, 3324 Hindelbank - CHF 1’810 inkl. NK pro Monat",1810,3.5,82.0,3324,Hindelbank,Bern,Wylerweg 7,APARTMENT,47.04038671,7.540500199999999,https://flatfox.ch/de/wohnung/wylerweg-7-3324-hindelbank/85599954/,2026-05-17T01:47:48+00:00,22.073170731707318
85599955,"Avenue Eugène Rambert 30, 1005 Lausanne - CHF 3’460 inkl. NK pro Monat",3460,3.0,92.0,1005,Lausanne,Vaud,Avenue Eugène Rambert 30,APARTMENT,46.51506458,6.64935851,https://flatfox.ch/de/wohnung/avenue-eugene-rambert-30-1005-lausanne/85599955/,2026-05-17T01:47:48+00:00,37.608695652173914
85600206,"Nobsstr. 18, 3072 Ostermundigen - CHF 1’640 inkl. NK pro Monat",1640,3.5,64.0,3072,Ostermundigen,Bern,Nobsstr. 18,APARTMENT,46.95979546,7.493431900000002,https://flatfox.ch/de/wohnung/nobsstr-18-3072-ostermundigen/85600206/,2026-05-17T01:47:50+00:00,25.625
85600413,"Rue Jardinière 41, 2300 La Chaux-de-Fonds - CHF 1’500 inkl. NK pro Monat",1500,4.0,105.0,2300,La Chaux-de-Fonds,Neuchâtel,Rue Jardinière 41,APARTMENT,47.1018845,6.825306299999999,https://flatfox.ch/de/wohnung/rue-jardiniere-41-2300-la-chaux-de-fonds/85600413/,2026-05-17T01:47:50+00:00,14.285714285714286
85600425,"Rue de la Côte 11, 2052 Fontainemelon - CHF 1’295 inkl. NK pro Monat",1295,3.0,69.0,2052,Fontainemelon,Neuchâtel,Rue de la Côte 11,APARTMENT,47.05613921,6.88541089,https://flatfox.ch/de/wohnung/rue-de-la-cote-11-2052-fontainemelon/85600425/,2026-05-17T01:47:50+00:00,18.768115942028984
85600622,"rue de lausanne 62, 1530 Payerne - CHF 1’690 inkl. NK pro Monat",1690,3.5,90.0,1530,Payerne,Vaud,rue de lausanne 62,APARTMENT,46.81845029999999,6.93747859,https://flatfox.ch/de/wohnung/rue-de-lausanne-62-1530-payerne/85600622/,2026-05-17T01:47:50+00:00,18.77777777777778
85600832,"Grosspeterstrasse 5, 4052 Basel - CHF 4’080",4080,3.5,111.0,4052,Basel,Basel-Stadt,Grosspeterstrasse 5,ROOF_FLAT,47.5454414,7.5998529,https://flatfox.ch/de/wohnung/grosspeterstrasse-5-4052-basel/85600832/,2026-05-17T01:47:50+00:00,36.75675675675676
85600970,"Grosspeterstrasse 5A, 4052 Basel - CHF 2’115",2115,1.5,64.0,4052,Basel,Basel-Stadt,Grosspeterstrasse 5A,APARTMENT,47.54534936,7.599891299999999,https://flatfox.ch/de/wohnung/grosspeterstrasse-5a-4052-basel/85600970/,2026-05-17T01:47:50+00:00,33.046875
85601014,"Buristr. 8, 3006 Bern - CHF 1’075 inkl. NK pro Monat",1075,1.0,31.0,3006,Bern,Bern,Buristr. 8,APARTMENT,46.94535493,7.47423615,https://flatfox.ch/de/wohnung/buristr-8-3006-bern/85601014/,2026-05-17T01:47:50+00:00,34.67741935483871
85601043,"Rue du Locle 18, 2300 La Chaux-de-Fonds - CHF 1’070 inkl. NK pro Monat",1070,3.0,59.0,2300,La Chaux-de-Fonds,Neuchâtel,Rue du Locle 18,APARTMENT,47.09283975,6.81273499,https://flatfox.ch/de/wohnung/rue-du-locle-18-2300-la-chaux-de-fonds/85601043/,2026-05-17T01:47:50+00:00,18.135593220338983
85601464,"Rieterstrasse 35, 8002 Zürich - CHF 4’490 inkl. NK pro Monat",4490,4.5,105.0,8002,Zürich,Zurich,Rieterstrasse 35,APARTMENT,47.35855667,8.52622287,https://flatfox.ch/de/wohnung/rieterstrasse-35-8002-zurich/85601464/,2026-05-17T01:47:50+00:00,42.76190476190476
85601538,"Grosspeterstrasse 5A, 4052 Basel - CHF 2’315",2315,2.5,67.0,4052,Basel,Basel-Stadt,Grosspeterstrasse 5A,APARTMENT,47.54534936,7.599891299999999,https://flatfox.ch/de/wohnung/grosspeterstrasse-5a-4052-basel/85601538/,2026-05-17T01:47:50+00:00,34.55223880597015
85601835,"Rosenweg 2, 8302 Kloten - CHF 2’680",2680,3.5,75.0,8302,Kloten,Zurich,Rosenweg 2,APARTMENT,47.4476356,8.58467485,https://flatfox.ch/de/wohnung/rosenweg-2-8302-kloten/85601835/,2026-05-17T01:47:50+00:00,35.733333333333334
85601915,"Rosenweg 2, 8302 Kloten - CHF 2’700",2700,3.5,75.0,8302,Kloten,Zurich,Rosenweg 2,APARTMENT,47.4476356,8.58467485,https://flatfox.ch/de/wohnung/rosenweg-2-8302-kloten/85601915/,2026-05-17T01:47:50+00:00,36.0
85602244,2560 Nidau - CHF 1’490 inkl. NK pro Monat,1490,4.0,90.0,2560,Nidau,Bern,,FURNISHED_FLAT,47.12467068145912,7.243652321630051,https://flatfox.ch/de/wohnung/2560-nidau/85602244/,2026-05-17T01:47:50+00:00,16.555555555555557
85602344,"Breitfeldstrasse 7a, 3075 Rüfenacht BE - CHF 1’680 inkl. NK pro Monat",1680,3.5,76.0,3075,Rüfenacht BE,Bern,Breitfeldstrasse 7a,APARTMENT,46.93310681,7.52541843,https://flatfox.ch/de/wohnung/breitfeldstrasse-7a-3075-rufenacht-be/85602344/,2026-05-17T01:47:50+00:00,22.105263157894736
85602573,"Al Stradon da Magia 78, 6673 Maggia - CHF 1’300",1300,3.5,60.0,6673,Maggia,Ticino,Al Stradon da Magia 78,APARTMENT,46.24634570000001,8.70632643,https://flatfox.ch/de/wohnung/al-stradon-da-magia-78-6673-maggia/85602573/,2026-05-17T01:47:50+00:00,21.666666666666668
85603449,"Baselstrasse 48, 4125 Riehen - CHF 2’790 inkl. NK pro Monat",2790,3.5,114.0,4125,Riehen,Basel-Stadt,Baselstrasse 48,APARTMENT,47.58495437,7.650162799999999,https://flatfox.ch/de/wohnung/baselstrasse-48-4125-riehen/85603449/,2026-05-17T01:47:50+00:00,24.473684210526315
85603868,"Rue des Frères-Lumière 27, 1723 Marly - CHF 2’100 inkl. NK pro Monat",2100,3.5,80.0,1723,Marly,Fribourg,Rue des Frères-Lumière 27,APARTMENT,46.774723,7.155928299999999,https://flatfox.ch/de/wohnung/rue-des-freres-lumiere-27-1723-marly/85603868/,2026-05-17T01:47:50+00:00,26.25
85603961,"Grosspeterstrasse 5B, 4052 Basel - CHF 1’885",1885,1.5,55.0,4052,Basel,Basel-Stadt,Grosspeterstrasse 5B,APARTMENT,47.54536532,7.59990239,https://flatfox.ch/de/wohnung/grosspeterstrasse-5b-4052-basel/85603961/,2026-05-17T01:47:50+00:00,34.27272727272727
85605030,"Burgerallee 33, 2560 Nidau - CHF 1’350 inkl. NK pro Monat",1350,2.0,42.0,2560,Nidau,Bern,Burgerallee 33,APARTMENT,47.1223893,7.234770399999999,https://flatfox.ch/de/wohnung/burgerallee-33-2560-nidau/85605030/,2026-05-17T01:47:50+00:00,32.142857142857146
85605323,"Rue des Battieux 32, 2000 Neuchâtel - CHF 1’850 inkl. NK pro Monat",1850,4.5,103.0,2000,Neuchâtel,Neuchâtel,Rue des Battieux 32,APARTMENT,46.98473283,6.900339799999999,https://flatfox.ch/de/wohnung/rue-des-battieux-32-2000-neuchatel/85605323/,2026-05-17T01:47:50+00:00,17.961165048543688
85605517,"Dorf 4, 3305 Iffwil - CHF 2’650 inkl. NK pro Monat",2650,4.5,158.0,3305,Iffwil,Bern,Dorf 4,ROOF_FLAT,47.06322734,7.480279800000002,https://flatfox.ch/de/wohnung/dorf-4-3305-iffwil/85605517/,2026-05-17T01:47:50+00:00,16.772151898734176
85605657,"Avenue du Bois-de-la-Chapelle 59, 1213 Onex - CHF 3’460 inkl. NK pro Monat",3460,6.0,103.0,1213,Onex,Geneva,Avenue du Bois-de-la-Chapelle 59,DUPLEX,46.18933699999999,6.102947,https://flatfox.ch/de/wohnung/avenue-du-bois-de-la-chapelle-59-1213-onex/85605657/,2026-05-17T01:47:50+00:00,33.592233009708735
85605790,"Surmulins 17, 7524 Zuoz - CHF 4’100",4100,5.0,116.0,7524,Zuoz,Graubünden,Surmulins 17,APARTMENT,46.60473842,9.95869448,https://flatfox.ch/de/wohnung/surmulins-17-7524-zuoz/85605790/,2026-05-17T01:47:52+00:00,35.3448275862069
85606111,"Hauptstrasse 69, 5070 Frick - CHF 1’710 inkl. NK pro Monat",1710,2.5,65.0,5070,Frick,Aargau,Hauptstrasse 69,APARTMENT,47.50659732,8.0226184,https://flatfox.ch/de/wohnung/hauptstrasse-69-5070-frick/85606111/,2026-05-17T01:47:52+00:00,26.307692307692307
85606159,"Earhart-Strasse 19, 8152 Glattpark (Opfikon) - CHF 3’475 inkl. NK pro Monat",3475,3.5,117.0,8152,Glattpark (Opfikon),Zurich,Earhart-Strasse 19,APARTMENT,47.42442755,8.564209199999999,https://flatfox.ch/de/wohnung/earhart-strasse-19-8152-glattpark-opfikon/85606159/,2026-05-17T01:47:52+00:00,29.700854700854702
85606167,"Espacité 5, 2300 La Chaux-de-Fonds - CHF 1’840 inkl. NK pro Monat",1840,4.5,116.0,2300,La Chaux-de-Fonds,Neuchâtel,Espacité 5,DUPLEX,47.10280116,6.829098999999999,https://flatfox.ch/de/wohnung/espacite-5-2300-la-chaux-de-fonds/85606167/,2026-05-17T01:47:52+00:00,15.862068965517242
85606255,"Aegeristrasse 52, 6300 Zug - CHF 6’215 inkl. NK pro Monat",6215,6.5,175.0,6300,Zug,Zug,Aegeristrasse 52,APARTMENT,47.16684693,8.51976591,https://flatfox.ch/de/wohnung/aegeristrasse-52-6300-zug/85606255/,2026-05-17T01:47:52+00:00,35.51428571428571
85612141,"Grand-Rue 5, 2616 Renan BE - CHF 1’180",1180,3.0,72.0,2616,Renan BE,Bern,Grand-Rue 5,APARTMENT,47.12788913,6.93138538,https://flatfox.ch/de/wohnung/grand-rue-5-2616-renan-be/85612141/,2026-05-17T01:47:52+00:00,16.38888888888889
85612333,"Constantine, 1587 Constantine - CHF 1’500",1500,3.5,113.0,1587,Constantine,Vaud,Constantine,APARTMENT,46.91451048,7.00962888,https://flatfox.ch/de/wohnung/constantine-1587-constantine/85612333/,2026-05-17T01:47:52+00:00,13.274336283185841
85612517,"Ittigenstrasse 8, 3063 Ittigen - CHF 780",780,1.0,30.0,3063,Ittigen,Bern,Ittigenstrasse 8,SINGLE_ROOM,46.97810691,7.486273499999999,https://flatfox.ch/de/wohnung/ittigenstrasse-8-3063-ittigen/85612517/,2026-05-17T01:47:52+00:00,26.0
85612579,"Route Zotset 32, 3963 Aminona - CHF 800",800,1.0,18.0,3963,Aminona,Valais,Route Zotset 32,APARTMENT,46.31304521,7.47159294,https://flatfox.ch/de/wohnung/route-zotset-32-3963-aminona/85612579/,2026-05-17T01:47:52+00:00,44.44444444444444
85619801,"Bettlachstrasse 64, 2540 Grenchen - CHF 1’990 inkl. NK pro Monat",1990,3.5,82.0,2540,Grenchen,Solothurn,Bettlachstrasse 64,APARTMENT,47.19421299,7.401535399999999,https://flatfox.ch/de/wohnung/bettlachstrasse-64-2540-grenchen/85619801/,2026-05-17T01:47:52+00:00,24.26829268292683
85619812,"Ahornweg 12, 2542 Pieterlen - CHF 1’800 inkl. NK pro Monat",1800,3.5,85.0,2542,Pieterlen,Bern,Ahornweg 12,APARTMENT,47.17234925,7.338944199999999,https://flatfox.ch/de/wohnung/ahornweg-12-2542-pieterlen/85619812/,2026-05-17T01:47:52+00:00,21.176470588235293
85620128,"Passage Blaise-Cendrars 9, 2017 Boudry - CHF 2’069 inkl. NK pro Monat",2069,3.5,98.0,2017,Boudry,Neuchâtel,Passage Blaise-Cendrars 9,APARTMENT,46.95452463,6.83632711,https://flatfox.ch/de/wohnung/passage-blaise-cendrars-9-2017-boudry/85620128/,2026-05-17T01:47:52+00:00,21.112244897959183
85620330,"Allée Charles-Edouard-Guillaume 6, 1723 Marly - CHF 2’460 inkl. NK pro Monat",2460,4.5,100.0,1723,Marly,Fribourg,Allée Charles-Edouard-Guillaume 6,APARTMENT,46.77544711,7.15562353,https://flatfox.ch/de/wohnung/allee-charles-edouard-guillaume-6-1723-marly/85620330/,2026-05-17T01:47:52+00:00,24.6
85621058,6900 Lugano - CHF 1’900,1900,5.5,200.0,6900,Lugano,Ticino,,APARTMENT,46.0093468101991,8.950692751380767,https://flatfox.ch/de/wohnung/6900-lugano/85621058/,2026-05-17T01:47:52+00:00,9.5
85621116,"Via Ceresio 8B, 6900 Massagno - CHF 1’750",1750,3.5,85.0,6900,Massagno,Ticino,Via Ceresio 8B,APARTMENT,46.00969785,8.9409541,https://flatfox.ch/de/wohnung/via-ceresio-8b-6900-massagno/85621116/,2026-05-17T01:47:54+00:00,20.58823529411765
85621117,"Via Brenno Bertoni 17, 6900 Lugano - CHF 1’500",1500,1.5,44.0,6900,Lugano,Ticino,Via Brenno Bertoni 17,APARTMENT,46.00383835,8.93899921,https://flatfox.ch/de/wohnung/via-brenno-bertoni-17-6900-lugano/85621117/,2026-05-17T01:47:54+00:00,34.09090909090909
85621616,"Ch. de la Villette 12, 1400 Yverdon-les-Bains - CHF 2’550 inkl. NK pro Monat",2550,4.5,102.0,1400,Yverdon-les-Bains,Vaud,Ch. de la Villette 12,APARTMENT,46.77728577,6.6575783,https://flatfox.ch/de/wohnung/ch-de-la-villette-12-1400-yverdon-les-bains/85621616/,2026-05-17T01:47:54+00:00,25.0
85622324,"Juraweg 1, 3053 Münchenbuchsee - CHF 2’090 inkl. NK pro Monat",2090,4.5,97.0,3053,Münchenbuchsee,Bern,Juraweg 1,APARTMENT,47.02414383,7.453575000000002,https://flatfox.ch/de/wohnung/juraweg-1-3053-munchenbuchsee/85622324/,2026-05-17T01:47:54+00:00,21.54639175257732
85622628,"Arisdörferstrasse 6, 4410 Liestal - CHF 1’830 inkl. NK pro Monat",1830,3.5,89.0,4410,Liestal,Basel-Landschaft,Arisdörferstrasse 6,APARTMENT,47.48637513,7.74038721,https://flatfox.ch/de/wohnung/arisdorferstrasse-6-4410-liestal/85622628/,2026-05-17T01:47:54+00:00,20.56179775280899
85622795,"Ahornweg 10, 8134 Adliswil - CHF 2’525 inkl. NK pro Monat",2525,2.5,85.0,8134,Adliswil,Zurich,Ahornweg 10,APARTMENT,47.31811722,8.53138331,https://flatfox.ch/de/wohnung/ahornweg-10-8134-adliswil/85622795/,2026-05-17T01:47:54+00:00,29.705882352941178
85622860,"Sagiweg 12, 5737 Menziken - CHF 1’977 inkl. NK pro Monat",1977,4.5,97.0,5737,Menziken,Aargau,Sagiweg 12,APARTMENT,47.24199075,8.18639987,https://flatfox.ch/de/wohnung/sagiweg-12-5737-menziken/85622860/,2026-05-17T01:47:54+00:00,20.38144329896907
85623208,"Rue de la Paix 7, 2300 La Cibourg - CHF 1’100",1100,3.0,65.0,2300,La Cibourg,Neuchâtel,Rue de la Paix 7,APARTMENT,47.10460879,6.82868148,https://flatfox.ch/de/wohnung/rue-de-la-paix-7-2300-la-cibourg/85623208/,2026-05-17T01:47:54+00:00,16.923076923076923
85623501,"Grundsteinweg 3, 8800 Thalwil - CHF 2’285 inkl. NK pro Monat",2285,3.0,78.0,8800,Thalwil,Zurich,Grundsteinweg 3,APARTMENT,47.29064714,8.564955399999999,https://flatfox.ch/de/wohnung/grundsteinweg-3-8800-thalwil/85623501/,2026-05-17T01:47:54+00:00,29.294871794871796
85623786,"Binningerstr. 42, 4153 Reinach BL - CHF 2’290 inkl. NK pro Monat",2290,4.5,114.0,4153,Reinach BL,Basel-Landschaft,Binningerstr. 42,APARTMENT,47.50209926,7.59376861,https://flatfox.ch/de/wohnung/binningerstr-42-4153-reinach-bl/85623786/,2026-05-17T01:47:54+00:00,20.087719298245613
85623788,"Lehenmattstr. 201, 4052 Basel - CHF 1’460 inkl. NK pro Monat",1460,2.0,47.0,4052,Basel,Basel-Stadt,Lehenmattstr. 201,APARTMENT,47.54957041,7.62135441,https://flatfox.ch/de/wohnung/lehenmattstr-201-4052-basel/85623788/,2026-05-17T01:47:54+00:00,31.06382978723404
85623790,"Via Sasso Corbaro 23, 6593 Cadenazzo - CHF 1’690 inkl. NK pro Monat",1690,3.5,77.0,6593,Cadenazzo,Ticino,Via Sasso Corbaro 23,APARTMENT,46.15032773,8.945326999999999,https://flatfox.ch/de/wohnung/via-sasso-corbaro-23-6593-cadenazzo/85623790/,2026-05-17T01:47:54+00:00,21.948051948051948
85623794,"Via Luigi Taddei 13, 6962 Viganello - CHF 1’475 inkl. NK pro Monat",1475,3.5,71.0,6962,Viganello,Ticino,Via Luigi Taddei 13,APARTMENT,46.01423882,8.96364562,https://flatfox.ch/de/wohnung/via-luigi-taddei-13-6962-viganello/85623794/,2026-05-17T01:47:54+00:00,20.774647887323944
85623836,"Rainal. 10, 4125 Riehen - CHF 1’230 inkl. NK pro Monat",1230,2.0,50.0,4125,Riehen,Basel-Stadt,Rainal. 10,APARTMENT,47.582659000000014,7.6524344,https://flatfox.ch/de/wohnung/rainal-10-4125-riehen/85623836/,2026-05-17T01:47:54+00:00,24.6
85623855,"Via Ceresio 55, 6963 Pregassona - CHF 1’430 inkl. NK pro Monat",1430,2.5,54.0,6963,Pregassona,Ticino,Via Ceresio 55,APARTMENT,46.02332318,8.96766477,https://flatfox.ch/de/wohnung/via-ceresio-55-6963-pregassona/85623855/,2026-05-17T01:47:56+00:00,26.48148148148148
85623893,"Aarburgerstrasse 147, 4600 Olten - CHF 1’430 inkl. NK pro Monat",1430,3.5,63.0,4600,Olten,Solothurn,Aarburgerstrasse 147,APARTMENT,47.3441569,7.907810899999999,https://flatfox.ch/de/wohnung/aarburgerstrasse-147-4600-olten/85623893/,2026-05-17T01:47:56+00:00,22.6984126984127
85624021,"Av. de Beaulieu 33, 1004 Lausanne - CHF 1’900 inkl. NK pro Monat",1900,2.0,50.0,1004,Lausanne,Vaud,Av. de Beaulieu 33,APARTMENT,46.52636189,6.62600868,https://flatfox.ch/de/wohnung/av-de-beaulieu-33-1004-lausanne/85624021/,2026-05-17T01:47:56+00:00,38.0
85624337,6917 Barbengo - CHF 2’500,2500,4.5,130.0,6917,Barbengo,Ticino,,APARTMENT,45.96048574263626,8.916139396799112,https://flatfox.ch/de/wohnung/6917-barbengo/85624337/,2026-05-17T01:47:56+00:00,19.23076923076923
85624803,"Alter Schulweg 31, 5102 Rupperswil - CHF 1’960 inkl. NK pro Monat",1960,2.5,68.0,5102,Rupperswil,Aargau,Alter Schulweg 31,ATTIC_FLAT,47.40351037,8.1299847,https://flatfox.ch/de/wohnung/alter-schulweg-31-5102-rupperswil/85624803/,2026-05-17T01:47:56+00:00,28.823529411764707
85624831,"Moosweg 4a, 3296 Arch - CHF 1’715 inkl. NK pro Monat",1715,4.5,128.0,3296,Arch,Bern,Moosweg 4a,APARTMENT,47.16638333,7.435478499999999,https://flatfox.ch/de/wohnung/moosweg-4a-3296-arch/85624831/,2026-05-17T01:47:56+00:00,13.3984375
85624836,"Hobelwerkweg 13, 8404 Winterthur - CHF 2’920 inkl. NK pro Monat",2920,4.5,122.0,8404,Winterthur,Zurich,Hobelwerkweg 13,APARTMENT,47.50805395,8.76203016,https://flatfox.ch/de/wohnung/hobelwerkweg-13-8404-winterthur/85624836/,2026-05-17T01:47:56+00:00,23.934426229508198
85626161,"Chemin des Jonchets 14, 1030 Bussigny - CHF 2’190 inkl. NK pro Monat",2190,3.5,73.0,1030,Bussigny,Vaud,Chemin des Jonchets 14,APARTMENT,46.55134441,6.550941,https://flatfox.ch/de/wohnung/chemin-des-jonchets-14-1030-bussigny/85626161/,2026-05-17T01:47:56+00:00,30.0
85626214,"Via Morena 7, 6900 Lugano - CHF 950",950,1.5,38.0,6900,Lugano,Ticino,Via Morena 7,APARTMENT,46.01058473,8.9377186,https://flatfox.ch/de/wohnung/via-morena-7-6900-lugano/85626214/,2026-05-17T01:47:56+00:00,25.0
85626286,"Neustadtstr. 8b, 6003 Luzern - CHF 2’200 inkl. NK pro Monat",2200,3.5,83.0,6003,Luzern,Lucerne,Neustadtstr. 8b,APARTMENT,47.04439258,8.30788592,https://flatfox.ch/de/wohnung/neustadtstr-8b-6003-luzern/85626286/,2026-05-17T01:47:56+00:00,26.50602409638554
85626413,"Via Morena 7, 6900 Lugano - CHF 1’250",1250,2.5,50.0,6900,Lugano,Ticino,Via Morena 7,APARTMENT,46.01058473,8.9377186,https://flatfox.ch/de/wohnung/via-morena-7-6900-lugano/85626413/,2026-05-17T01:47:56+00:00,25.0
85626563,"Via Morena 7, 6900 Lugano - CHF 2’250",2250,3.5,84.0,6900,Lugano,Ticino,Via Morena 7,APARTMENT,46.01058473,8.9377186,https://flatfox.ch/de/wohnung/via-morena-7-6900-lugano/85626563/,2026-05-17T01:47:56+00:00,26.785714285714285
85626600,"Via Morena 7, 6900 Lugano - CHF 1’750",1750,2.5,50.0,6900,Lugano,Ticino,Via Morena 7,FURNISHED_FLAT,46.01058473,8.9377186,https://flatfox.ch/de/wohnung/via-morena-7-6900-lugano/85626600/,2026-05-17T01:47:56+00:00,35.0
85626645,"Via Morena 7, 6900 Lugano - CHF 1’250",1250,1.5,38.0,6900,Lugano,Ticino,Via Morena 7,FURNISHED_FLAT,46.01058473,8.9377186,https://flatfox.ch/de/wohnung/via-morena-7-6900-lugano/85626645/,2026-05-17T01:47:56+00:00,32.89473684210526
85626861,3426 Aefligen - CHF 3’125 inkl. NK pro Monat,3125,5.0,200.0,3426,Aefligen,Bern,,FURNISHED_FLAT,47.09517318859288,7.548743009826599,https://flatfox.ch/de/wohnung/3426-aefligen/85626861/,2026-05-17T01:47:56+00:00,15.625
85626864,"Im Steinenmüller 1, 4142 Münchenstein - CHF 1’520 inkl. NK pro Monat",1520,3.0,70.0,4142,Münchenstein,Basel-Landschaft,Im Steinenmüller 1,APARTMENT,47.52381235,7.61120045,https://flatfox.ch/de/wohnung/im-steinenmuller-1-4142-munchenstein/85626864/,2026-05-17T01:47:56+00:00,21.714285714285715
85626939,"Wehntalerstrasse 200, 8105 Regensdorf - CHF 1’855 inkl. NK pro Monat",1855,2.5,82.0,8105,Regensdorf,Zurich,Wehntalerstrasse 200,APARTMENT,47.4444524,8.467202499999999,https://flatfox.ch/de/wohnung/wehntalerstrasse-200-8105-regensdorf/85626939/,2026-05-17T01:47:56+00:00,22.621951219512194
85627086,"Ch. des Roches 10, 1009 Pully - CHF 2’130 inkl. NK pro Monat",2130,3.5,77.0,1009,Pully,Vaud,Ch. des Roches 10,APARTMENT,46.51012267,6.666418900000002,https://flatfox.ch/de/wohnung/ch-des-roches-10-1009-pully/85627086/,2026-05-17T01:47:56+00:00,27.662337662337663
85627152,"Heidenlochstrasse 82, 4410 Liestal - CHF 1’490 inkl. NK pro Monat",1490,2.0,47.0,4410,Liestal,Basel-Landschaft,Heidenlochstrasse 82,APARTMENT,47.48142286,7.7493077,https://flatfox.ch/de/wohnung/heidenlochstrasse-82-4410-liestal/85627152/,2026-05-17T01:47:56+00:00,31.70212765957447
85627179,"St.Jakobstr. 62, 4147 Aesch - CHF 1’860 inkl. NK pro Monat",1860,3.0,76.0,4147,Aesch,Basel-Landschaft,St.Jakobstr. 62,APARTMENT,47.47974361,7.598168299999999,https://flatfox.ch/de/wohnung/stjakobstr-62-4147-aesch/85627179/,2026-05-17T01:47:56+00:00,24.473684210526315
85627233,"Rue Viollier 4, 1207 Genève - CHF 4’450 inkl. NK pro Monat",4450,5.0,117.0,1207,Genève,Geneva,Rue Viollier 4,APARTMENT,46.20172664,6.16364927,https://flatfox.ch/de/wohnung/rue-viollier-4-1207-geneve/85627233/,2026-05-17T01:47:56+00:00,38.034188034188034
85627478,"Route des Echervettes 45, 1680 Romont - CHF 2’670 inkl. NK pro Monat",2670,4.5,151.0,1680,Romont,Fribourg,Route des Echervettes 45,APARTMENT,46.68883683,6.90833291,https://flatfox.ch/de/wohnung/route-des-echervettes-45-1680-romont/85627478/,2026-05-17T01:47:58+00:00,17.68211920529801
85627759,"Via Lugano 35, 6500 Bellinzona - CHF 1’490",1490,2.0,50.0,6500,Bellinzona,Ticino,Via Lugano 35,APARTMENT,46.18388132,9.01840352,https://flatfox.ch/de/wohnung/via-lugano-35-6500-bellinzona/85627759/,2026-05-17T01:47:58+00:00,29.8
85627856,"Oberer Höhenweg 11, 8266 Steckborn - CHF 930",930,1.0,140.0,8266,Steckborn,Thurgau,Oberer Höhenweg 11,SINGLE_ROOM,47.66145591,8.9860009,https://flatfox.ch/de/wohnung/oberer-hohenweg-11-8266-steckborn/85627856/,2026-05-17T01:47:58+00:00,6.642857142857143
85628031,"Kranichweg 2, 3074 Muri b. Bern - CHF 1’890 inkl. NK pro Monat",1890,3.5,82.0,3074,Muri b. Bern,Bern,Kranichweg 2,APARTMENT,46.93495233,7.490401200000002,https://flatfox.ch/de/wohnung/kranichweg-2-3074-muri-b-bern/85628031/,2026-05-17T01:47:58+00:00,23.048780487804876
85628418,"Rue des Cimes 7, 1023 Crissier - CHF 1’830 inkl. NK pro Monat",1830,2.5,59.0,1023,Crissier,Vaud,Rue des Cimes 7,APARTMENT,46.54744385,6.58318164,https://flatfox.ch/de/wohnung/rue-des-cimes-7-1023-crissier/85628418/,2026-05-17T01:47:58+00:00,31.016949152542374
85628537,"Chemin des Roches 34, 1066 Epalinges - CHF 2’210 inkl. NK pro Monat",2210,3.0,77.0,1066,Epalinges,Vaud,Chemin des Roches 34,APARTMENT,46.543183,6.658546599999999,https://flatfox.ch/de/wohnung/chemin-des-roches-34-1066-epalinges/85628537/,2026-05-17T01:47:58+00:00,28.7012987012987
85630186,"Badenerstrasse 59, 8952 Schlieren - CHF 2’180 inkl. NK pro Monat",2180,2.5,64.0,8952,Schlieren,Zurich,Badenerstrasse 59,APARTMENT,47.39664991,8.43667615,https://flatfox.ch/de/wohnung/badenerstrasse-59-8952-schlieren/85630186/,2026-05-17T01:47:58+00:00,34.0625
85630188,"Badenerstrasse 55c, 8952 Schlieren - CHF 2’800 inkl. NK pro Monat",2800,3.5,85.0,8952,Schlieren,Zurich,Badenerstrasse 55c,APARTMENT,47.39617779,8.43783831,https://flatfox.ch/de/wohnung/badenerstrasse-55c-8952-schlieren/85630188/,2026-05-17T01:47:58+00:00,32.94117647058823
85630191,"Badenerstrasse 55a, 8952 Schlieren - CHF 3’480 inkl. NK pro Monat",3480,4.5,112.0,8952,Schlieren,Zurich,Badenerstrasse 55a,APARTMENT,47.396083300000015,8.438011,https://flatfox.ch/de/wohnung/badenerstrasse-55a-8952-schlieren/85630191/,2026-05-17T01:47:58+00:00,31.071428571428573
85630225,"Schafmattweg 87, 4102 Binningen - CHF 2’095 inkl. NK pro Monat",2095,3.5,83.0,4102,Binningen,Basel-Landschaft,Schafmattweg 87,APARTMENT,47.52884497,7.57144869,https://flatfox.ch/de/wohnung/schafmattweg-87-4102-binningen/85630225/,2026-05-17T01:47:58+00:00,25.240963855421686
85630661,"Mettstrasse 125a, 2500 Biel/Bienne - CHF 1’670 inkl. NK pro Monat",1670,4.5,78.0,2500,Biel/Bienne,Bern,Mettstrasse 125a,APARTMENT,47.14325958,7.270843900000002,https://flatfox.ch/de/wohnung/mettstrasse-125a-2500-bielbienne/85630661/,2026-05-17T01:48:01+00:00,21.41025641025641
85630830,"Rue des Cerisiers 32, 2000 Neuchâtel - CHF 1’900 inkl. NK pro Monat",1900,3.5,70.0,2000,Neuchâtel,Neuchâtel,Rue des Cerisiers 32,APARTMENT,47.01015644,6.96180112,https://flatfox.ch/de/wohnung/rue-des-cerisiers-32-2000-neuchatel/85630830/,2026-05-17T01:48:01+00:00,27.142857142857142
85630965,"Avenue de la Gare 19F, 1180 Rolle - CHF 2’630",2630,3.0,80.0,1180,Rolle,Vaud,Avenue de la Gare 19F,APARTMENT,46.46081564,6.33782676,https://flatfox.ch/de/wohnung/avenue-de-la-gare-19f-1180-rolle/85630965/,2026-05-17T01:48:01+00:00,32.875
85631510,"Rue des Parcs 46, 2000 Neuchâtel - CHF 1’480 inkl. NK pro Monat",1480,2.5,59.0,2000,Neuchâtel,Neuchâtel,Rue des Parcs 46,APARTMENT,46.99266345,6.920092800000001,https://flatfox.ch/de/wohnung/rue-des-parcs-46-2000-neuchatel/85631510/,2026-05-17T01:48:01+00:00,25.084745762711865
85631633,"Ruchholzstrasse 26, 4103 Bottmingen - CHF 3’200",3200,4.5,114.0,4103,Bottmingen,Basel-Landschaft,Ruchholzstrasse 26,APARTMENT,47.52430636,7.574704400000002,https://flatfox.ch/de/wohnung/ruchholzstrasse-26-4103-bottmingen/85631633/,2026-05-17T01:48:01+00:00,28.07017543859649
85631950,"Moosbühlstrasse 37, 3302 Moosseedorf - CHF 1’870 inkl. NK pro Monat",1870,3.5,89.0,3302,Moosseedorf,Bern,Moosbühlstrasse 37,APARTMENT,47.0159556,7.486333600000002,https://flatfox.ch/de/wohnung/moosbuhlstrasse-37-3302-moosseedorf/85631950/,2026-05-17T01:48:01+00:00,21.01123595505618
85631951,"Moosbühlstrasse 37, 3302 Moosseedorf - CHF 2’120 inkl. NK pro Monat",2120,4.5,103.0,3302,Moosseedorf,Bern,Moosbühlstrasse 37,APARTMENT,47.0159556,7.486333600000002,https://flatfox.ch/de/wohnung/moosbuhlstrasse-37-3302-moosseedorf/85631951/,2026-05-17T01:48:01+00:00,20.58252427184466
85634073,"Sporgasse 1A, 9472 Grabs - CHF 1’635 inkl. NK pro Monat",1635,2.5,95.0,9472,Grabs,St. Gallen,Sporgasse 1A,APARTMENT,47.18187145,9.4447904,https://flatfox.ch/de/wohnung/sporgasse-1a-9472-grabs/85634073/,2026-05-17T01:48:01+00:00,17.210526315789473
85634335,"Ch. Annevelle 10, 1213 Petit-Lancy - CHF 3’480 inkl. NK pro Monat",3480,4.0,103.0,1213,Petit-Lancy,Geneva,Ch. Annevelle 10,APARTMENT,46.19308441,6.12141345,https://flatfox.ch/de/wohnung/ch-annevelle-10-1213-petit-lancy/85634335/,2026-05-17T01:48:01+00:00,33.786407766990294
85634380,"Avenue Nestlé 21, 1800 Vevey - CHF 1’915 inkl. NK pro Monat",1915,3.0,70.0,1800,Vevey,Vaud,Avenue Nestlé 21,APARTMENT,46.4634975,6.837454999999999,https://flatfox.ch/de/wohnung/avenue-nestle-21-1800-vevey/85634380/,2026-05-17T01:48:01+00:00,27.357142857142858
85634430,"Haus C1: Zentrumweg 6, 4562 Biberist - CHF 1’790 inkl. NK pro Monat",1790,3.5,81.0,4562,Biberist,Solothurn,Haus C1: Zentrumweg 6,APARTMENT,47.1828163,7.5634476,https://flatfox.ch/de/wohnung/haus-c1-zentrumweg-6-4562-biberist/85634430/,2026-05-17T01:48:01+00:00,22.098765432098766
85634542,"Bärengässli 1, 5610 Wohlen - CHF 1’900 inkl. NK pro Monat",1900,3.5,60.0,5610,Wohlen,Aargau,Bärengässli 1,APARTMENT,47.34992745,8.27661877,https://flatfox.ch/de/wohnung/barengassli-1-5610-wohlen/85634542/,2026-05-17T01:48:01+00:00,31.666666666666668
85634682,"Tanne 7, 8200 Schaffhausen - CHF 3’540",3540,4.5,185.0,8200,Schaffhausen,Schaffhausen,Tanne 7,DUPLEX,47.69623521,8.63302249,https://flatfox.ch/de/wohnung/tanne-7-8200-schaffhausen/85634682/,2026-05-17T01:48:01+00:00,19.135135135135137
85634852,"Tulpenstrasse 17, 9200 Gossau SG - CHF 1’660 inkl. NK pro Monat",1660,3.5,65.0,9200,Gossau SG,St. Gallen,Tulpenstrasse 17,APARTMENT,47.42116544,9.24588475,https://flatfox.ch/de/wohnung/tulpenstrasse-17-9200-gossau-sg/85634852/,2026-05-17T01:48:01+00:00,25.53846153846154
85634862,"Bibernbachstrasse 2, 4573 Lohn-Ammannsegg - CHF 3’400 inkl. NK pro Monat",3400,4.5,166.0,4573,Lohn-Ammannsegg,Solothurn,Bibernbachstrasse 2,APARTMENT,47.16269492,7.5274189,https://flatfox.ch/de/wohnung/bibernbachstrasse-2-4573-lohn-ammannsegg/85634862/,2026-05-17T01:48:01+00:00,20.481927710843372
85634925,"Heilbronnerstrasse 9A, 4500 Solothurn - CHF 1’040 inkl. NK pro Monat",1040,1.5,40.0,4500,Solothurn,Solothurn,Heilbronnerstrasse 9A,APARTMENT,47.20846629,7.527684199999999,https://flatfox.ch/de/wohnung/heilbronnerstrasse-9a-4500-solothurn/85634925/,2026-05-17T01:48:01+00:00,26.0
85634940,6900 Lugano - CHF 1’390,1390,2.5,42.0,6900,Lugano,Ticino,,APARTMENT,46.00942903196543,8.950723136860441,https://flatfox.ch/de/wohnung/6900-lugano/85634940/,2026-05-17T01:48:01+00:00,33.095238095238095
85634959,"Chemin de la Place d'Armes, 1423 Villars-Burquin - CHF 2’350 inkl. NK pro Monat",2350,4.5,136.0,1423,Villars-Burquin,Vaud,Chemin de la Place d'Armes,APARTMENT,46.846164,6.626705899999999,https://flatfox.ch/de/wohnung/chemin-de-la-place-darmes-1423-villars-burquin/85634959/,2026-05-17T01:48:03+00:00,17.279411764705884
85635424,"Rue des Frères-Lumière 8, 1723 Marly - CHF 2’010 inkl. NK pro Monat",2010,3.5,94.0,1723,Marly,Fribourg,Rue des Frères-Lumière 8,APARTMENT,46.77498788,7.15305722,https://flatfox.ch/de/wohnung/rue-des-freres-lumiere-8-1723-marly/85635424/,2026-05-17T01:48:03+00:00,21.382978723404257
85635441,"Rue d''Estuey 13, 1163 Etoy - CHF 1’560 inkl. NK pro Monat",1560,2.5,81.0,1163,Etoy,Vaud,Rue d''Estuey 13,APARTMENT,46.48768861,6.41937795,https://flatfox.ch/de/wohnung/rue-destuey-13-1163-etoy/85635441/,2026-05-17T01:48:03+00:00,19.25925925925926
85635516,"Allée Charles-Edouard-Guillaume 6, 1723 Marly - CHF 2’330 inkl. NK pro Monat",2330,4.5,93.0,1723,Marly,Fribourg,Allée Charles-Edouard-Guillaume 6,APARTMENT,46.77544711,7.15562353,https://flatfox.ch/de/wohnung/allee-charles-edouard-guillaume-6-1723-marly/85635516/,2026-05-17T01:48:03+00:00,25.053763440860216
85635543,"Allée Charles-Edouard-Guillaume 6, 1723 Marly - CHF 3’690 inkl. NK pro Monat",3690,5.5,127.0,1723,Marly,Fribourg,Allée Charles-Edouard-Guillaume 6,APARTMENT,46.77544711,7.15562353,https://flatfox.ch/de/wohnung/allee-charles-edouard-guillaume-6-1723-marly/85635543/,2026-05-17T01:48:03+00:00,29.055118110236222
85635924,"Ch. du Bochet 12a, 1196 Gland - CHF 2’080 inkl. NK pro Monat",2080,3.5,77.0,1196,Gland,Vaud,Ch. du Bochet 12a,APARTMENT,46.41523369999999,6.27600312,https://flatfox.ch/de/wohnung/ch-du-bochet-12a-1196-gland/85635924/,2026-05-17T01:48:03+00:00,27.01298701298701
85636015,"Rue Daniel-Jeanrichard 33, 2400 Le Locle - CHF 1’090",1090,5.0,110.0,2400,Le Locle,Neuchâtel,Rue Daniel-Jeanrichard 33,APARTMENT,47.05697911,6.748306299999999,https://flatfox.ch/de/wohnung/rue-daniel-jeanrichard-33-2400-le-locle/85636015/,2026-05-17T01:48:03+00:00,9.909090909090908
85636676,"Langegasse 129, 4104 Oberwil BL - CHF 2’440 inkl. NK pro Monat",2440,3.5,88.0,4104,Oberwil BL,Basel-Landschaft,Langegasse 129,APARTMENT,47.50813249999999,7.5607251999999985,https://flatfox.ch/de/wohnung/langegasse-129-4104-oberwil-bl/85636676/,2026-05-17T01:48:03+00:00,27.727272727272727
85636678,"Via Tesserete 3, 6900 Massagno - CHF 2’150",2150,4.5,105.0,6900,Massagno,Ticino,Via Tesserete 3,APARTMENT,46.01052241,8.946880499999999,https://flatfox.ch/de/wohnung/via-tesserete-3-6900-massagno/85636678/,2026-05-17T01:48:03+00:00,20.476190476190474
85636997,"Avenue du Tribunal-Fédéral 21, 1005 Lausanne - CHF 4’250 inkl. NK pro Monat",4250,6.0,169.0,1005,Lausanne,Vaud,Avenue du Tribunal-Fédéral 21,APARTMENT,46.5203433,6.64071611,https://flatfox.ch/de/wohnung/avenue-du-tribunal-federal-21-1005-lausanne/85636997/,2026-05-17T01:48:03+00:00,25.14792899408284
85637054,"Unterdorfstrasse 11, 8442 Hettlingen - CHF 2’980 inkl. NK pro Monat",2980,4.5,149.0,8442,Hettlingen,Zurich,Unterdorfstrasse 11,ROOF_FLAT,47.54488716,8.70740261,https://flatfox.ch/de/wohnung/unterdorfstrasse-11-8442-hettlingen/85637054/,2026-05-17T01:48:04+00:00,20.0
85637163,"Chemin General-Castella 2, 1630 Bulle - CHF 2’119 inkl. NK pro Monat",2119,4.5,114.0,1630,Bulle,Fribourg,Chemin General-Castella 2,APARTMENT,46.62361899,7.0647963,https://flatfox.ch/de/wohnung/chemin-general-castella-2-1630-bulle/85637163/,2026-05-17T01:48:04+00:00,18.587719298245613
85637223,"A Pully, 1009 Pully - CHF 3’250",3250,4.5,105.0,1009,Pully,Vaud,A Pully,APARTMENT,46.50361474,6.66298085,https://flatfox.ch/de/wohnung/a-pully-1009-pully/85637223/,2026-05-17T01:48:04+00:00,30.952380952380953
85637371,"Mitteldorfstrasse 72, 5033 Buchs AG - CHF 2’480 inkl. NK pro Monat",2480,4.5,121.0,5033,Buchs AG,Aargau,Mitteldorfstrasse 72,DUPLEX,47.38881597,8.07257444,https://flatfox.ch/de/wohnung/mitteldorfstrasse-72-5033-buchs-ag/85637371/,2026-05-17T01:48:04+00:00,20.49586776859504
85637657,"Viale Attilio Tarchini 13, 6828 Balerna - CHF 1’600",1600,3.5,80.0,6828,Balerna,Ticino,Viale Attilio Tarchini 13,APARTMENT,45.84575961,9.00265361,https://flatfox.ch/de/wohnung/viale-attilio-tarchini-13-6828-balerna/85637657/,2026-05-17T01:48:04+00:00,20.0
85637805,"Avenue du Tribunal-Fédéral 36, 1005 Lausanne - CHF 1’615 inkl. NK pro Monat",1615,2.0,52.0,1005,Lausanne,Vaud,Avenue du Tribunal-Fédéral 36,APARTMENT,46.51792071,6.64544736,https://flatfox.ch/de/wohnung/avenue-du-tribunal-federal-36-1005-lausanne/85637805/,2026-05-17T01:48:04+00:00,31.057692307692307
85638544,"Avenue de Cour 92, 1007 Lausanne - CHF 3’960 inkl. NK pro Monat",3960,4.5,114.0,1007,Lausanne,Vaud,Avenue de Cour 92,DUPLEX,46.51659451,6.61288147,https://flatfox.ch/de/wohnung/avenue-de-cour-92-1007-lausanne/85638544/,2026-05-17T01:48:04+00:00,34.73684210526316
85638547,"Unterer Quai 43, 2502 Biel - CHF 1’980",1980,2.5,75.0,2502,Biel,Bern,Unterer Quai 43,ROOF_FLAT,47.13672945,7.2451719,https://flatfox.ch/de/wohnung/unterer-quai-43-2502-biel/85638547/,2026-05-17T01:48:04+00:00,26.4
85638631,"Rickenstrasse 89, 8646 Wagen - CHF 2’200",2200,3.5,88.0,8646,Wagen,St. Gallen,Rickenstrasse 89,ROOF_FLAT,47.23137292,8.89036842,https://flatfox.ch/de/wohnung/rickenstrasse-89-8646-wagen/85638631/,2026-05-17T01:48:04+00:00,25.0
85638640,"Leigrüppenstrasse 1, 8932 Mettmenstetten - CHF 2’180 inkl. NK pro Monat",2180,4.5,89.0,8932,Mettmenstetten,Zurich,Leigrüppenstrasse 1,APARTMENT,47.24681866,8.46858328,https://flatfox.ch/de/wohnung/leigruppenstrasse-1-8932-mettmenstetten/85638640/,2026-05-17T01:48:04+00:00,24.49438202247191
85638677,"Unterführungsstrasse 40, 4600 Olten - CHF 1’200 inkl. NK pro Monat",1200,2.0,43.0,4600,Olten,Solothurn,Unterführungsstrasse 40,APARTMENT,47.34930911,7.910708199999998,https://flatfox.ch/de/wohnung/unterfuhrungsstrasse-40-4600-olten/85638677/,2026-05-17T01:48:04+00:00,27.906976744186046
85639156,"Haini-Rennhas-Strasse 17, 9403 Goldach - CHF 1’310 inkl. NK pro Monat",1310,3.5,71.0,9403,Goldach,St. Gallen,Haini-Rennhas-Strasse 17,APARTMENT,47.47893021,9.46211616,https://flatfox.ch/de/wohnung/haini-rennhas-strasse-17-9403-goldach/85639156/,2026-05-17T01:48:04+00:00,18.450704225352112
85639200,"Rebhaldenstrasse 6, 9320 Arbon - CHF 2’247 inkl. NK pro Monat",2247,3.5,105.0,9320,Arbon,Thurgau,Rebhaldenstrasse 6,APARTMENT,47.51303366,9.43241848,https://flatfox.ch/de/wohnung/rebhaldenstrasse-6-9320-arbon/85639200/,2026-05-17T01:48:04+00:00,21.4
85639216,"Grenzstrasse 18 (Haus H), 2558 Aegerten - CHF 2’510 inkl. NK pro Monat",2510,4.5,120.0,2558,Aegerten,Bern,Grenzstrasse 18 (Haus H),APARTMENT,47.11936878,7.294985800000001,https://flatfox.ch/de/wohnung/grenzstrasse-18-haus-h-2558-aegerten/85639216/,2026-05-17T01:48:04+00:00,20.916666666666668
85639281,"Spittelhofring 16, 4665 Oftringen - CHF 2’140 inkl. NK pro Monat",2140,4.5,114.0,4665,Oftringen,Aargau,Spittelhofring 16,APARTMENT,47.30365789,7.933376,https://flatfox.ch/de/wohnung/spittelhofring-16-4665-oftringen/85639281/,2026-05-17T01:48:04+00:00,18.771929824561404
85639603,"Gartenweg 18, 4310 Rheinfelden - CHF 1’890 inkl. NK pro Monat",1890,4.5,90.0,4310,Rheinfelden,Aargau,Gartenweg 18,APARTMENT,47.553307900000014,7.79768421,https://flatfox.ch/de/wohnung/gartenweg-18-4310-rheinfelden/85639603/,2026-05-17T01:48:04+00:00,21.0
85639607,"Hardmattengut 4, 4802 Strengelbach - CHF 1’690 inkl. NK pro Monat",1690,3.5,91.0,4802,Strengelbach,Aargau,Hardmattengut 4,APARTMENT,47.2819128,7.9254931,https://flatfox.ch/de/wohnung/hardmattengut-4-4802-strengelbach/85639607/,2026-05-17T01:48:04+00:00,18.571428571428573
85639621,"Fanenrietstrasse 1, 7320 Sargans - CHF 2’695 inkl. NK pro Monat",2695,4.5,122.0,7320,Sargans,St. Gallen,Fanenrietstrasse 1,ATTIC_FLAT,47.05628664,9.4506768,https://flatfox.ch/de/wohnung/fanenrietstrasse-1-7320-sargans/85639621/,2026-05-17T01:48:04+00:00,22.09016393442623
85639636,"Löwengartenstrasse 12, 9400 Rorschach - CHF 1’390 inkl. NK pro Monat",1390,1.0,49.0,9400,Rorschach,St. Gallen,Löwengartenstrasse 12,LOFT,47.4775931,9.4830792,https://flatfox.ch/de/wohnung/lowengartenstrasse-12-9400-rorschach/85639636/,2026-05-17T01:48:04+00:00,28.367346938775512
85639884,"Wylerringstrasse 39, 3014 Bern - CHF 1’771 inkl. NK pro Monat",1771,2.5,53.0,3014,Bern,Bern,Wylerringstrasse 39,APARTMENT,46.96291047,7.45015648,https://flatfox.ch/de/wohnung/wylerringstrasse-39-3014-bern/85639884/,2026-05-17T01:48:06+00:00,33.41509433962264
85639994,"Neuhofstrasse 3, 5080 Laufenburg - CHF 1’740 inkl. NK pro Monat",1740,3.5,76.0,5080,Laufenburg,Aargau,Neuhofstrasse 3,APARTMENT,47.55746989,8.06292565,https://flatfox.ch/de/wohnung/neuhofstrasse-3-5080-laufenburg/85639994/,2026-05-17T01:48:06+00:00,22.894736842105264
85640069,"Stegmätteli 1, 3177 Laupen - CHF 1’615 inkl. NK pro Monat",1615,2.5,70.0,3177,Laupen,Bern,Stegmätteli 1,APARTMENT,46.89897636,7.238689099999999,https://flatfox.ch/de/wohnung/stegmatteli-1-3177-laupen/85640069/,2026-05-17T01:48:06+00:00,23.071428571428573
85641584,"Schützenstrasse 9, 8212 Neuhausen am Rheinfall - CHF 1’260",1260,3.5,71.0,8212,Neuhausen am Rheinfall,Schaffhausen,Schützenstrasse 9,APARTMENT,47.68030352,8.606554899999999,https://flatfox.ch/de/wohnung/schutzenstrasse-9-8212-neuhausen-am-rheinfall/85641584/,2026-05-17T01:48:06+00:00,17.746478873239436
85641703,"Piazza Giuseppe Motta 1, 6612 Ascona - CHF 1’675",1675,1.0,35.0,6612,Ascona,Ticino,Piazza Giuseppe Motta 1,APARTMENT,46.15493217,8.766921199999999,https://flatfox.ch/de/wohnung/piazza-giuseppe-motta-1-6612-ascona/85641703/,2026-05-17T01:48:06+00:00,47.857142857142854
85642976,"Rue de la Côte 34, 2400 Le Locle - CHF 1’150 inkl. NK pro Monat",1150,2.5,62.0,2400,Le Locle,Neuchâtel,Rue de la Côte 34,APARTMENT,47.05650645,6.743920000000002,https://flatfox.ch/de/wohnung/rue-de-la-cote-34-2400-le-locle/85642976/,2026-05-17T01:48:06+00:00,18.548387096774192
85643979,"Altes Posthaus, Hauptstrasse 93, 6182 Escholzmatt - CHF 1’350",1350,3.5,90.0,6182,Escholzmatt,Lucerne,"Altes Posthaus, Hauptstrasse 93",APARTMENT,46.91470548,7.93531264,https://flatfox.ch/de/wohnung/altes-posthaus-hauptstrasse-93-6182-escholzmatt/85643979/,2026-05-17T01:48:06+00:00,15.0
85644219,"Jonchères 39, 2610 St-Imier - CHF 970",970,3.5,75.0,2610,St-Imier,Bern,Jonchères 39,APARTMENT,47.15088186,6.995061499999999,https://flatfox.ch/de/wohnung/joncheres-39-2610-st-imier/85644219/,2026-05-17T01:48:06+00:00,12.933333333333334
85644220,"Jonchères 39, 2610 St-Imier - CHF 970 inkl. NK pro Monat",970,3.5,75.0,2610,St-Imier,Bern,Jonchères 39,APARTMENT,47.15088186,6.995061499999999,https://flatfox.ch/de/wohnung/joncheres-39-2610-st-imier/85644220/,2026-05-17T01:48:06+00:00,12.933333333333334
85644470,"Hauptstrasse 33c, 8580 Sommeri - CHF 3’400",3400,1.0,320.0,8580,Sommeri,Thurgau,Hauptstrasse 33c,APARTMENT,47.56757258,9.28752166,https://flatfox.ch/de/wohnung/hauptstrasse-33c-8580-sommeri/85644470/,2026-05-17T01:48:06+00:00,10.625
85644716,"Chemin General-Castella 2, 1630 Bulle - CHF 3’151 inkl. NK pro Monat",3151,5.5,154.0,1630,Bulle,Fribourg,Chemin General-Castella 2,APARTMENT,46.62361899,7.0647963,https://flatfox.ch/de/wohnung/chemin-general-castella-2-1630-bulle/85644716/,2026-05-17T01:48:06+00:00,20.461038961038962
85644779,"Büelstrasse 1, 8132 Egg b. Zürich - CHF 4’500 inkl. NK pro Monat",4500,5.5,212.0,8132,Egg b. Zürich,Zurich,Büelstrasse 1,ATTIC_FLAT,47.30325525,8.68846361,https://flatfox.ch/de/wohnung/buelstrasse-1-8132-egg-b-zurich/85644779/,2026-05-17T01:48:06+00:00,21.22641509433962
85645101,"Sevogelstrasse 58, 4052 Basel - CHF 4’275 inkl. NK pro Monat",4275,4.5,157.0,4052,Basel,Basel-Stadt,Sevogelstrasse 58,APARTMENT,47.55018886,7.60293319,https://flatfox.ch/de/wohnung/sevogelstrasse-58-4052-basel/85645101/,2026-05-17T01:48:06+00:00,27.229299363057326
85645613,"Pilatusstrasse 38, 8330 Pfäffikon - CHF 2’875 inkl. NK pro Monat",2875,4.5,122.0,8330,Pfäffikon,Zurich,Pilatusstrasse 38,DUPLEX,47.3637295,8.783891,https://flatfox.ch/de/wohnung/pilatusstrasse-38-8330-pfaffikon/85645613/,2026-05-17T01:48:07+00:00,23.565573770491802
85645700,1252 Meinier - CHF 2’874 inkl. NK pro Monat,2874,4.0,80.0,1252,Meinier,Geneva,,FURNISHED_FLAT,46.24557108400352,6.234093020284599,https://flatfox.ch/de/wohnung/1252-meinier/85645700/,2026-05-17T01:48:07+00:00,35.925
85645952,"Bruggereggstrasse 15, 9100 Herisau - CHF 1’809 inkl. NK pro Monat",1809,5.5,115.0,9100,Herisau,Appenzell Ausserrhoden,Bruggereggstrasse 15,APARTMENT,47.37776,9.2650115,https://flatfox.ch/de/wohnung/bruggereggstrasse-15-9100-herisau/85645952/,2026-05-17T01:48:07+00:00,15.730434782608695
85646678,"Corso San Gottardo 74, 6830 Chiasso - CHF 890",890,2.5,50.0,6830,Chiasso,Ticino,Corso San Gottardo 74,APARTMENT,45.83606589,9.02640397,https://flatfox.ch/de/wohnung/corso-san-gottardo-74-6830-chiasso/85646678/,2026-05-17T01:48:07+00:00,17.8
85646711,6390 Engelberg - CHF 2’600 inkl. NK pro Monat,2600,2.0,73.0,6390,Engelberg,Obwalden,,APARTMENT,46.80512194451106,8.444618641032529,https://flatfox.ch/de/wohnung/6390-engelberg/85646711/,2026-05-17T01:48:07+00:00,35.61643835616438
85646839,"Rue du Closel 28, 2074 Marin - CHF 1’630 inkl. NK pro Monat",1630,3.5,78.0,2074,Marin,Neuchâtel,Rue du Closel 28,APARTMENT,47.00824188,7.00946748,https://flatfox.ch/de/wohnung/rue-du-closel-28-2074-marin/85646839/,2026-05-17T01:48:07+00:00,20.897435897435898
85647382,"Sportweg 20, 3097 Liebefeld - CHF 1’400 inkl. NK pro Monat",1400,3.0,73.0,3097,Liebefeld,Bern,Sportweg 20,APARTMENT,46.93216377,7.4174779,https://flatfox.ch/de/wohnung/sportweg-20-3097-liebefeld/85647382/,2026-05-17T01:48:07+00:00,19.17808219178082
85647715,"via Gen. E. Guisan 21a, 6830 Chiasso - CHF 1’010",1010,3.5,63.0,6830,Chiasso,Ticino,via Gen. E. Guisan 21a,APARTMENT,45.83302854,9.02078199,https://flatfox.ch/de/wohnung/via-gen-e-guisan-21a-6830-chiasso/85647715/,2026-05-17T01:48:07+00:00,16.03174603174603
85647927,"Braunauerstrasse 2a, Haus B, 9512 Rossrüti - CHF 1’790 inkl. NK pro Monat",1790,3.5,72.0,9512,Rossrüti,St. Gallen,"Braunauerstrasse 2a, Haus B",APARTMENT,47.47456218,9.06170242,https://flatfox.ch/de/wohnung/braunauerstrasse-2a-haus-b-9512-rossruti/85647927/,2026-05-17T01:48:07+00:00,24.86111111111111
85647928,"Klybeckstrasse 190, 4057 Basel - CHF 2’395 inkl. NK pro Monat",2395,3.0,84.0,4057,Basel,Basel-Stadt,Klybeckstrasse 190,APARTMENT,47.57159791,7.590549500000002,https://flatfox.ch/de/wohnung/klybeckstrasse-190-4057-basel/85647928/,2026-05-17T01:48:07+00:00,28.511904761904763
85647929,"Klybeckstrasse 190, 4057 Basel - CHF 1’490 inkl. NK pro Monat",1490,2.5,45.0,4057,Basel,Basel-Stadt,Klybeckstrasse 190,APARTMENT,47.57159791,7.590549500000002,https://flatfox.ch/de/wohnung/klybeckstrasse-190-4057-basel/85647929/,2026-05-17T01:48:07+00:00,33.111111111111114
85647930,"Klybeckstrasse 190, 4057 Basel - CHF 2’390 inkl. NK pro Monat",2390,3.0,84.0,4057,Basel,Basel-Stadt,Klybeckstrasse 190,APARTMENT,47.57159791,7.590549500000002,https://flatfox.ch/de/wohnung/klybeckstrasse-190-4057-basel/85647930/,2026-05-17T01:48:07+00:00,28.452380952380953
85648660,"Dorfstrasse 16, 4612 Wangen bei Olten - CHF 850",850,1.5,42.0,4612,Wangen bei Olten,Solothurn,Dorfstrasse 16,APARTMENT,47.34179142,7.86397059,https://flatfox.ch/de/wohnung/dorfstrasse-16-4612-wangen-bei-olten/85648660/,2026-05-17T01:48:07+00:00,20.238095238095237
85648921,"Seestrasse 48, 8942 Oberrieden - CHF 2’790 inkl. NK pro Monat",2790,3.0,64.0,8942,Oberrieden,Zurich,Seestrasse 48,APARTMENT,47.27598752,8.58143045,https://flatfox.ch/de/wohnung/seestrasse-48-8942-oberrieden/85648921/,2026-05-17T01:48:07+00:00,43.59375
85648933,"Jurastrasse 33, 3372 Wanzwil - CHF 1’260 inkl. NK pro Monat",1260,3.5,73.0,3372,Wanzwil,Bern,Jurastrasse 33,APARTMENT,47.20214761,7.691108499999999,https://flatfox.ch/de/wohnung/jurastrasse-33-3372-wanzwil/85648933/,2026-05-17T01:48:07+00:00,17.26027397260274
85649886,"Bruch 2, 8750 Riedern - CHF 1’050",1050,2.0,68.0,8750,Riedern,Glarus,Bruch 2,APARTMENT,47.05017732,9.0492495,https://flatfox.ch/de/wohnung/bruch-2-8750-riedern/85649886/,2026-05-17T01:48:07+00:00,15.441176470588236
85650943,"Ebenrainweg 7, 4450 Sissach - CHF 1’840 inkl. NK pro Monat",1840,4.5,94.0,4450,Sissach,Basel-Landschaft,Ebenrainweg 7,APARTMENT,47.46147148,7.80689453,https://flatfox.ch/de/wohnung/ebenrainweg-7-4450-sissach/85650943/,2026-05-17T01:48:10+00:00,19.574468085106382
85651753,"route de Courtemblin 31, 2950 Courtemautruy - CHF 895",895,2.0,44.0,2950,Courtemautruy,Jura,route de Courtemblin 31,APARTMENT,47.40411371,7.12960096,https://flatfox.ch/de/wohnung/route-de-courtemblin-31-2950-courtemautruy/85651753/,2026-05-17T01:48:10+00:00,20.34090909090909
85653551,"Badenerstrasse 434, 8004 Zürich - CHF 3’190 inkl. NK pro Monat",3190,2.5,92.0,8004,Zürich,Zurich,Badenerstrasse 434,APARTMENT,47.38060453,8.5055632,https://flatfox.ch/de/wohnung/badenerstrasse-434-8004-zurich/85653551/,2026-05-17T01:48:10+00:00,34.67391304347826
85653800,"Rue du Temple 29, 2400 Le Locle - CHF 1’450",1450,4.5,100.0,2400,Le Locle,Neuchâtel,Rue du Temple 29,APARTMENT,47.05664451,6.74703176,https://flatfox.ch/de/wohnung/rue-du-temple-29-2400-le-locle/85653800/,2026-05-17T01:48:10+00:00,14.5
85653813,"Neuwiesenstr. 16, 8400 Winterthur - CHF 1’850 inkl. NK pro Monat",1850,3.0,67.0,8400,Winterthur,Zurich,Neuwiesenstr. 16,APARTMENT,47.50191981,8.72114871,https://flatfox.ch/de/wohnung/neuwiesenstr-16-8400-winterthur/85653813/,2026-05-17T01:48:10+00:00,27.611940298507463
85653949,"Rütistrasse 43, 8134 Adliswil - CHF 5’500",5500,6.5,225.0,8134,Adliswil,Zurich,Rütistrasse 43,APARTMENT,47.30552932,8.52886238,https://flatfox.ch/de/wohnung/rutistrasse-43-8134-adliswil/85653949/,2026-05-17T01:48:10+00:00,24.444444444444443
85654014,"Weinbergstrasse 62, 8006 Zürich - CHF 2’090 inkl. NK pro Monat",2090,1.5,48.0,8006,Zürich,Zurich,Weinbergstrasse 62,APARTMENT,47.38217554,8.543898100000003,https://flatfox.ch/de/wohnung/weinbergstrasse-62-8006-zurich/85654014/,2026-05-17T01:48:10+00:00,43.541666666666664
85654022,"Guschastr. 17, 9475 Sevelen - CHF 1’240 inkl. NK pro Monat",1240,2.5,66.0,9475,Sevelen,St. Gallen,Guschastr. 17,APARTMENT,47.12558242,9.49227963,https://flatfox.ch/de/wohnung/guschastr-17-9475-sevelen/85654022/,2026-05-17T01:48:10+00:00,18.78787878787879
85654114,"Mitteldorfstrasse 518, 5072 Oeschgen - CHF 2’090 inkl. NK pro Monat",2090,3.5,106.0,5072,Oeschgen,Aargau,Mitteldorfstrasse 518,ROOF_FLAT,47.51832213,8.0192714,https://flatfox.ch/de/wohnung/mitteldorfstrasse-518-5072-oeschgen/85654114/,2026-05-17T01:48:10+00:00,19.71698113207547
85654121,"Winkelriedstrasse 56, 6003 Luzern - CHF 1’990 inkl. NK pro Monat",1990,2.5,57.0,6003,Luzern,Lucerne,Winkelriedstrasse 56,APARTMENT,47.04647525,8.30696242,https://flatfox.ch/de/wohnung/winkelriedstrasse-56-6003-luzern/85654121/,2026-05-17T01:48:10+00:00,34.91228070175438
85654354,"Petriweg 1, 3270 Aarberg - CHF 1’500 inkl. NK pro Monat",1500,4.0,84.0,3270,Aarberg,Bern,Petriweg 1,APARTMENT,47.04527685,7.27029539,https://flatfox.ch/de/wohnung/petriweg-1-3270-aarberg/85654354/,2026-05-17T01:48:10+00:00,17.857142857142858
85654749,"Goethestr. 18, 8712 Stäfa - CHF 3’590 inkl. NK pro Monat",3590,4.5,136.0,8712,Stäfa,Zurich,Goethestr. 18,ROOF_FLAT,47.24061491,8.72417782,https://flatfox.ch/de/wohnung/goethestr-18-8712-stafa/85654749/,2026-05-17T01:48:10+00:00,26.397058823529413
85654973,"Untere Zollgasse 132, 3063 Ittigen - CHF 1’810 inkl. NK pro Monat",1810,3.5,68.0,3063,Ittigen,Bern,Untere Zollgasse 132,APARTMENT,46.9728664,7.48540835,https://flatfox.ch/de/wohnung/untere-zollgasse-132-3063-ittigen/85654973/,2026-05-17T01:48:10+00:00,26.61764705882353
85655116,"Oberstrasse 205, 9000 St. Gallen - CHF 1’210 inkl. NK pro Monat",1210,2.0,49.0,9000,St. Gallen,St. Gallen,Oberstrasse 205,APARTMENT,47.41213068,9.35195782,https://flatfox.ch/de/wohnung/oberstrasse-205-9000-st-gallen/85655116/,2026-05-17T01:48:10+00:00,24.693877551020407
85655120,"Rives de la Broye 3, 1530 Payerne - CHF 1’616 inkl. NK pro Monat",1616,3.5,76.0,1530,Payerne,Vaud,Rives de la Broye 3,APARTMENT,46.81444683,6.9287644,https://flatfox.ch/de/wohnung/rives-de-la-broye-3-1530-payerne/85655120/,2026-05-17T01:48:10+00:00,21.263157894736842
85655536,"Chemin des Carrels 1, 2034 Peseux - CHF 1’630",1630,3.5,72.0,2034,Peseux,Neuchâtel,Chemin des Carrels 1,ROOF_FLAT,46.98787728,6.89801771,https://flatfox.ch/de/wohnung/chemin-des-carrels-1-2034-peseux/85655536/,2026-05-17T01:48:10+00:00,22.63888888888889
85655553,"Aeschermattweg 4B, 5040 Schöftland - CHF 2’440 inkl. NK pro Monat",2440,4.5,102.0,5040,Schöftland,Aargau,Aeschermattweg 4B,ATTIC_FLAT,47.30810199,8.05033626,https://flatfox.ch/de/wohnung/aeschermattweg-4b-5040-schoftland/85655553/,2026-05-17T01:48:10+00:00,23.92156862745098
85655609,"Grendelweg 13, 5074 Eiken - CHF 2’090 inkl. NK pro Monat",2090,5.5,122.0,5074,Eiken,Aargau,Grendelweg 13,APARTMENT,47.5342881,7.985685699999999,https://flatfox.ch/de/wohnung/grendelweg-13-5074-eiken/85655609/,2026-05-17T01:48:10+00:00,17.131147540983605
85655689,"Jurastrasse 1, 4600 Olten - CHF 2’295 inkl. NK pro Monat",2295,3.5,90.0,4600,Olten,Solothurn,Jurastrasse 1,APARTMENT,47.35275157,7.90480614,https://flatfox.ch/de/wohnung/jurastrasse-1-4600-olten/85655689/,2026-05-17T01:48:10+00:00,25.5
85657311,"Neumattstrasse 29, 4147 Aesch - CHF 2’570 inkl. NK pro Monat",2570,4.5,109.0,4147,Aesch,Basel-Landschaft,Neumattstrasse 29,APARTMENT,47.46981562,7.59178371,https://flatfox.ch/de/wohnung/neumattstrasse-29-4147-aesch/85657311/,2026-05-17T01:48:12+00:00,23.577981651376145
85657391,"Albulastr. 52, 8048 Zürich - CHF 3’140 inkl. NK pro Monat",3140,3.5,97.0,8048,Zürich,Zurich,Albulastr. 52,APARTMENT,47.38851857,8.4932522,https://flatfox.ch/de/wohnung/albulastr-52-8048-zurich/85657391/,2026-05-17T01:48:12+00:00,32.371134020618555
85657436,"Pierre de Savoie 66, 1400 Yverdon-les-Bains - CHF 2’610 inkl. NK pro Monat",2610,4.5,106.0,1400,Yverdon-les-Bains,Vaud,Pierre de Savoie 66,APARTMENT,46.76812585,6.642634999999999,https://flatfox.ch/de/wohnung/pierre-de-savoie-66-1400-yverdon-les-bains/85657436/,2026-05-17T01:48:12+00:00,24.62264150943396
85657470,"Schibistr. 5, 9000 St. Gallen - CHF 2’070 inkl. NK pro Monat",2070,4.5,104.0,9000,St. Gallen,St. Gallen,Schibistr. 5,APARTMENT,47.41718367,9.34878159,https://flatfox.ch/de/wohnung/schibistr-5-9000-st-gallen/85657470/,2026-05-17T01:48:12+00:00,19.903846153846153
85657488,"Rue des Frères-Lumière 18, 1723 Marly - CHF 3’230 inkl. NK pro Monat",3230,5.5,123.0,1723,Marly,Fribourg,Rue des Frères-Lumière 18,APARTMENT,46.77461651,7.15514523,https://flatfox.ch/de/wohnung/rue-des-freres-lumiere-18-1723-marly/85657488/,2026-05-17T01:48:12+00:00,26.260162601626018
85657888,"Ch. de la Villette 18, 1400 Yverdon-les-Bains - CHF 3’000 inkl. NK pro Monat",3000,5.5,121.0,1400,Yverdon-les-Bains,Vaud,Ch. de la Villette 18,APARTMENT,46.77688958,6.6573475,https://flatfox.ch/de/wohnung/ch-de-la-villette-18-1400-yverdon-les-bains/85657888/,2026-05-17T01:48:12+00:00,24.793388429752067
85657988,"Im Niederholzboden 52, 4125 Riehen - CHF 2’140 inkl. NK pro Monat",2140,3.5,81.0,4125,Riehen,Basel-Stadt,Im Niederholzboden 52,APARTMENT,47.57469246,7.6394488,https://flatfox.ch/de/wohnung/im-niederholzboden-52-4125-riehen/85657988/,2026-05-17T01:48:13+00:00,26.419753086419753
85658150,"Lunaweg 17, 4562 Biberist - CHF 2’285 inkl. NK pro Monat",2285,4.5,110.0,4562,Biberist,Solothurn,Lunaweg 17,APARTMENT,47.19941591,7.5443264,https://flatfox.ch/de/wohnung/lunaweg-17-4562-biberist/85658150/,2026-05-17T01:48:13+00:00,20.772727272727273
85658255,4923 Wynau - CHF 2’280 inkl. NK pro Monat,2280,3.5,73.0,4923,Wynau,Bern,,FURNISHED_FLAT,47.25706241934624,7.803579606025953,https://flatfox.ch/de/wohnung/4923-wynau/85658255/,2026-05-17T01:48:13+00:00,31.232876712328768
85658262,"Küngoltstrasse 32, 4500 Solothurn - CHF 1’690",1690,3.5,95.0,4500,Solothurn,Solothurn,Küngoltstrasse 32,APARTMENT,47.21123367,7.523450100000002,https://flatfox.ch/de/wohnung/kungoltstrasse-32-4500-solothurn/85658262/,2026-05-17T01:48:13+00:00,17.789473684210527
85658283,"Rue de Borde 17, 1018 Lausanne - CHF 2’080 inkl. NK pro Monat",2080,2.5,69.0,1018,Lausanne,Vaud,Rue de Borde 17,APARTMENT,46.5283855,6.63240558,https://flatfox.ch/de/wohnung/rue-de-borde-17-1018-lausanne/85658283/,2026-05-17T01:48:13+00:00,30.144927536231883
85658906,"Hinwilerstrasse 208, 8626 Ottikon - CHF 2’430 inkl. NK pro Monat",2430,5.5,135.0,8626,Ottikon,Zurich,Hinwilerstrasse 208,DUPLEX,47.29274964,8.80358398,https://flatfox.ch/de/wohnung/hinwilerstrasse-208-8626-ottikon/85658906/,2026-05-17T01:48:13+00:00,18.0
85659257,"Rotackerstrasse 52, 8304 Wallisellen - CHF 3’505 inkl. NK pro Monat",3505,4.5,120.0,8304,Wallisellen,Zurich,Rotackerstrasse 52,APARTMENT,47.41501156,8.59060229,https://flatfox.ch/de/wohnung/rotackerstrasse-52-8304-wallisellen/85659257/,2026-05-17T01:48:13+00:00,29.208333333333332
85659334,"Neumarktstrasse 29, 2503 Biel/Bienne - CHF 1’625 inkl. NK pro Monat",1625,2.5,74.0,2503,Biel/Bienne,Bern,Neumarktstrasse 29,APARTMENT,47.13729162,7.251589799999999,https://flatfox.ch/de/wohnung/neumarktstrasse-29-2503-bielbienne/85659334/,2026-05-17T01:48:13+00:00,21.95945945945946
85659338,"Fuchsiastr. 15, 8048 Zürich - CHF 2’260 inkl. NK pro Monat",2260,3.5,82.0,8048,Zürich,Zurich,Fuchsiastr. 15,APARTMENT,47.38306781,8.49717052,https://flatfox.ch/de/wohnung/fuchsiastr-15-8048-zurich/85659338/,2026-05-17T01:48:13+00:00,27.5609756097561
85659345,"Rankstrasse 27 + 29, 5304 Endingen - CHF 2’450 inkl. NK pro Monat",2450,4.5,96.0,5304,Endingen,Aargau,Rankstrasse 27 + 29,ROOF_FLAT,47.54001892,8.2879871,https://flatfox.ch/de/wohnung/rankstrasse-27-29-5304-endingen/85659345/,2026-05-17T01:48:13+00:00,25.520833333333332
85659348,"Schaffhauserstrasse 51, 8152 Glattbrugg - CHF 4’275 inkl. NK pro Monat",4275,5.5,154.0,8152,Glattbrugg,Zurich,Schaffhauserstrasse 51,APARTMENT,47.43019246,8.56024453,https://flatfox.ch/de/wohnung/schaffhauserstrasse-51-8152-glattbrugg/85659348/,2026-05-17T01:48:13+00:00,27.75974025974026
85659650,"Rue de la Grande Salle 11, 1522 Lucens - CHF 1’840 inkl. NK pro Monat",1840,3.5,96.0,1522,Lucens,Vaud,Rue de la Grande Salle 11,APARTMENT,46.70734111,6.839567499999999,https://flatfox.ch/de/wohnung/rue-de-la-grande-salle-11-1522-lucens/85659650/,2026-05-17T01:48:13+00:00,19.166666666666668
85659705,"Ostring 19, 3006 Bern - CHF 1’910 inkl. NK pro Monat",1910,3.5,78.0,3006,Bern,Bern,Ostring 19,APARTMENT,46.94283284,7.468140999999999,https://flatfox.ch/de/wohnung/ostring-19-3006-bern/85659705/,2026-05-17T01:48:13+00:00,24.487179487179485
85659735,"Forenackerstrasse 6, 8246 Langwiesen - CHF 1’495 inkl. NK pro Monat",1495,3.5,77.0,8246,Langwiesen,Zurich,Forenackerstrasse 6,APARTMENT,47.68535886,8.65441658,https://flatfox.ch/de/wohnung/forenackerstrasse-6-8246-langwiesen/85659735/,2026-05-17T01:48:13+00:00,19.415584415584416
85659843,"Sempacherstrasse 16, 4053 Basel - CHF 875 inkl. NK pro Monat",875,1.0,35.0,4053,Basel,Basel-Stadt,Sempacherstrasse 16,APARTMENT,47.54448518,7.58830041,https://flatfox.ch/de/wohnung/sempacherstrasse-16-4053-basel/85659843/,2026-05-17T01:48:13+00:00,25.0
85659910,"Dorfstrasse 31, 5636 Benzenschwil - CHF 2’240 inkl. NK pro Monat",2240,4.5,94.0,5636,Benzenschwil,Aargau,Dorfstrasse 31,APARTMENT,47.24773686,8.36545984,https://flatfox.ch/de/wohnung/dorfstrasse-31-5636-benzenschwil/85659910/,2026-05-17T01:48:13+00:00,23.829787234042552
85660243,"Route de Lavaux 57, 1095 Lutry - CHF 2’380 inkl. NK pro Monat",2380,3.5,75.0,1095,Lutry,Vaud,Route de Lavaux 57,APARTMENT,46.5049316,6.6795071,https://flatfox.ch/de/wohnung/route-de-lavaux-57-1095-lutry/85660243/,2026-05-17T01:48:13+00:00,31.733333333333334
85660604,"Hauptstr. 48, 4552 Derendingen - CHF 1’160 inkl. NK pro Monat",1160,1.5,48.0,4552,Derendingen,Solothurn,Hauptstr. 48,APARTMENT,47.19434246,7.585938799999999,https://flatfox.ch/de/wohnung/hauptstr-48-4552-derendingen/85660604/,2026-05-17T01:48:13+00:00,24.166666666666668
85660608,"Plattenstr. 34, 8032 Zürich - CHF 5’700 inkl. NK pro Monat",5700,4.5,165.0,8032,Zürich,Zurich,Plattenstr. 34,ATTIC_FLAT,47.37311086,8.55372562,https://flatfox.ch/de/wohnung/plattenstr-34-8032-zurich/85660608/,2026-05-17T01:48:13+00:00,34.54545454545455
85660937,"Neuve 12, 2300 La Chaux-de-Fonds - CHF 1’065 inkl. NK pro Monat",1065,3.0,74.0,2300,La Chaux-de-Fonds,Neuchâtel,Neuve 12,APARTMENT,47.1034339,6.83070538,https://flatfox.ch/de/wohnung/neuve-12-2300-la-chaux-de-fonds/85660937/,2026-05-17T01:48:13+00:00,14.391891891891891
85660951,"Billodes 27, 2400 Le Locle - CHF 1’600 inkl. NK pro Monat",1600,5.5,130.0,2400,Le Locle,Neuchâtel,Billodes 27,APARTMENT,47.05531018,6.741895100000001,https://flatfox.ch/de/wohnung/billodes-27-2400-le-locle/85660951/,2026-05-17T01:48:13+00:00,12.307692307692308
85660952,"Bournot 33, 2400 Le Locle - CHF 990 inkl. NK pro Monat",990,1.5,41.0,2400,Le Locle,Neuchâtel,Bournot 33,APARTMENT,47.056335900000015,6.747911500000002,https://flatfox.ch/de/wohnung/bournot-33-2400-le-locle/85660952/,2026-05-17T01:48:13+00:00,24.146341463414632
85660953,"Bournot 33, 2400 Le Locle - CHF 870 inkl. NK pro Monat",870,2.5,57.0,2400,Le Locle,Neuchâtel,Bournot 33,APARTMENT,47.056335900000015,6.747911500000002,https://flatfox.ch/de/wohnung/bournot-33-2400-le-locle/85660953/,2026-05-17T01:48:13+00:00,15.263157894736842
85660954,"Bournot 33, 2400 Le Locle - CHF 990 inkl. NK pro Monat",990,1.5,41.0,2400,Le Locle,Neuchâtel,Bournot 33,APARTMENT,47.056335900000015,6.747911500000002,https://flatfox.ch/de/wohnung/bournot-33-2400-le-locle/85660954/,2026-05-17T01:48:13+00:00,24.146341463414632
85660958,"Numa-Droz 127, 2300 La Chaux-de-Fonds - CHF 1’590 inkl. NK pro Monat",1590,3.5,82.0,2300,La Chaux-de-Fonds,Neuchâtel,Numa-Droz 127,APARTMENT,47.09949381,6.82015435,https://flatfox.ch/de/wohnung/numa-droz-127-2300-la-chaux-de-fonds/85660958/,2026-05-17T01:48:13+00:00,19.390243902439025
85660975,"Tourelles 15, 2300 La Chaux-de-Fonds - CHF 990 inkl. NK pro Monat",990,2.0,58.0,2300,La Chaux-de-Fonds,Neuchâtel,Tourelles 15,APARTMENT,47.10258713,6.81867035,https://flatfox.ch/de/wohnung/tourelles-15-2300-la-chaux-de-fonds/85660975/,2026-05-17T01:48:13+00:00,17.06896551724138
85660982,"Bournot 33, 2400 Le Locle - CHF 990 inkl. NK pro Monat",990,1.5,41.0,2400,Le Locle,Neuchâtel,Bournot 33,APARTMENT,47.056335900000015,6.747911500000002,https://flatfox.ch/de/wohnung/bournot-33-2400-le-locle/85660982/,2026-05-17T01:48:15+00:00,24.146341463414632
85660984,"Bournot 33, 2400 Le Locle - CHF 970 inkl. NK pro Monat",970,2.0,41.0,2400,Le Locle,Neuchâtel,Bournot 33,APARTMENT,47.056335900000015,6.747911500000002,https://flatfox.ch/de/wohnung/bournot-33-2400-le-locle/85660984/,2026-05-17T01:48:15+00:00,23.658536585365855
85660985,"Nord 168, 2300 La Chaux-de-Fonds - CHF 930 inkl. NK pro Monat",930,3.0,81.0,2300,La Chaux-de-Fonds,Neuchâtel,Nord 168,APARTMENT,47.1176783,6.84056677,https://flatfox.ch/de/wohnung/nord-168-2300-la-chaux-de-fonds/85660985/,2026-05-17T01:48:15+00:00,11.481481481481481
85660986,"Bournot 33, 2400 Le Locle - CHF 970 inkl. NK pro Monat",970,2.0,41.0,2400,Le Locle,Neuchâtel,Bournot 33,APARTMENT,47.056335900000015,6.747911500000002,https://flatfox.ch/de/wohnung/bournot-33-2400-le-locle/85660986/,2026-05-17T01:48:15+00:00,23.658536585365855
85660991,"Jacob-Brandt 81, 2300 La Chaux-de-Fonds - CHF 1’290 inkl. NK pro Monat",1290,3.5,120.0,2300,La Chaux-de-Fonds,Neuchâtel,Jacob-Brandt 81,APARTMENT,47.0937459,6.82009456,https://flatfox.ch/de/wohnung/jacob-brandt-81-2300-la-chaux-de-fonds/85660991/,2026-05-17T01:48:15+00:00,10.75
85660993,"Paix 89, 2300 La Chaux-de-Fonds - CHF 1’400 inkl. NK pro Monat",1400,4.5,99.0,2300,La Chaux-de-Fonds,Neuchâtel,Paix 89,APARTMENT,47.1176783,6.84056677,https://flatfox.ch/de/wohnung/paix-89-2300-la-chaux-de-fonds/85660993/,2026-05-17T01:48:15+00:00,14.141414141414142
85660994,"Serre 32, 2300 La Chaux-de-Fonds - CHF 1’230 inkl. NK pro Monat",1230,2.0,57.0,2300,La Chaux-de-Fonds,Neuchâtel,Serre 32,APARTMENT,47.10226611,6.82702027,https://flatfox.ch/de/wohnung/serre-32-2300-la-chaux-de-fonds/85660994/,2026-05-17T01:48:15+00:00,21.57894736842105
85661045,"Kantonsstrasse 40, 6048 Horw - CHF 2’660 inkl. NK pro Monat",2660,3.5,114.0,6048,Horw,Lucerne,Kantonsstrasse 40,APARTMENT,47.02301157,8.308440899999999,https://flatfox.ch/de/wohnung/kantonsstrasse-40-6048-horw/85661045/,2026-05-17T01:48:15+00:00,23.333333333333332
85661087,"Neuve 5, 2300 La Chaux-de-Fonds - CHF 1’311 inkl. NK pro Monat",1311,4.5,92.0,2300,La Chaux-de-Fonds,Neuchâtel,Neuve 5,APARTMENT,47.10347378,6.83135012,https://flatfox.ch/de/wohnung/neuve-5-2300-la-chaux-de-fonds/85661087/,2026-05-17T01:48:15+00:00,14.25
85661093,"Léopold-Robert 35, 2300 La Chaux-de-Fonds - CHF 1’900 inkl. NK pro Monat",1900,5.0,124.0,2300,La Chaux-de-Fonds,Neuchâtel,Léopold-Robert 35,APARTMENT,47.10130637,6.8279012,https://flatfox.ch/de/wohnung/leopold-robert-35-2300-la-chaux-de-fonds/85661093/,2026-05-17T01:48:15+00:00,15.32258064516129
85661667,"Avenue de la Gare 4, 1003 Lausanne - CHF 5’695 inkl. NK pro Monat",5695,5.5,180.0,1003,Lausanne,Vaud,Avenue de la Gare 4,APARTMENT,46.51703253,6.63638221,https://flatfox.ch/de/wohnung/avenue-de-la-gare-4-1003-lausanne/85661667/,2026-05-17T01:48:15+00:00,31.63888888888889
85662032,"Postweg 10, 8132 Hinteregg - CHF 3’420 inkl. NK pro Monat",3420,5.5,150.0,8132,Hinteregg,Zurich,Postweg 10,APARTMENT,47.30454289,8.683559299999999,https://flatfox.ch/de/wohnung/postweg-10-8132-hinteregg/85662032/,2026-05-17T01:48:15+00:00,22.8
85662190,"Schmiedeweg 4, 4563 Gerlafingen - CHF 1’640 inkl. NK pro Monat",1640,3.5,92.0,4563,Gerlafingen,Solothurn,Schmiedeweg 4,APARTMENT,47.17035427,7.567415899999999,https://flatfox.ch/de/wohnung/schmiedeweg-4-4563-gerlafingen/85662190/,2026-05-17T01:48:15+00:00,17.82608695652174
85662240,"Fabrikstrasse 33, 4123 Allschwil - CHF 1’820 inkl. NK pro Monat",1820,3.5,83.0,4123,Allschwil,Basel-Landschaft,Fabrikstrasse 33,APARTMENT,47.55099816,7.547730400000002,https://flatfox.ch/de/wohnung/fabrikstrasse-33-4123-allschwil/85662240/,2026-05-17T01:48:15+00:00,21.927710843373493
85662571,"Av. de Chailly 50, 1012 Lausanne - CHF 3’360 inkl. NK pro Monat",3360,7.5,148.0,1012,Lausanne,Vaud,Av. de Chailly 50,APARTMENT,46.52276938,6.65557916,https://flatfox.ch/de/wohnung/av-de-chailly-50-1012-lausanne/85662571/,2026-05-17T01:48:15+00:00,22.7027027027027
85662616,"Forchstrasse 84, 8008 Zürich - CHF 2’820 inkl. NK pro Monat",2820,2.5,64.0,8008,Zürich,Zurich,Forchstrasse 84,APARTMENT,47.36211068,8.55918113,https://flatfox.ch/de/wohnung/forchstrasse-84-8008-zurich/85662616/,2026-05-17T01:48:15+00:00,44.0625
85662868,"Av. Léopold-Robert 118, 2300 La Chaux-de-Fonds - CHF 1’080 inkl. NK pro Monat",1080,3.0,75.0,2300,La Chaux-de-Fonds,Neuchâtel,Av. Léopold-Robert 118,APARTMENT,47.09637341,6.8186292,https://flatfox.ch/de/wohnung/av-leopold-robert-118-2300-la-chaux-de-fonds/85662868/,2026-05-17T01:48:15+00:00,14.4
85662976,6390 Engelberg - CHF 4’150 inkl. NK pro Monat,4150,4.5,95.0,6390,Engelberg,Obwalden,,FURNISHED_FLAT,46.80517397969816,8.444582697782815,https://flatfox.ch/de/wohnung/6390-engelberg/85662976/,2026-05-17T01:48:15+00:00,43.68421052631579
85663002,"Rue Mauverney 22  a-d, 1196 Gland - CHF 2’050 inkl. NK pro Monat",2050,3.5,78.0,1196,Gland,Vaud,Rue Mauverney 22  a-d,APARTMENT,46.41703411,6.27599031,https://flatfox.ch/de/wohnung/rue-mauverney-22-a-d-1196-gland/85663002/,2026-05-17T01:48:15+00:00,26.28205128205128
85663006,"Rue des Téxérans 1, 2800 Delémont - CHF 2’130 inkl. NK pro Monat",2130,4.5,112.0,2800,Delémont,Jura,Rue des Téxérans 1,APARTMENT,47.36251244,7.34700271,https://flatfox.ch/de/wohnung/rue-des-texerans-1-2800-delemont/85663006/,2026-05-17T01:48:15+00:00,19.017857142857142
85663419,"Avenue de Longemalle 12, 1020 Renens - CHF 1’850 inkl. NK pro Monat",1850,3.5,69.0,1020,Renens,Vaud,Avenue de Longemalle 12,APARTMENT,46.52647079,6.593910300000001,https://flatfox.ch/de/wohnung/avenue-de-longemalle-12-1020-renens/85663419/,2026-05-17T01:48:15+00:00,26.81159420289855
85663531,"Lodrino, Via Cantonale 179, 6527 Lodrino - CHF 1’050",1050,3.5,70.0,6527,Lodrino,Ticino,"Lodrino, Via Cantonale 179",APARTMENT,46.30182200000001,8.980381999999999,https://flatfox.ch/de/wohnung/lodrino-via-cantonale-179-6527-lodrino/85663531/,2026-05-17T01:48:17+00:00,15.0
85663643,1820 Montreux - CHF 3’800,3800,3.5,140.0,1820,Montreux,Vaud,,APARTMENT,46.42761743330575,6.959398648617796,https://flatfox.ch/de/wohnung/1820-montreux/85663643/,2026-05-17T01:48:17+00:00,27.142857142857142
85663710,"Hauptstrasse 72, 4450 Sissach - CHF 1’850",1850,4.5,96.0,4450,Sissach,Basel-Landschaft,Hauptstrasse 72,APARTMENT,47.464232,7.8118585,https://flatfox.ch/de/wohnung/hauptstrasse-72-4450-sissach/85663710/,2026-05-17T01:48:17+00:00,19.270833333333332
85663946,"Rue des Parcs 84, 2000 Neuchâtel - CHF 1’980 inkl. NK pro Monat",1980,4.0,97.0,2000,Neuchâtel,Neuchâtel,Rue des Parcs 84,APARTMENT,46.991728,6.91646573,https://flatfox.ch/de/wohnung/rue-des-parcs-84-2000-neuchatel/85663946/,2026-05-17T01:48:17+00:00,20.412371134020617
85663983,"Bahnweg 16, 4543 Deitingen - CHF 1’340 inkl. NK pro Monat",1340,2.5,46.0,4543,Deitingen,Solothurn,Bahnweg 16,APARTMENT,47.21794413,7.62000571,https://flatfox.ch/de/wohnung/bahnweg-16-4543-deitingen/85663983/,2026-05-17T01:48:17+00:00,29.130434782608695
85664017,"Bifangstrasse 3, 4153 Reinach - CHF 1’940 inkl. NK pro Monat",1940,4.5,82.0,4153,Reinach,Basel-Landschaft,Bifangstrasse 3,APARTMENT,47.49947700000002,7.598249099999999,https://flatfox.ch/de/wohnung/bifangstrasse-3-4153-reinach/85664017/,2026-05-17T01:48:17+00:00,23.658536585365855
85664384,"Via alla Torre 15, 6745 Giornico - CHF 1’000",1000,3.5,80.0,6745,Giornico,Ticino,Via alla Torre 15,APARTMENT,46.40349444,8.87658079,https://flatfox.ch/de/wohnung/via-alla-torre-15-6745-giornico/85664384/,2026-05-17T01:48:17+00:00,12.5
85664625,"Gasstrasse 22, 4410 Liestal - CHF 2’120 inkl. NK pro Monat",2120,3.5,86.0,4410,Liestal,Basel-Landschaft,Gasstrasse 22,APARTMENT,47.48777084,7.73454276,https://flatfox.ch/de/wohnung/gasstrasse-22-4410-liestal/85664625/,2026-05-17T01:48:17+00:00,24.651162790697676
85664770,"Grubenstrasse 45, 4900 Langenthal - CHF 1’425 inkl. NK pro Monat",1425,3.5,78.0,4900,Langenthal,Bern,Grubenstrasse 45,APARTMENT,47.22410334,7.785462699999999,https://flatfox.ch/de/wohnung/grubenstrasse-45-4900-langenthal/85664770/,2026-05-17T01:48:17+00:00,18.26923076923077
85664777,"Hardstrasse 11, 4127 Birsfelden - CHF 1’495 inkl. NK pro Monat",1495,2.5,44.0,4127,Birsfelden,Basel-Landschaft,Hardstrasse 11,APARTMENT,47.55263422,7.6239197,https://flatfox.ch/de/wohnung/hardstrasse-11-4127-birsfelden/85664777/,2026-05-17T01:48:17+00:00,33.97727272727273
85665250,"Chemin de la Cougnire 3, 1071 Chexbres - CHF 3’800 inkl. NK pro Monat",3800,5.5,150.0,1071,Chexbres,Vaud,Chemin de la Cougnire 3,APARTMENT,46.48073275,6.78143691,https://flatfox.ch/de/wohnung/chemin-de-la-cougnire-3-1071-chexbres/85665250/,2026-05-17T01:48:17+00:00,25.333333333333332
85665503,6945 Origlio - CHF 4’800,4800,4.5,220.0,6945,Origlio,Ticino,,ATTIC_FLAT,46.05295142653321,8.946766637529334,https://flatfox.ch/de/wohnung/6945-origlio/85665503/,2026-05-17T01:48:17+00:00,21.818181818181817
85665659,"Via Macello 5, 6710 Biasca - CHF 1’500",1500,4.5,98.0,6710,Biasca,Ticino,Via Macello 5,APARTMENT,46.35428760000001,8.96804335,https://flatfox.ch/de/wohnung/via-macello-5-6710-biasca/85665659/,2026-05-17T01:48:17+00:00,15.306122448979592
85665662,"Via San Gottardo 16, 6745 Giornico - CHF 1’000",1000,2.5,45.0,6745,Giornico,Ticino,Via San Gottardo 16,APARTMENT,46.40017261,8.88092492,https://flatfox.ch/de/wohnung/via-san-gottardo-16-6745-giornico/85665662/,2026-05-17T01:48:17+00:00,22.22222222222222
85665663,"Piazzetta Cavallier Pellanda 3, 6710 Biasca - CHF 1’375",1375,3.5,64.0,6710,Biasca,Ticino,Piazzetta Cavallier Pellanda 3,APARTMENT,46.36042869,8.97146787,https://flatfox.ch/de/wohnung/piazzetta-cavallier-pellanda-3-6710-biasca/85665663/,2026-05-17T01:48:17+00:00,21.484375
85665961,"Nussbaumweg 3, 4914 Roggwil BE - CHF 1’080 inkl. NK pro Monat",1080,2.0,37.0,4914,Roggwil BE,Bern,Nussbaumweg 3,APARTMENT,47.24562198,7.81727922,https://flatfox.ch/de/wohnung/nussbaumweg-3-4914-roggwil-be/85665961/,2026-05-17T01:48:17+00:00,29.18918918918919
85665963,"av. de Neuchâtel 12, 2024 St-Aubin NE - CHF 2’300 inkl. NK pro Monat",2300,3.5,77.0,2024,St-Aubin NE,Neuchâtel,av. de Neuchâtel 12,APARTMENT,46.89293544,6.773947199999999,https://flatfox.ch/de/wohnung/av-de-neuchatel-12-2024-st-aubin-ne/85665963/,2026-05-17T01:48:17+00:00,29.87012987012987
85666031,"Meyer-Wigglistrasse 6, 4410 Liestal - CHF 1’200",1200,1.5,27.0,4410,Liestal,Basel-Landschaft,Meyer-Wigglistrasse 6,APARTMENT,47.48586329,7.73507443,https://flatfox.ch/de/wohnung/meyer-wigglistrasse-6-4410-liestal/85666031/,2026-05-17T01:48:17+00:00,44.44444444444444
85666037,"Feldstrasse 2, 5734 Reinach - CHF 1’860 inkl. NK pro Monat",1860,3.5,102.0,5734,Reinach,Aargau,Feldstrasse 2,APARTMENT,47.25759454,8.16779219,https://flatfox.ch/de/wohnung/feldstrasse-2-5734-reinach/85666037/,2026-05-17T01:48:17+00:00,18.235294117647058
85666048,"Amanz Gressly-Strasse 44, 4500 Solothurn - CHF 1’280 inkl. NK pro Monat",1280,3.5,64.0,4500,Solothurn,Solothurn,Amanz Gressly-Strasse 44,APARTMENT,47.21721776,7.525489700000001,https://flatfox.ch/de/wohnung/amanz-gressly-strasse-44-4500-solothurn/85666048/,2026-05-17T01:48:17+00:00,20.0
85666695,"Chez Besson 12, 1346 Les Bioux - CHF 1’700 inkl. NK pro Monat",1700,2.5,73.0,1346,Les Bioux,Vaud,Chez Besson 12,APARTMENT,46.62160535,6.27154535,https://flatfox.ch/de/wohnung/chez-besson-12-1346-les-bioux/85666695/,2026-05-17T01:48:17+00:00,23.28767123287671
85666721,"Allenbergstrasse 25, 8712 Stäfa - CHF 2’980 inkl. NK pro Monat",2980,4.5,150.0,8712,Stäfa,Zurich,Allenbergstrasse 25,APARTMENT,47.24956874,8.72202563,https://flatfox.ch/de/wohnung/allenbergstrasse-25-8712-stafa/85666721/,2026-05-17T01:48:19+00:00,19.866666666666667
85666862,"Chemin des Roches 35, 1066 EPALINGES - CHF 2’715",2715,5.0,99.0,1066,EPALINGES,Vaud,Chemin des Roches 35,APARTMENT,46.54280489,6.65721732,https://flatfox.ch/de/wohnung/chemin-des-roches-35-1066-epalinges/85666862/,2026-05-17T01:48:19+00:00,27.424242424242426
85667342,"Unterdorfweg 2, 3324 Hindelbank - CHF 1’300",1300,4.5,95.0,3324,Hindelbank,Bern,Unterdorfweg 2,APARTMENT,47.045631,7.541273200000001,https://flatfox.ch/de/wohnung/unterdorfweg-2-3324-hindelbank/85667342/,2026-05-17T01:48:19+00:00,13.68421052631579
85668007,"Piazza Collegiata, 6500 Bellinzona - CHF 1’390",1390,3.5,89.0,6500,Bellinzona,Ticino,Piazza Collegiata,APARTMENT,46.19160625,9.02327956,https://flatfox.ch/de/wohnung/piazza-collegiata-6500-bellinzona/85668007/,2026-05-17T01:48:19+00:00,15.617977528089888
85668362,"Im Birspark 9, 4147 Aesch BL - CHF 2’230 inkl. NK pro Monat",2230,5.5,113.0,4147,Aesch BL,Basel-Landschaft,Im Birspark 9,APARTMENT,47.48550315,7.6068505,https://flatfox.ch/de/wohnung/im-birspark-9-4147-aesch-bl/85668362/,2026-05-17T01:48:19+00:00,19.734513274336283
85668628,"Kreuzmattweg 19, 4144 Arlesheim - CHF 1’750 inkl. NK pro Monat",1750,4.5,75.0,4144,Arlesheim,Basel-Landschaft,Kreuzmattweg 19,APARTMENT,47.5079352,7.618217100000001,https://flatfox.ch/de/wohnung/kreuzmattweg-19-4144-arlesheim/85668628/,2026-05-17T01:48:19+00:00,23.333333333333332
85669584,"Ch. des Sources 16, 2013 Colombier NE - CHF 2’380 inkl. NK pro Monat",2380,4.5,100.0,2013,Colombier NE,Neuchâtel,Ch. des Sources 16,APARTMENT,46.9660885,6.85373154,https://flatfox.ch/de/wohnung/ch-des-sources-16-2013-colombier-ne/85669584/,2026-05-17T01:48:19+00:00,23.8
85669588,"Gestadeckplatz 6, 4410 Liestal - CHF 2’250 inkl. NK pro Monat",2250,3.5,117.0,4410,Liestal,Basel-Landschaft,Gestadeckplatz 6,APARTMENT,47.48579455,7.7373535,https://flatfox.ch/de/wohnung/gestadeckplatz-6-4410-liestal/85669588/,2026-05-17T01:48:19+00:00,19.23076923076923
85669682,"Hauptstrasse 27, 9213 Hauptwil - CHF 1’680",1680,3.5,104.0,9213,Hauptwil,Thurgau,Hauptstrasse 27,APARTMENT,47.47897589999999,9.25063314,https://flatfox.ch/de/wohnung/hauptstrasse-27-9213-hauptwil/85669682/,2026-05-17T01:48:19+00:00,16.153846153846153
85670262,"Chemin des Creuses 30, 1008 Prilly - CHF 2’372",2372,2.0,50.0,1008,Prilly,Vaud,Chemin des Creuses 30,APARTMENT,46.54176375,6.60463055,https://flatfox.ch/de/wohnung/chemin-des-creuses-30-1008-prilly/85670262/,2026-05-17T01:48:19+00:00,47.44
85670270,"Harmoniewiese 22, 8587 Amriswil - CHF 2’540 inkl. NK pro Monat",2540,4.5,145.0,8587,Amriswil,Thurgau,Harmoniewiese 22,APARTMENT,47.55607237,9.2687929,https://flatfox.ch/de/wohnung/harmoniewiese-22-8587-amriswil/85670270/,2026-05-17T01:48:19+00:00,17.517241379310345
85670405,"Wendschatzstrasse 12, 3006 Bern - CHF 1’990 inkl. NK pro Monat",1990,3.0,80.0,3006,Bern,Bern,Wendschatzstrasse 12,ROOF_FLAT,46.93673035,7.4701543,https://flatfox.ch/de/wohnung/wendschatzstrasse-12-3006-bern/85670405/,2026-05-17T01:48:19+00:00,24.875
85670517,"Mattenstrasse 130, 2503 Biel/Bienne - CHF 1’249",1249,2.5,56.0,2503,Biel/Bienne,Bern,Mattenstrasse 130,APARTMENT,47.13691894,7.256641699999999,https://flatfox.ch/de/wohnung/mattenstrasse-130-2503-bielbienne/85670517/,2026-05-17T01:48:21+00:00,22.303571428571427
85670582,"Junkerngasse 61, 3011 Bern - CHF 5’350 inkl. NK pro Monat",5350,5.5,224.0,3011,Bern,Bern,Junkerngasse 61,APARTMENT,46.94742022,7.4526153000000015,https://flatfox.ch/de/wohnung/junkerngasse-61-3011-bern/85670582/,2026-05-17T01:48:21+00:00,23.883928571428573
85670612,"Junkerngasse 61, 3011 Bern - CHF 3’350 inkl. NK pro Monat",3350,3.5,114.0,3011,Bern,Bern,Junkerngasse 61,APARTMENT,46.94742022,7.4526153000000015,https://flatfox.ch/de/wohnung/junkerngasse-61-3011-bern/85670612/,2026-05-17T01:48:21+00:00,29.385964912280702
85670736,"Maigroge 12 - côté Ouest, 2072 St-Blaise - CHF 780 inkl. NK pro Monat",780,1.0,20.0,2072,St-Blaise,Neuchâtel,Maigroge 12 - côté Ouest,SINGLE_ROOM,47.01419642,6.982017399999999,https://flatfox.ch/de/wohnung/maigroge-12-cote-ouest-2072-st-blaise/85670736/,2026-05-17T01:48:21+00:00,39.0
85670758,"Jacob-Brandt 84, 2300 La Chaux-de-Fonds - CHF 1’160 inkl. NK pro Monat",1160,3.0,80.0,2300,La Chaux-de-Fonds,Neuchâtel,Jacob-Brandt 84,APARTMENT,47.09388698,6.81953974,https://flatfox.ch/de/wohnung/jacob-brandt-84-2300-la-chaux-de-fonds/85670758/,2026-05-17T01:48:21+00:00,14.5
85670761,"Nord 189, 2300 La Chaux-de-Fonds - CHF 1’215 inkl. NK pro Monat",1215,3.0,72.0,2300,La Chaux-de-Fonds,Neuchâtel,Nord 189,APARTMENT,47.1176783,6.84056677,https://flatfox.ch/de/wohnung/nord-189-2300-la-chaux-de-fonds/85670761/,2026-05-17T01:48:21+00:00,16.875
85670935,"Via Geretta 18, 6900 Paradiso - CHF 4’670",4670,4.5,166.0,6900,Paradiso,Ticino,Via Geretta 18,APARTMENT,45.99153413,8.94400179,https://flatfox.ch/de/wohnung/via-geretta-18-6900-paradiso/85670935/,2026-05-17T01:48:21+00:00,28.132530120481928
85671049,4242 Laufen - CHF 2’838 inkl. NK pro Monat,2838,4.0,115.0,4242,Laufen,Basel-Landschaft,,FURNISHED_FLAT,47.40626110825264,7.485559034561539,https://flatfox.ch/de/wohnung/4242-laufen/85671049/,2026-05-17T01:48:21+00:00,24.678260869565218
85671074,"H.F.Sandoz 26, 2710 Tavannes - CHF 1’250",1250,4.5,85.0,2710,Tavannes,Bern,H.F.Sandoz 26,APARTMENT,47.219813,7.200117000000002,https://flatfox.ch/de/wohnung/hfsandoz-26-2710-tavannes/85671074/,2026-05-17T01:48:21+00:00,14.705882352941176
85671276,"Charles-Naine 16, 2300 La Chaux-de-Fonds - CHF 1’180 inkl. NK pro Monat",1180,3.0,56.0,2300,La Chaux-de-Fonds,Neuchâtel,Charles-Naine 16,APARTMENT,47.09266637,6.8085031,https://flatfox.ch/de/wohnung/charles-naine-16-2300-la-chaux-de-fonds/85671276/,2026-05-17T01:48:21+00:00,21.071428571428573
85671295,"Paix 85, 2300 La Chaux-de-Fonds - CHF 1’290 inkl. NK pro Monat",1290,3.0,75.0,2300,La Chaux-de-Fonds,Neuchâtel,Paix 85,APARTMENT,47.1176783,6.84056677,https://flatfox.ch/de/wohnung/paix-85-2300-la-chaux-de-fonds/85671295/,2026-05-17T01:48:21+00:00,17.2
85671324,"Rue du Parc 8, 2300 La Chaux-de-Fonds - CHF 1’750 inkl. NK pro Monat",1750,4.5,150.0,2300,La Chaux-de-Fonds,Neuchâtel,Rue du Parc 8,APARTMENT,47.10411118,6.82885056,https://flatfox.ch/de/wohnung/rue-du-parc-8-2300-la-chaux-de-fonds/85671324/,2026-05-17T01:48:21+00:00,11.666666666666666
85671328,"Paix 85, 2300 La Chaux-de-Fonds - CHF 1’690 inkl. NK pro Monat",1690,4.0,85.0,2300,La Chaux-de-Fonds,Neuchâtel,Paix 85,APARTMENT,47.1176783,6.84056677,https://flatfox.ch/de/wohnung/paix-85-2300-la-chaux-de-fonds/85671328/,2026-05-17T01:48:21+00:00,19.88235294117647
85671410,"Via Lör 9, 6864 Arzo - CHF 2’400",2400,6.5,200.0,6864,Arzo,Ticino,Via Lör 9,APARTMENT,45.87240237,8.9471456,https://flatfox.ch/de/wohnung/via-lor-9-6864-arzo/85671410/,2026-05-17T01:48:21+00:00,12.0
85672355,"Rue St-Pierre 3, 1700 Fribourg - CHF 1’100 inkl. NK pro Monat",1100,1.5,40.0,1700,Fribourg,Fribourg,Rue St-Pierre 3,APARTMENT,46.80382012,7.154652899999999,https://flatfox.ch/de/wohnung/rue-st-pierre-3-1700-fribourg/85672355/,2026-05-17T01:48:21+00:00,27.5
85672383,"Chez Besson 12, 1346 Les Bioux - CHF 1’500",1500,2.5,73.0,1346,Les Bioux,Vaud,Chez Besson 12,APARTMENT,46.62160535,6.27154535,https://flatfox.ch/de/wohnung/chez-besson-12-1346-les-bioux/85672383/,2026-05-17T01:48:21+00:00,20.54794520547945
85672389,"Avenue de Bude, 1202 Genf - CHF 5’000",5000,4.0,115.0,1202,Genf,Geneva,Avenue de Bude,APARTMENT,46.2259394,6.13007532,https://flatfox.ch/de/wohnung/avenue-de-bude-1202-genf/85672389/,2026-05-17T01:48:21+00:00,43.47826086956522
85672678,"Moosweg 21, 8500 Frauenfeld - CHF 1’910 inkl. NK pro Monat",1910,4.5,105.0,8500,Frauenfeld,Thurgau,Moosweg 21,APARTMENT,47.56637682,8.917657199999999,https://flatfox.ch/de/wohnung/moosweg-21-8500-frauenfeld/85672678/,2026-05-17T01:48:21+00:00,18.19047619047619
85672770,"Unterer Kreuzacker 10, 8645 Rapperswil-Jona - CHF 3’690",3690,4.5,116.0,8645,Rapperswil-Jona,St. Gallen,Unterer Kreuzacker 10,APARTMENT,47.24009558,8.82969465,https://flatfox.ch/de/wohnung/unterer-kreuzacker-10-8645-rapperswil-jona/85672770/,2026-05-17T01:48:21+00:00,31.810344827586206
85672825,"Route d'Arnier 14, 1092 Belmont-sur-Lausanne - CHF 2’170 inkl. NK pro Monat",2170,4.5,104.0,1092,Belmont-sur-Lausanne,Vaud,Route d'Arnier 14,APARTMENT,46.52344372,6.67923051,https://flatfox.ch/de/wohnung/route-darnier-14-1092-belmont-sur-lausanne/85672825/,2026-05-17T01:48:21+00:00,20.865384615384617
85672891,"Avenue de France 34, 1004 Lausanne - CHF 2’990 inkl. NK pro Monat",2990,3.0,98.0,1004,Lausanne,Vaud,Avenue de France 34,APARTMENT,46.52585300000002,6.62183323,https://flatfox.ch/de/wohnung/avenue-de-france-34-1004-lausanne/85672891/,2026-05-17T01:48:23+00:00,30.510204081632654
85673001,"Unterführungsstrasse 40, 4600 Olten - CHF 1’100 inkl. NK pro Monat",1100,1.5,29.0,4600,Olten,Solothurn,Unterführungsstrasse 40,APARTMENT,47.34930911,7.910708199999998,https://flatfox.ch/de/wohnung/unterfuhrungsstrasse-40-4600-olten/85673001/,2026-05-17T01:48:23+00:00,37.93103448275862
85673043,"Russenweg 5, 8008 Zürich - CHF 3’520",3520,3.0,80.0,8008,Zürich,Zurich,Russenweg 5,APARTMENT,47.35687242,8.57272457,https://flatfox.ch/de/wohnung/russenweg-5-8008-zurich/85673043/,2026-05-17T01:48:23+00:00,44.0
85673253,"Heimstr. 12, 9014 St. Gallen - CHF 2’250 inkl. NK pro Monat",2250,2.5,128.0,9014,St. Gallen,St. Gallen,Heimstr. 12,ROOF_FLAT,47.414518,9.33729161,https://flatfox.ch/de/wohnung/heimstr-12-9014-st-gallen/85673253/,2026-05-17T01:48:23+00:00,17.578125
85673375,"Feldbachstrasse 4, 9000 St. Gallen - CHF 1’814 inkl. NK pro Monat",1814,3.5,84.0,9000,St. Gallen,St. Gallen,Feldbachstrasse 4,APARTMENT,47.42119631,9.3555278,https://flatfox.ch/de/wohnung/feldbachstrasse-4-9000-st-gallen/85673375/,2026-05-17T01:48:23+00:00,21.595238095238095
85673631,"Route du Saugey 14, 1173 Féchy - CHF 3’550 inkl. NK pro Monat",3550,4.5,125.0,1173,Féchy,Vaud,Route du Saugey 14,APARTMENT,46.47960222,6.374086699999999,https://flatfox.ch/de/wohnung/route-du-saugey-14-1173-fechy/85673631/,2026-05-17T01:48:23+00:00,28.4
85673753,"Haldenweg 3, 9451 Kriessern - CHF 1’350 inkl. NK pro Monat",1350,3.5,75.0,9451,Kriessern,St. Gallen,Haldenweg 3,APARTMENT,47.36379382,9.6087982,https://flatfox.ch/de/wohnung/haldenweg-3-9451-kriessern/85673753/,2026-05-17T01:48:23+00:00,18.0
85674448,3074 Muri bei Bern - CHF 1’500 inkl. NK pro Monat,1500,2.5,60.0,3074,Muri bei Bern,Bern,,APARTMENT,46.92976075042697,7.486697464542276,https://flatfox.ch/de/wohnung/3074-muri-bei-bern/85674448/,2026-05-17T01:48:23+00:00,25.0
85675463,3665 Wattenwil - CHF 2’500 inkl. NK pro Monat,2500,3.5,89.0,3665,Wattenwil,Bern,,FURNISHED_FLAT,46.769940548185474,7.509783371545218,https://flatfox.ch/de/wohnung/3665-wattenwil/85675463/,2026-05-17T01:48:23+00:00,28.089887640449437
85675654,7310 Bad Ragaz - CHF 600,600,1.0,15.0,7310,Bad Ragaz,St. Gallen,,SINGLE_ROOM,46.99377565204146,9.465561124590314,https://flatfox.ch/de/wohnung/7310-bad-ragaz/85675654/,2026-05-17T01:48:23+00:00,40.0
85675747,"Zinal, 3961 Zinal - CHF 1’900",1900,4.5,100.0,3961,Zinal,Valais,Zinal,APARTMENT,46.13572143,7.62578924,https://flatfox.ch/de/wohnung/zinal-3961-zinal/85675747/,2026-05-17T01:48:23+00:00,19.0
85676772,"Rütmattstrasse 5, 5004 Aarau - CHF 2’290 inkl. NK pro Monat",2290,4.5,86.0,5004,Aarau,Aargau,Rütmattstrasse 5,APARTMENT,47.39985851,8.05914014,https://flatfox.ch/de/wohnung/rutmattstrasse-5-5004-aarau/85676772/,2026-05-17T01:48:23+00:00,26.627906976744185
85677356,"Place des Balances 9-11, Echallens, 1040 Echallens - CHF 2’085 inkl. NK pro Monat",2085,3.5,93.0,1040,Echallens,Vaud,"Place des Balances 9-11, Echallens",APARTMENT,46.64213716,6.63482135,https://flatfox.ch/de/wohnung/place-des-balances-9-11-echallens-1040-echallens/85677356/,2026-05-17T01:48:25+00:00,22.419354838709676
85677450,"Chemin de Maillefer 10, 1018 Lausanne - CHF 1’120 inkl. NK pro Monat",1120,1.0,39.0,1018,Lausanne,Vaud,Chemin de Maillefer 10,LOFT,46.54089996,6.63217682,https://flatfox.ch/de/wohnung/chemin-de-maillefer-10-1018-lausanne/85677450/,2026-05-17T01:48:25+00:00,28.71794871794872
85677630,"Sonnentalstrasse 13, 8600 Dübendorf - CHF 3’179 inkl. NK pro Monat",3179,2.5,70.0,8600,Dübendorf,Zurich,Sonnentalstrasse 13,APARTMENT,47.39675939,8.60212037,https://flatfox.ch/de/wohnung/sonnentalstrasse-13-8600-dubendorf/85677630/,2026-05-17T01:48:25+00:00,45.41428571428571
85677637,"Ch. de Mochettaz 6a, 1030 Bussigny - CHF 3’555 inkl. NK pro Monat",3555,5.5,131.0,1030,Bussigny,Vaud,Ch. de Mochettaz 6a,APARTMENT,46.54722286,6.55043359,https://flatfox.ch/de/wohnung/ch-de-mochettaz-6a-1030-bussigny/85677637/,2026-05-17T01:48:25+00:00,27.137404580152673
85677799,"rte Joseph-Chaley 43, 1700 Fribourg - CHF 1’670 inkl. NK pro Monat",1670,3.5,78.0,1700,Fribourg,Fribourg,rte Joseph-Chaley 43,APARTMENT,46.80525060000001,7.17735045,https://flatfox.ch/de/wohnung/rte-joseph-chaley-43-1700-fribourg/85677799/,2026-05-17T01:48:25+00:00,21.41025641025641
85677831,"Succès 35, 2300 La Chaux-de-Fonds - CHF 1’530 inkl. NK pro Monat",1530,4.5,103.0,2300,La Chaux-de-Fonds,Neuchâtel,Succès 35,APARTMENT,47.1176783,6.84056677,https://flatfox.ch/de/wohnung/succes-35-2300-la-chaux-de-fonds/85677831/,2026-05-17T01:48:25+00:00,14.854368932038835
85677851,"Hôtel-de-Ville 13, 2300 La Chaux-de-Fonds - CHF 1’400 inkl. NK pro Monat",1400,4.0,110.0,2300,La Chaux-de-Fonds,Neuchâtel,Hôtel-de-Ville 13,APARTMENT,47.10317161,6.83290753,https://flatfox.ch/de/wohnung/hotel-de-ville-13-2300-la-chaux-de-fonds/85677851/,2026-05-17T01:48:25+00:00,12.727272727272727
85677852,"Promenade 1, 2300 La Chaux-de-Fonds - CHF 1’240 inkl. NK pro Monat",1240,3.5,95.0,2300,La Chaux-de-Fonds,Neuchâtel,Promenade 1,APARTMENT,47.1176783,6.84056677,https://flatfox.ch/de/wohnung/promenade-1-2300-la-chaux-de-fonds/85677852/,2026-05-17T01:48:25+00:00,13.052631578947368
85677889,"Nelkenweg 6, 3006 Bern - CHF 1’450",1450,3.0,60.0,3006,Bern,Bern,Nelkenweg 6,APARTMENT,46.9402366,7.47358884,https://flatfox.ch/de/wohnung/nelkenweg-6-3006-bern/85677889/,2026-05-17T01:48:25+00:00,24.166666666666668
85678019,"Rue de Corbières 21, 1630 Bulle - CHF 2’150",2150,3.5,80.0,1630,Bulle,Fribourg,Rue de Corbières 21,APARTMENT,46.62243766,7.06153968,https://flatfox.ch/de/wohnung/rue-de-corbieres-21-1630-bulle/85678019/,2026-05-17T01:48:25+00:00,26.875
85678245,"Waldhofstrasse 8E, 4900 Langenthal - CHF 2’490 inkl. NK pro Monat",2490,4.5,160.0,4900,Langenthal,Bern,Waldhofstrasse 8E,ATTIC_FLAT,47.21646961,7.79187136,https://flatfox.ch/de/wohnung/waldhofstrasse-8e-4900-langenthal/85678245/,2026-05-17T01:48:25+00:00,15.5625
85678276,"Güterstrasse 311, 4053 Basel - CHF 1’580 inkl. NK pro Monat",1580,2.0,62.0,4053,Basel,Basel-Stadt,Güterstrasse 311,APARTMENT,47.5409402,7.6013537000000015,https://flatfox.ch/de/wohnung/guterstrasse-311-4053-basel/85678276/,2026-05-17T01:48:25+00:00,25.483870967741936
85678302,"St. Jakobs-Strasse 41, 4132 Muttenz - CHF 1’890 inkl. NK pro Monat",1890,1.5,75.0,4132,Muttenz,Basel-Landschaft,St. Jakobs-Strasse 41,APARTMENT,47.52938822,7.64291494,https://flatfox.ch/de/wohnung/st-jakobs-strasse-41-4132-muttenz/85678302/,2026-05-17T01:48:25+00:00,25.2
85678411,"Rotseehöhe 18, 6006 Luzern - CHF 1’850 inkl. NK pro Monat",1850,3.0,65.0,6006,Luzern,Lucerne,Rotseehöhe 18,APARTMENT,47.06663021,8.31274367,https://flatfox.ch/de/wohnung/rotseehohe-18-6006-luzern/85678411/,2026-05-17T01:48:25+00:00,28.46153846153846
85678552,"Route de Romont 7, 1678 Siviriez - CHF 1’450 inkl. NK pro Monat",1450,3.5,71.0,1678,Siviriez,Fribourg,Route de Romont 7,APARTMENT,46.65882258,6.877062899999999,https://flatfox.ch/de/wohnung/route-de-romont-7-1678-siviriez/85678552/,2026-05-17T01:48:25+00:00,20.422535211267604
85678733,"Tulpenweg 18, 3250 Lyss - CHF 1’590 inkl. NK pro Monat",1590,3.5,81.0,3250,Lyss,Bern,Tulpenweg 18,APARTMENT,47.068567,7.30296578,https://flatfox.ch/de/wohnung/tulpenweg-18-3250-lyss/85678733/,2026-05-17T01:48:25+00:00,19.62962962962963
85678983,"Route de la Veveyse 12, 1700 Fribourg - CHF 1’660 inkl. NK pro Monat",1660,3.5,75.0,1700,Fribourg,Fribourg,Route de la Veveyse 12,APARTMENT,46.79664323,7.13913852,https://flatfox.ch/de/wohnung/route-de-la-veveyse-12-1700-fribourg/85678983/,2026-05-17T01:48:25+00:00,22.133333333333333
85679171,"Kranichweg 4, 3074 Muri b. Bern - CHF 2’150 inkl. NK pro Monat",2150,4.5,98.0,3074,Muri b. Bern,Bern,Kranichweg 4,APARTMENT,46.93515027,7.49042786,https://flatfox.ch/de/wohnung/kranichweg-4-3074-muri-b-bern/85679171/,2026-05-17T01:48:26+00:00,21.93877551020408
85679203,"Benslistrasse 11a, 9034 Eggersriet - CHF 1’200",1200,2.5,100.0,9034,Eggersriet,St. Gallen,Benslistrasse 11a,APARTMENT,47.44121894,9.4621761,https://flatfox.ch/de/wohnung/benslistrasse-11a-9034-eggersriet/85679203/,2026-05-17T01:48:26+00:00,12.0
85679257,"Oberdorfstrasse 7 Berlingen, 8267 Berlingen - CHF 1’525",1525,3.5,70.0,8267,Berlingen,Thurgau,Oberdorfstrasse 7 Berlingen,APARTMENT,47.67330877,9.01926836,https://flatfox.ch/de/wohnung/oberdorfstrasse-7-berlingen-8267-berlingen/85679257/,2026-05-17T01:48:26+00:00,21.785714285714285
85679331,"Chilesteig 21, 8153 Rümlang - CHF 3’950",3950,3.5,178.0,8153,Rümlang,Zurich,Chilesteig 21,APARTMENT,47.44166817,8.36401671,https://flatfox.ch/de/wohnung/chilesteig-21-8153-rumlang/85679331/,2026-05-17T01:48:26+00:00,22.191011235955056
85679344,"Mirchelbergstrasse 42, 3507 Biglen - CHF 1’850",1850,2.5,98.0,3507,Biglen,Bern,Mirchelbergstrasse 42,APARTMENT,46.89929881,7.64664042,https://flatfox.ch/de/wohnung/mirchelbergstrasse-42-3507-biglen/85679344/,2026-05-17T01:48:26+00:00,18.877551020408163
85679767,"Rue Cernil-Antoine 8, 2300 La Chaux-de-Fonds - CHF 1’670 inkl. NK pro Monat",1670,4.5,114.0,2300,La Chaux-de-Fonds,Neuchâtel,Rue Cernil-Antoine 8,APARTMENT,47.09807599,6.81491931,https://flatfox.ch/de/wohnung/rue-cernil-antoine-8-2300-la-chaux-de-fonds/85679767/,2026-05-17T01:48:26+00:00,14.649122807017545
85679768,"Rue Cernil-Antoine 10, 2300 La Chaux-de-Fonds - CHF 1’120 inkl. NK pro Monat",1120,3.0,70.0,2300,La Chaux-de-Fonds,Neuchâtel,Rue Cernil-Antoine 10,APARTMENT,47.09796611,6.814752299999999,https://flatfox.ch/de/wohnung/rue-cernil-antoine-10-2300-la-chaux-de-fonds/85679768/,2026-05-17T01:48:26+00:00,16.0
85679777,"Bellevue 6, 2400 Le Locle - CHF 1’000 inkl. NK pro Monat",1000,4.0,72.0,2400,Le Locle,Neuchâtel,Bellevue 6,APARTMENT,47.05911818,6.74734713,https://flatfox.ch/de/wohnung/bellevue-6-2400-le-locle/85679777/,2026-05-17T01:48:26+00:00,13.88888888888889
85679796,"Wiedenhubstr. 47, 4410 Liestal - CHF 1’815 inkl. NK pro Monat",1815,4.0,82.0,4410,Liestal,Basel-Landschaft,Wiedenhubstr. 47,APARTMENT,47.48778845,7.7257199,https://flatfox.ch/de/wohnung/wiedenhubstr-47-4410-liestal/85679796/,2026-05-17T01:48:26+00:00,22.134146341463413
85679807,"Av. de Rumine 9, 1005 Lausanne - CHF 2’950 inkl. NK pro Monat",2950,5.0,138.0,1005,Lausanne,Vaud,Av. de Rumine 9,APARTMENT,46.51762799,6.63918439,https://flatfox.ch/de/wohnung/av-de-rumine-9-1005-lausanne/85679807/,2026-05-17T01:48:26+00:00,21.3768115942029
85679808,"Ch. des Trois - Rois 4, 1005 Lausanne - CHF 1’965 inkl. NK pro Monat",1965,2.5,67.0,1005,Lausanne,Vaud,Ch. des Trois - Rois 4,APARTMENT,46.5179859,6.639438300000002,https://flatfox.ch/de/wohnung/ch-des-trois-rois-4-1005-lausanne/85679808/,2026-05-17T01:48:26+00:00,29.328358208955223
85679809,"Ch. des Trois - Rois 6, 1005 Lausanne - CHF 2’280 inkl. NK pro Monat",2280,2.5,100.0,1005,Lausanne,Vaud,Ch. des Trois - Rois 6,APARTMENT,46.518206100000015,6.63961568,https://flatfox.ch/de/wohnung/ch-des-trois-rois-6-1005-lausanne/85679809/,2026-05-17T01:48:26+00:00,22.8
85679810,"Ch. des Trois - Rois 6, 1005 Lausanne - CHF 2’470 inkl. NK pro Monat",2470,3.5,107.0,1005,Lausanne,Vaud,Ch. des Trois - Rois 6,APARTMENT,46.518206100000015,6.63961568,https://flatfox.ch/de/wohnung/ch-des-trois-rois-6-1005-lausanne/85679810/,2026-05-17T01:48:26+00:00,23.08411214953271
85680166,"via Traversa 86, 6724 Largario - CHF 1’160",1160,5.5,110.0,6724,Largario,Ticino,via Traversa 86,APARTMENT,46.48115283,8.93210924,https://flatfox.ch/de/wohnung/via-traversa-86-6724-largario/85680166/,2026-05-17T01:48:26+00:00,10.545454545454545
85680336,"chemin de la Goleze 7, 1882 Gryon - CHF 1’800",1800,3.0,60.0,1882,Gryon,Vaud,chemin de la Goleze 7,APARTMENT,46.28798441,7.1012913000000015,https://flatfox.ch/de/wohnung/chemin-de-la-goleze-7-1882-gryon/85680336/,2026-05-17T01:48:26+00:00,30.0
85680359,3963 Aminona - CHF 1’500,1500,2.5,55.0,3963,Aminona,Valais,,APARTMENT,46.33254605532122,7.525703650319816,https://flatfox.ch/de/wohnung/3963-aminona/85680359/,2026-05-17T01:48:26+00:00,27.272727272727273
85680426,1205 Genf - CHF 1’300,1300,1.5,30.0,1205,Genf,Geneva,,APARTMENT,46.19028456952216,6.146565151817921,https://flatfox.ch/de/wohnung/1205-genf/85680426/,2026-05-17T01:48:26+00:00,43.333333333333336
85680895,"Fridtalweg 8, 8488 Turbenthal - CHF 2’490 inkl. NK pro Monat",2490,4.5,115.0,8488,Turbenthal,Zurich,Fridtalweg 8,APARTMENT,47.44237315,8.83996119,https://flatfox.ch/de/wohnung/fridtalweg-8-8488-turbenthal/85680895/,2026-05-17T01:48:26+00:00,21.652173913043477
85681092,"via Monte Boglia, 6900 Lugano - CHF 1’880",1880,3.5,75.0,6900,Lugano,Ticino,via Monte Boglia,APARTMENT,46.01796236,8.95915946,https://flatfox.ch/de/wohnung/via-monte-boglia-6900-lugano/85681092/,2026-05-17T01:48:26+00:00,25.066666666666666
85681094,"via Zurigo, 6900 Lugano - CHF 1’100",1100,2.5,32.0,6900,Lugano,Ticino,via Zurigo,APARTMENT,46.01188991,8.95391226,https://flatfox.ch/de/wohnung/via-zurigo-6900-lugano/85681094/,2026-05-17T01:48:26+00:00,34.375
85681557,"Bauholzstrasse 2, 9300 Wittenbach - CHF 1’900 inkl. NK pro Monat",1900,3.5,86.0,9300,Wittenbach,St. Gallen,Bauholzstrasse 2,APARTMENT,47.46019146,9.39068611,https://flatfox.ch/de/wohnung/bauholzstrasse-2-9300-wittenbach/85681557/,2026-05-17T01:48:26+00:00,22.093023255813954
85681702,"Parkallee 63/65, 4123 Allschwil - CHF 1’540",1540,3.0,59.0,4123,Allschwil,Basel-Landschaft,Parkallee 63/65,APARTMENT,47.5526666,7.5584304000000015,https://flatfox.ch/de/wohnung/parkallee-6365-4123-allschwil/85681702/,2026-05-17T01:48:49+00:00,26.10169491525424
85681999,8840 Einsiedeln - CHF 950,950,1.0,22.0,8840,Einsiedeln,Schwyz,,SINGLE_ROOM,47.110902201832936,8.735630596290315,https://flatfox.ch/de/wohnung/8840-einsiedeln/85681999/,2026-05-17T01:48:49+00:00,43.18181818181818
85682031,"Höhenstrasse 4, 9300 Wittenbach - CHF 1’390 inkl. NK pro Monat",1390,3.5,74.0,9300,Wittenbach,St. Gallen,Höhenstrasse 4,APARTMENT,47.45780184,9.3840365,https://flatfox.ch/de/wohnung/hohenstrasse-4-9300-wittenbach/85682031/,2026-05-17T01:48:49+00:00,18.783783783783782
85682061,"Alte Landstrasse 147, 8804 Au ZH - CHF 3’910 inkl. NK pro Monat",3910,3.5,94.0,8804,Au ZH,Zurich,Alte Landstrasse 147,APARTMENT,47.24837638,8.63024465,https://flatfox.ch/de/wohnung/alte-landstrasse-147-8804-au-zh/85682061/,2026-05-17T01:48:49+00:00,41.59574468085106
85682331,"Pfingstweidstrasse 106a, 8005 Zürich - CHF 3’800 inkl. NK pro Monat",3800,3.5,97.0,8005,Zürich,Zurich,Pfingstweidstrasse 106a,APARTMENT,47.39127733,8.508009999999999,https://flatfox.ch/de/wohnung/pfingstweidstrasse-106a-8005-zurich/85682331/,2026-05-17T01:48:49+00:00,39.175257731958766
85682844,"Albisstrasse 55, 8134 Adliswil - CHF 2’375",2375,2.5,50.0,8134,Adliswil,Zurich,Albisstrasse 55,APARTMENT,47.30293011,8.52310481,https://flatfox.ch/de/wohnung/albisstrasse-55-8134-adliswil/85682844/,2026-05-17T01:48:49+00:00,47.5
85682850,"Jungholzstrasse 48, 8050 Zürich - CHF 3’130 inkl. NK pro Monat",3130,3.5,91.0,8050,Zürich,Zurich,Jungholzstrasse 48,APARTMENT,47.41597845,8.54431265,https://flatfox.ch/de/wohnung/jungholzstrasse-48-8050-zurich/85682850/,2026-05-17T01:48:49+00:00,34.395604395604394
85682879,"Staldenacker 5, 5014 Gretzenbach - CHF 1’650 inkl. NK pro Monat",1650,4.5,94.0,5014,Gretzenbach,Solothurn,Staldenacker 5,APARTMENT,47.35968587,7.99623283,https://flatfox.ch/de/wohnung/staldenacker-5-5014-gretzenbach/85682879/,2026-05-17T01:48:49+00:00,17.5531914893617
85683258,"Chemin des Roches 34, 1066 Epalinges - CHF 2’160 inkl. NK pro Monat",2160,3.0,77.0,1066,Epalinges,Vaud,Chemin des Roches 34,APARTMENT,46.543183,6.658546599999999,https://flatfox.ch/de/wohnung/chemin-des-roches-34-1066-epalinges/85683258/,2026-05-17T01:48:49+00:00,28.051948051948052
85683350,"David-Pierre Bourquin 40, 2300 La Chaux-de-Fonds - CHF 2’300 inkl. NK pro Monat",2300,7.0,154.0,2300,La Chaux-de-Fonds,Neuchâtel,David-Pierre Bourquin 40,APARTMENT,47.09759409999999,6.828164200000002,https://flatfox.ch/de/wohnung/david-pierre-bourquin-40-2300-la-chaux-de-fonds/85683350/,2026-05-17T01:48:49+00:00,14.935064935064934
85683354,2800 Delémont - CHF 1’563 inkl. NK pro Monat,1563,3.5,100.0,2800,Delémont,Jura,,FURNISHED_FLAT,47.36685641180833,7.332460735584751,https://flatfox.ch/de/wohnung/2800-delemont/85683354/,2026-05-17T01:48:49+00:00,15.63
85683374,"Schuetzenweg 24, 9470 Buchs SG - CHF 1’880 inkl. NK pro Monat",1880,3.5,80.0,9470,Buchs SG,St. Gallen,Schuetzenweg 24,ROOF_FLAT,47.1559557,9.4771382,https://flatfox.ch/de/wohnung/schuetzenweg-24-9470-buchs-sg/85683374/,2026-05-17T01:48:49+00:00,23.5
85683383,"Ulrich-Röschstrasse 55, 9500 Wil - CHF 1’965 inkl. NK pro Monat",1965,3.5,98.0,9500,Wil,St. Gallen,Ulrich-Röschstrasse 55,APARTMENT,47.47029618,9.0600169,https://flatfox.ch/de/wohnung/ulrich-roschstrasse-55-9500-wil/85683383/,2026-05-17T01:48:49+00:00,20.051020408163264
85683546,"Hauptstrasse 2a, 3422 Alchenflüh - CHF 1’400 inkl. NK pro Monat",1400,4.5,80.0,3422,Alchenflüh,Bern,Hauptstrasse 2a,APARTMENT,47.08250815,7.579291400000002,https://flatfox.ch/de/wohnung/hauptstrasse-2a-3422-alchenfluh/85683546/,2026-05-17T01:48:49+00:00,17.5
85684309,"Via Lischedo 3, 6802 Rivera - CHF 1’705 inkl. NK pro Monat",1705,3.5,79.0,6802,Rivera,Ticino,Via Lischedo 3,APARTMENT,46.12453542,8.92287417,https://flatfox.ch/de/wohnung/via-lischedo-3-6802-rivera/85684309/,2026-05-17T01:48:51+00:00,21.582278481012658
85684320,"Bahnhofplatz 65, 8500 Frauenfeld - CHF 2’140 inkl. NK pro Monat",2140,4.5,104.0,8500,Frauenfeld,Thurgau,Bahnhofplatz 65,APARTMENT,47.55734629,8.89544496,https://flatfox.ch/de/wohnung/bahnhofplatz-65-8500-frauenfeld/85684320/,2026-05-17T01:48:51+00:00,20.576923076923077
85684435,"Gyrischacherstrasse 43, 3400 Burgdorf - CHF 1’450",1450,3.5,70.0,3400,Burgdorf,Bern,Gyrischacherstrasse 43,APARTMENT,47.06345355,7.62981983,https://flatfox.ch/de/wohnung/gyrischacherstrasse-43-3400-burgdorf/85684435/,2026-05-17T01:48:51+00:00,20.714285714285715
85684984,6900 Massagno - CHF 4’000,4000,4.0,200.0,6900,Massagno,Ticino,,APARTMENT,46.01298209599529,8.941822165849661,https://flatfox.ch/de/wohnung/6900-massagno/85684984/,2026-05-17T01:48:51+00:00,20.0
85685178,"Brühlstrasse 63, 9320 Arbon - CHF 1’170 inkl. NK pro Monat",1170,3.5,89.0,9320,Arbon,Thurgau,Brühlstrasse 63,DUPLEX,47.5118693,9.42176191,https://flatfox.ch/de/wohnung/bruhlstrasse-63-9320-arbon/85685178/,2026-05-17T01:48:51+00:00,13.146067415730338
85685201,"Hinterdorfstrasse 1, 8314 Kyburg - CHF 3’290 inkl. NK pro Monat",3290,4.0,124.0,8314,Kyburg,Zurich,Hinterdorfstrasse 1,APARTMENT,47.45777142,8.74493155,https://flatfox.ch/de/wohnung/hinterdorfstrasse-1-8314-kyburg/85685201/,2026-05-17T01:48:51+00:00,26.532258064516128
85685453,"Johannes Baumann-Strasse 3, 9100 Herisau - CHF 1’150 inkl. NK pro Monat",1150,2.5,60.0,9100,Herisau,Appenzell Ausserrhoden,Johannes Baumann-Strasse 3,ROOF_FLAT,47.37482667,9.2837173,https://flatfox.ch/de/wohnung/johannes-baumann-strasse-3-9100-herisau/85685453/,2026-05-17T01:48:51+00:00,19.166666666666668
85685462,"Bachlettenstrasse 47, 4054 Basel - CHF 2’809 inkl. NK pro Monat",2809,4.5,89.0,4054,Basel,Basel-Stadt,Bachlettenstrasse 47,APARTMENT,47.54855771,7.57934781,https://flatfox.ch/de/wohnung/bachlettenstrasse-47-4054-basel/85685462/,2026-05-17T01:48:51+00:00,31.56179775280899
85685939,"St. Gallerstrasse 139, 8645 Rapperswil-Jona - CHF 2’394 inkl. NK pro Monat",2394,3.5,94.0,8645,Rapperswil-Jona,St. Gallen,St. Gallerstrasse 139,APARTMENT,47.23085771,8.851502499999999,https://flatfox.ch/de/wohnung/st-gallerstrasse-139-8645-rapperswil-jona/85685939/,2026-05-17T01:48:51+00:00,25.46808510638298
85686039,"Via Loverciano 23, 6874 Castel San Pietro - CHF 1’780",1780,4.5,110.0,6874,Castel San Pietro,Ticino,Via Loverciano 23,APARTMENT,45.8608107,9.0044724,https://flatfox.ch/de/wohnung/via-loverciano-23-6874-castel-san-pietro/85686039/,2026-05-17T01:48:51+00:00,16.181818181818183
85686051,"Fabrikstr. 6, 9472 Grabs - CHF 1’860 inkl. NK pro Monat",1860,4.5,99.0,9472,Grabs,St. Gallen,Fabrikstr. 6,APARTMENT,47.18233321,9.45156659,https://flatfox.ch/de/wohnung/fabrikstr-6-9472-grabs/85686051/,2026-05-17T01:48:51+00:00,18.78787878787879
85686155,"Bernstrasse 33, 3400 Burgdorf - CHF 1’690 inkl. NK pro Monat",1690,4.5,105.0,3400,Burgdorf,Bern,Bernstrasse 33,APARTMENT,47.0529268,7.62028011,https://flatfox.ch/de/wohnung/bernstrasse-33-3400-burgdorf/85686155/,2026-05-17T01:48:51+00:00,16.095238095238095
85686224,"St. Jakobstrasse 69, 4133 Pratteln - CHF 1’515 inkl. NK pro Monat",1515,2.5,56.0,4133,Pratteln,Basel-Landschaft,St. Jakobstrasse 69,APARTMENT,47.5200413,7.682292299999999,https://flatfox.ch/de/wohnung/st-jakobstrasse-69-4133-pratteln/85686224/,2026-05-17T01:48:51+00:00,27.053571428571427
85686489,"Rüttiweg 11, 3047 Bremgarten - CHF 1’920",1920,4.5,80.0,3047,Bremgarten,Bern,Rüttiweg 11,APARTMENT,46.9721119,7.43573048,https://flatfox.ch/de/wohnung/ruttiweg-11-3047-bremgarten/85686489/,2026-05-17T01:48:51+00:00,24.0
85686572,"Via Ligornetto 19, 6855 Stabio - CHF 1’350 inkl. NK pro Monat",1350,2.5,57.0,6855,Stabio,Ticino,Via Ligornetto 19,APARTMENT,45.85705987,8.94159859,https://flatfox.ch/de/wohnung/via-ligornetto-19-6855-stabio/85686572/,2026-05-17T01:48:51+00:00,23.68421052631579
85686623,"Seestrasse 48, 8942 Oberrieden - CHF 2’820 inkl. NK pro Monat",2820,3.0,70.0,8942,Oberrieden,Zurich,Seestrasse 48,APARTMENT,47.27598752,8.58143045,https://flatfox.ch/de/wohnung/seestrasse-48-8942-oberrieden/85686623/,2026-05-17T01:48:54+00:00,40.285714285714285
85686785,"Espace de l'Europe 20, 2000 Neuchâtel - CHF 2’540 inkl. NK pro Monat",2540,4.5,105.0,2000,Neuchâtel,Neuchâtel,Espace de l'Europe 20,APARTMENT,46.99865381,6.942660399999999,https://flatfox.ch/de/wohnung/espace-de-leurope-20-2000-neuchatel/85686785/,2026-05-17T01:48:54+00:00,24.19047619047619
85686864,"Museumstrasse 8, 8904 Aesch - CHF 1’995 inkl. NK pro Monat",1995,2.5,99.0,8904,Aesch,Zurich,Museumstrasse 8,ROOF_FLAT,47.33635544,8.43871053,https://flatfox.ch/de/wohnung/museumstrasse-8-8904-aesch/85686864/,2026-05-17T01:48:54+00:00,20.151515151515152
85687104,"Unterdorf 28, 4203 Grellingen - CHF 1’580",1580,2.5,63.0,4203,Grellingen,Basel-Landschaft,Unterdorf 28,APARTMENT,47.44077315,7.586317999999999,https://flatfox.ch/de/wohnung/unterdorf-28-4203-grellingen/85687104/,2026-05-17T01:48:54+00:00,25.07936507936508
85687198,"Via Geretta 18, 6900 Paradiso - CHF 2’090 inkl. NK pro Monat",2090,3.5,78.0,6900,Paradiso,Ticino,Via Geretta 18,APARTMENT,45.99153413,8.94400179,https://flatfox.ch/de/wohnung/via-geretta-18-6900-paradiso/85687198/,2026-05-17T01:48:54+00:00,26.794871794871796
85687210,"Via Flora Ruchat-Roncati 4f-h, 6850 Mendrisio - CHF 1’180 inkl. NK pro Monat",1180,2.5,47.0,6850,Mendrisio,Ticino,Via Flora Ruchat-Roncati 4f-h,APARTMENT,45.8690864,8.97523914,https://flatfox.ch/de/wohnung/via-flora-ruchat-roncati-4f-h-6850-mendrisio/85687210/,2026-05-17T01:48:54+00:00,25.106382978723403
85687442,"Via Carlo Diener 28, 6850 Mendrisio - CHF 1’650",1650,2.5,65.0,6850,Mendrisio,Ticino,Via Carlo Diener 28,APARTMENT,45.86751875,8.98035317,https://flatfox.ch/de/wohnung/via-carlo-diener-28-6850-mendrisio/85687442/,2026-05-17T01:48:54+00:00,25.384615384615383
85687709,"Oberdorfstrasse 90, 9100 Herisau - CHF 886 inkl. NK pro Monat",886,2.5,45.0,9100,Herisau,Appenzell Ausserrhoden,Oberdorfstrasse 90,APARTMENT,47.38700087,9.28708095,https://flatfox.ch/de/wohnung/oberdorfstrasse-90-9100-herisau/85687709/,2026-05-17T01:48:54+00:00,19.68888888888889
85687872,"Hiltiwaldweg 4, 5443 Niederrohrdorf - CHF 1’995 inkl. NK pro Monat",1995,2.5,77.0,5443,Niederrohrdorf,Aargau,Hiltiwaldweg 4,APARTMENT,47.42581111,8.29890281,https://flatfox.ch/de/wohnung/hiltiwaldweg-4-5443-niederrohrdorf/85687872/,2026-05-17T01:48:54+00:00,25.90909090909091
85687873,"Irisweg 8, 5417 Untersiggenthal - CHF 1’810 inkl. NK pro Monat",1810,3.5,83.0,5417,Untersiggenthal,Aargau,Irisweg 8,APARTMENT,47.49461467,8.263960899999999,https://flatfox.ch/de/wohnung/irisweg-8-5417-untersiggenthal/85687873/,2026-05-17T01:48:54+00:00,21.80722891566265
85688145,"Amerbachstrasse 64, 4057 Basel - CHF 1’430",1430,2.0,45.0,4057,Basel,Basel-Stadt,Amerbachstrasse 64,APARTMENT,47.56900173,7.594023999999999,https://flatfox.ch/de/wohnung/amerbachstrasse-64-4057-basel/85688145/,2026-05-17T01:48:54+00:00,31.77777777777778
85689345,"Ch. de la Redoute 36, 1260 Nyon - CHF 2’100 inkl. NK pro Monat",2100,3.0,80.0,1260,Nyon,Vaud,Ch. de la Redoute 36,APARTMENT,46.38868816,6.239285199999999,https://flatfox.ch/de/wohnung/ch-de-la-redoute-36-1260-nyon/85689345/,2026-05-17T01:48:54+00:00,26.25
85689375,"Krebsbärenhalde 2, 6048 Horw - CHF 1’730 inkl. NK pro Monat",1730,4.5,94.0,6048,Horw,Lucerne,Krebsbärenhalde 2,APARTMENT,47.01502391,8.313036799999999,https://flatfox.ch/de/wohnung/krebsbarenhalde-2-6048-horw/85689375/,2026-05-17T01:48:54+00:00,18.404255319148938
85689495,"Badstrasse 30, 5400 Baden - CHF 4’550 inkl. NK pro Monat",4550,3.5,99.0,5400,Baden,Aargau,Badstrasse 30,APARTMENT,47.47518145,8.308627099999999,https://flatfox.ch/de/wohnung/badstrasse-30-5400-baden/85689495/,2026-05-17T01:48:57+00:00,45.95959595959596
85689619,"Rue Gambetta 7, 1815 CLARENS - CHF 1’520",1520,2.5,46.0,1815,CLARENS,Vaud,Rue Gambetta 7,APARTMENT,46.44092591,6.89584577,https://flatfox.ch/de/wohnung/rue-gambetta-7-1815-clarens/85689619/,2026-05-17T01:48:57+00:00,33.04347826086956
85689624,"Tribschenstrasse 54-58a, 6005 Luzern - CHF 1’940 inkl. NK pro Monat",1940,2.5,49.0,6005,Luzern,Lucerne,Tribschenstrasse 54-58a,APARTMENT,47.04235494,8.3145677,https://flatfox.ch/de/wohnung/tribschenstrasse-54-58a-6005-luzern/85689624/,2026-05-17T01:48:57+00:00,39.59183673469388
85689659,"Tribschenstrasse 54-58a, 6005 Luzern - CHF 2’740 inkl. NK pro Monat",2740,3.5,75.0,6005,Luzern,Lucerne,Tribschenstrasse 54-58a,APARTMENT,47.04235494,8.3145677,https://flatfox.ch/de/wohnung/tribschenstrasse-54-58a-6005-luzern/85689659/,2026-05-17T01:48:57+00:00,36.53333333333333
85689677,"Tribschenstrasse 54-58a, 6005 Luzern - CHF 3’350 inkl. NK pro Monat",3350,4.5,104.0,6005,Luzern,Lucerne,Tribschenstrasse 54-58a,APARTMENT,47.04235494,8.3145677,https://flatfox.ch/de/wohnung/tribschenstrasse-54-58a-6005-luzern/85689677/,2026-05-17T01:48:57+00:00,32.21153846153846
85689697,"Rislingstrasse 5, 8044 Zürich - CHF 5’965 inkl. NK pro Monat",5965,4.5,138.0,8044,Zürich,Zurich,Rislingstrasse 5,APARTMENT,47.37899928,8.557876199999999,https://flatfox.ch/de/wohnung/rislingstrasse-5-8044-zurich/85689697/,2026-05-17T01:48:57+00:00,43.22463768115942
85690125,"Ziegelfeldstrasse 36, 4600 Olten - CHF 1’890 inkl. NK pro Monat",1890,4.5,92.0,4600,Olten,Solothurn,Ziegelfeldstrasse 36,APARTMENT,47.3520977,7.899049799999999,https://flatfox.ch/de/wohnung/ziegelfeldstrasse-36-4600-olten/85690125/,2026-05-17T01:48:57+00:00,20.543478260869566
85690136,"Wylerweg 3, 3324 Hindelbank - CHF 1’800 inkl. NK pro Monat",1800,3.5,83.0,3324,Hindelbank,Bern,Wylerweg 3,APARTMENT,47.040737700000015,7.5402903000000014,https://flatfox.ch/de/wohnung/wylerweg-3-3324-hindelbank/85690136/,2026-05-17T01:48:57+00:00,21.686746987951807
85690260,"Boulevard de la Cluse 35, 1205 Genève - CHF 3’085 inkl. NK pro Monat",3085,2.5,80.0,1205,Genève,Geneva,Boulevard de la Cluse 35,LOFT,46.1905883,6.14539579,https://flatfox.ch/de/wohnung/boulevard-de-la-cluse-35-1205-geneve/85690260/,2026-05-17T01:48:57+00:00,38.5625
85690792,"Signaustrasse 10, 8008 Zürich - CHF 5’568 inkl. NK pro Monat",5568,4.5,127.0,8008,Zürich,Zurich,Signaustrasse 10,APARTMENT,47.36297857,8.556728699999999,https://flatfox.ch/de/wohnung/signaustrasse-10-8008-zurich/85690792/,2026-05-17T01:48:57+00:00,43.84251968503937
85691228,"Mühledorfstrasse 23, 3018 Bern - CHF 2’350 inkl. NK pro Monat",2350,4.5,87.0,3018,Bern,Bern,Mühledorfstrasse 23,APARTMENT,46.9450994,7.389521999999999,https://flatfox.ch/de/wohnung/muhledorfstrasse-23-3018-bern/85691228/,2026-05-17T01:48:57+00:00,27.011494252873565
85691377,"Fraumattstr. 37, 4410 Liestal - CHF 1’640 inkl. NK pro Monat",1640,3.0,67.0,4410,Liestal,Basel-Landschaft,Fraumattstr. 37,APARTMENT,47.49720973,7.72715357,https://flatfox.ch/de/wohnung/fraumattstr-37-4410-liestal/85691377/,2026-05-17T01:48:57+00:00,24.47761194029851
85691417,"Rüttenenstrasse 36, 4513 Langendorf - CHF 1’500",1500,4.5,80.0,4513,Langendorf,Solothurn,Rüttenenstrasse 36,APARTMENT,47.2227637,7.5197045,https://flatfox.ch/de/wohnung/ruttenenstrasse-36-4513-langendorf/85691417/,2026-05-17T01:48:57+00:00,18.75
85691423,"Fraumattstr. 37, 4410 Liestal - CHF 1’400 inkl. NK pro Monat",1400,2.0,52.0,4410,Liestal,Basel-Landschaft,Fraumattstr. 37,APARTMENT,47.49720973,7.72715357,https://flatfox.ch/de/wohnung/fraumattstr-37-4410-liestal/85691423/,2026-05-17T01:48:59+00:00,26.923076923076923
85691720,"Klybeckstrasse 190, 4057 Basel - CHF 3’295 inkl. NK pro Monat",3295,4.0,124.0,4057,Basel,Basel-Stadt,Klybeckstrasse 190,APARTMENT,47.57159791,7.590549500000002,https://flatfox.ch/de/wohnung/klybeckstrasse-190-4057-basel/85691720/,2026-05-17T01:48:59+00:00,26.572580645161292
85691721,"Klybeckstrasse 190, 4057 Basel - CHF 3’295 inkl. NK pro Monat",3295,4.0,124.0,4057,Basel,Basel-Stadt,Klybeckstrasse 190,APARTMENT,47.57159791,7.590549500000002,https://flatfox.ch/de/wohnung/klybeckstrasse-190-4057-basel/85691721/,2026-05-17T01:48:59+00:00,26.572580645161292
85692126,"via gaggiolo 12, 6855 Stabio - CHF 1’000",1000,1.0,35.0,6855,Stabio,Ticino,via gaggiolo 12,APARTMENT,45.8466324,8.93280418,https://flatfox.ch/de/wohnung/via-gaggiolo-12-6855-stabio/85692126/,2026-05-17T01:48:59+00:00,28.571428571428573
85692127,"via gaggiolo 12, 6855 Stabio - CHF 1’500",1500,1.0,50.0,6855,Stabio,Ticino,via gaggiolo 12,APARTMENT,45.8466324,8.93280418,https://flatfox.ch/de/wohnung/via-gaggiolo-12-6855-stabio/85692127/,2026-05-17T01:48:59+00:00,30.0
85692128,"Francesco chiesa 53, 6850 Mendrisio - CHF 1’100",1100,3.5,80.0,6850,Mendrisio,Ticino,Francesco chiesa 53,APARTMENT,45.8638446,8.9794728,https://flatfox.ch/de/wohnung/francesco-chiesa-53-6850-mendrisio/85692128/,2026-05-17T01:48:59+00:00,13.75
85692129,6853 Ligornetto - CHF 1’250,1250,3.5,80.0,6853,Ligornetto,Ticino,,APARTMENT,45.86283162039227,8.951564097477245,https://flatfox.ch/de/wohnung/6853-ligornetto/85692129/,2026-05-17T01:48:59+00:00,15.625
85692196,"Langegasse 129, 4104 Oberwil BL - CHF 2’500 inkl. NK pro Monat",2500,3.5,93.0,4104,Oberwil BL,Basel-Landschaft,Langegasse 129,APARTMENT,47.50813249999999,7.5607251999999985,https://flatfox.ch/de/wohnung/langegasse-129-4104-oberwil-bl/85692196/,2026-05-17T01:48:59+00:00,26.881720430107528
85692321,"Quellenstrasse 36, 8580 Amriswil - CHF 2’150",2150,4.5,109.0,8580,Amriswil,Thurgau,Quellenstrasse 36,APARTMENT,47.54137719,9.28949523,https://flatfox.ch/de/wohnung/quellenstrasse-36-8580-amriswil/85692321/,2026-05-17T01:48:59+00:00,19.724770642201836
85692322,"Quellenstrasse 34, 8580 Amriswil - CHF 1’360",1360,2.5,52.0,8580,Amriswil,Thurgau,Quellenstrasse 34,APARTMENT,47.54240141,9.28954843,https://flatfox.ch/de/wohnung/quellenstrasse-34-8580-amriswil/85692322/,2026-05-17T01:48:59+00:00,26.153846153846153
85692324,"Quellenstrasse 34, 8580 Amriswil - CHF 1’100",1100,1.5,44.0,8580,Amriswil,Thurgau,Quellenstrasse 34,APARTMENT,47.54240141,9.28954843,https://flatfox.ch/de/wohnung/quellenstrasse-34-8580-amriswil/85692324/,2026-05-17T01:48:59+00:00,25.0
85692325,"Breitenaachstrasse 15, 8580 Amriswil - CHF 1’870",1870,3.5,91.0,8580,Amriswil,Thurgau,Breitenaachstrasse 15,APARTMENT,47.54183428,9.28979821,https://flatfox.ch/de/wohnung/breitenaachstrasse-15-8580-amriswil/85692325/,2026-05-17T01:48:59+00:00,20.54945054945055
85692385,"Aeulistrasse 5, 8570 Weinfelden - CHF 1’790",1790,4.5,87.0,8570,Weinfelden,Thurgau,Aeulistrasse 5,APARTMENT,47.56537726,9.12079321,https://flatfox.ch/de/wohnung/aeulistrasse-5-8570-weinfelden/85692385/,2026-05-17T01:48:59+00:00,20.57471264367816
85692437,"Emmenstrasse 5, 3415 Hasle b. Burgdorf - CHF 1’480 inkl. NK pro Monat",1480,4.5,89.0,3415,Hasle b. Burgdorf,Bern,Emmenstrasse 5,APARTMENT,47.01731294,7.653947599999999,https://flatfox.ch/de/wohnung/emmenstrasse-5-3415-hasle-b-burgdorf/85692437/,2026-05-17T01:48:59+00:00,16.629213483146067
85692453,"Feldbergstrasse 128, 4057 Basel - CHF 1’580",1580,3.0,65.0,4057,Basel,Basel-Stadt,Feldbergstrasse 128,APARTMENT,47.56709394,7.59637978,https://flatfox.ch/de/wohnung/feldbergstrasse-128-4057-basel/85692453/,2026-05-17T01:48:59+00:00,24.307692307692307
85692659,"Stampfibachstr. 7B, 4663 Aarburg - CHF 2’300 inkl. NK pro Monat",2300,4.5,106.0,4663,Aarburg,Aargau,Stampfibachstr. 7B,APARTMENT,47.31413766,7.9025687,https://flatfox.ch/de/wohnung/stampfibachstr-7b-4663-aarburg/85692659/,2026-05-17T01:48:59+00:00,21.69811320754717
85692714,"Schulstrasse 5, 5706 Boniswil - CHF 1’650 inkl. NK pro Monat",1650,2.5,55.0,5706,Boniswil,Aargau,Schulstrasse 5,APARTMENT,47.31544444,8.18660067,https://flatfox.ch/de/wohnung/schulstrasse-5-5706-boniswil/85692714/,2026-05-17T01:48:59+00:00,30.0
85692909,9410 Heiden - CHF 2’640 inkl. NK pro Monat,2640,4.5,80.0,9410,Heiden,Appenzell Ausserrhoden,,FURNISHED_FLAT,47.44138409134781,9.529376837259166,https://flatfox.ch/de/wohnung/9410-heiden/85692909/,2026-05-17T01:48:59+00:00,33.0
85693053,"Avenue de la Gare 42, 1003 Lausanne - CHF 1’320 inkl. NK pro Monat",1320,1.0,29.0,1003,Lausanne,Vaud,Avenue de la Gare 42,APARTMENT,46.51767419,6.63186847,https://flatfox.ch/de/wohnung/avenue-de-la-gare-42-1003-lausanne/85693053/,2026-05-17T01:48:59+00:00,45.51724137931034
85693092,"Bafert 10, 3235 Erlach - CHF 1’380 inkl. NK pro Monat",1380,3.5,68.0,3235,Erlach,Bern,Bafert 10,APARTMENT,47.03991241,7.09813177,https://flatfox.ch/de/wohnung/bafert-10-3235-erlach/85693092/,2026-05-17T01:48:59+00:00,20.294117647058822
85693102,"Oberzilstrasse 17, 9016 St. Gallen - CHF 1’675 inkl. NK pro Monat",1675,4.5,93.0,9016,St. Gallen,St. Gallen,Oberzilstrasse 17,APARTMENT,47.44192921,9.40666791,https://flatfox.ch/de/wohnung/oberzilstrasse-17-9016-st-gallen/85693102/,2026-05-17T01:48:59+00:00,18.010752688172044
85693135,"Kesslernmattstr. 10, 8965 Berikon - CHF 1’925 inkl. NK pro Monat",1925,3.5,85.0,8965,Berikon,Aargau,Kesslernmattstr. 10,APARTMENT,47.36412775,8.36389736,https://flatfox.ch/de/wohnung/kesslernmattstr-10-8965-berikon/85693135/,2026-05-17T01:48:59+00:00,22.647058823529413
85693198,"Avenue de la Rochelle 5, 1008 Prilly - CHF 2’030 inkl. NK pro Monat",2030,4.0,87.0,1008,Prilly,Vaud,Avenue de la Rochelle 5,APARTMENT,46.53198653,6.6017821,https://flatfox.ch/de/wohnung/avenue-de-la-rochelle-5-1008-prilly/85693198/,2026-05-17T01:48:59+00:00,23.333333333333332
85693292,"Schlössliweg 26, 5425 Schneisingen - CHF 2’320",2320,4.5,126.0,5425,Schneisingen,Aargau,Schlössliweg 26,ROOF_FLAT,47.51853399,8.36277899,https://flatfox.ch/de/wohnung/schlossliweg-26-5425-schneisingen/85693292/,2026-05-17T01:48:59+00:00,18.41269841269841
85693302,8055 Zurich - CHF 2’640 inkl. NK pro Monat,2640,3.0,75.0,8055,Zurich,Zurich,,FURNISHED_FLAT,47.362746023272464,8.493622327364855,https://flatfox.ch/de/wohnung/8055-zurich/85693302/,2026-05-17T01:48:59+00:00,35.2
85693745,"Burgfeldermattweg 23, 4123 Allschwil - CHF 1’460",1460,2.5,50.0,4123,Allschwil,Basel-Landschaft,Burgfeldermattweg 23,APARTMENT,47.5546548,7.5402572,https://flatfox.ch/de/wohnung/burgfeldermattweg-23-4123-allschwil/85693745/,2026-05-17T01:49:01+00:00,29.2
85693846,"Dorfstrasse 14, 4423 Hersberg - CHF 1’600",1600,3.0,85.0,4423,Hersberg,Basel-Landschaft,Dorfstrasse 14,APARTMENT,47.49231488,7.78266898,https://flatfox.ch/de/wohnung/dorfstrasse-14-4423-hersberg/85693846/,2026-05-17T01:49:01+00:00,18.823529411764707
85694252,"Fridtalweg 8, 8487 Zell ZH - CHF 2’490",2490,4.5,115.0,8487,Zell ZH,Zurich,Fridtalweg 8,APARTMENT,47.44237315,8.83996119,https://flatfox.ch/de/wohnung/fridtalweg-8-8487-zell-zh/85694252/,2026-05-17T01:49:01+00:00,21.652173913043477
85694274,"Route des Arsenaux 6, Entrée A, 1700 Fribourg - CHF 1’760 inkl. NK pro Monat",1760,3.5,73.0,1700,Fribourg,Fribourg,"Route des Arsenaux 6, Entrée A",APARTMENT,46.79837619,7.14930941,https://flatfox.ch/de/wohnung/route-des-arsenaux-6-entree-a-1700-fribourg/85694274/,2026-05-17T01:49:01+00:00,24.10958904109589
85694756,"Tannackerstrasse 22, 4622 Egerkingen - CHF 1’900",1900,3.5,75.0,4622,Egerkingen,Solothurn,Tannackerstrasse 22,APARTMENT,47.324596700000015,7.799702699999999,https://flatfox.ch/de/wohnung/tannackerstrasse-22-4622-egerkingen/85694756/,2026-05-17T01:49:01+00:00,25.333333333333332
85694882,"Rue du Chasselas 17, 2000 Neuchâtel - CHF 1’577 inkl. NK pro Monat",1577,3.0,73.0,2000,Neuchâtel,Neuchâtel,Rue du Chasselas 17,APARTMENT,46.98727399,6.896250299999999,https://flatfox.ch/de/wohnung/rue-du-chasselas-17-2000-neuchatel/85694882/,2026-05-17T01:49:01+00:00,21.602739726027398
85694895,"Feldstrasse 10, 5436 Würenlos - CHF 2’867 inkl. NK pro Monat",2867,5.5,140.0,5436,Würenlos,Aargau,Feldstrasse 10,DUPLEX,47.44169818,8.36590865,https://flatfox.ch/de/wohnung/feldstrasse-10-5436-wurenlos/85694895/,2026-05-17T01:49:01+00:00,20.478571428571428
85694951,"Rebwiesstr. 62, 8702 Zollikon - CHF 5’650 inkl. NK pro Monat",5650,3.5,140.0,8702,Zollikon,Zurich,Rebwiesstr. 62,APARTMENT,47.34604958,8.58745079,https://flatfox.ch/de/wohnung/rebwiesstr-62-8702-zollikon/85694951/,2026-05-17T01:49:01+00:00,40.357142857142854
85695303,"Kaspar-Pfeifferstrasse 3, 4142 Münchenstein - CHF 2’480 inkl. NK pro Monat",2480,5.5,122.0,4142,Münchenstein,Basel-Landschaft,Kaspar-Pfeifferstrasse 3,APARTMENT,47.52218368,7.60735334,https://flatfox.ch/de/wohnung/kaspar-pfeifferstrasse-3-4142-munchenstein/85695303/,2026-05-17T01:49:01+00:00,20.327868852459016
85695399,"Gyrischachenstrasse 2a, 3400 Burgdorf - CHF 1’840 inkl. NK pro Monat",1840,4.5,97.0,3400,Burgdorf,Bern,Gyrischachenstrasse 2a,APARTMENT,47.06346736,7.632320999999999,https://flatfox.ch/de/wohnung/gyrischachenstrasse-2a-3400-burgdorf/85695399/,2026-05-17T01:49:01+00:00,18.969072164948454
85695634,"Dammstrasse 26, 3400 Burgdorf - CHF 1’870 inkl. NK pro Monat",1870,3.5,89.0,3400,Burgdorf,Bern,Dammstrasse 26,APARTMENT,47.06194975,7.62481588,https://flatfox.ch/de/wohnung/dammstrasse-26-3400-burgdorf/85695634/,2026-05-17T01:49:01+00:00,21.01123595505618
85696194,"Grundweg 3, 4852 Rothrist - CHF 1’970",1970,3.5,90.0,4852,Rothrist,Aargau,Grundweg 3,APARTMENT,47.30416443,7.875839999999999,https://flatfox.ch/de/wohnung/grundweg-3-4852-rothrist/85696194/,2026-05-17T01:49:01+00:00,21.88888888888889
85696198,"Route de Glion 11, 1820 Territet - CHF 4’750",4750,5.5,175.0,1820,Territet,Vaud,Route de Glion 11,DUPLEX,46.42852748,6.9244235,https://flatfox.ch/de/wohnung/route-de-glion-11-1820-territet/85696198/,2026-05-17T01:49:01+00:00,27.142857142857142
85696416,"Krästelstrasse 56, 8106 Regensdorf - CHF 3’720",3720,3.5,105.0,8106,Regensdorf,Zurich,Krästelstrasse 56,APARTMENT,47.45465531,8.46014253,https://flatfox.ch/de/wohnung/krastelstrasse-56-8106-regensdorf/85696416/,2026-05-17T01:49:01+00:00,35.42857142857143
85698114,"Grand-Rue 30, 2416 Les Brenets - CHF 1’590",1590,4.5,108.0,2416,Les Brenets,Neuchâtel,Grand-Rue 30,APARTMENT,47.0652028,6.703833299999999,https://flatfox.ch/de/wohnung/grand-rue-30-2416-les-brenets/85698114/,2026-05-17T01:49:01+00:00,14.722222222222221
85698820,"Bahnhofstrasse 7, 8803 Rüschlikon - CHF 3’390 inkl. NK pro Monat",3390,2.5,82.0,8803,Rüschlikon,Zurich,Bahnhofstrasse 7,APARTMENT,47.3139519,8.554443599999999,https://flatfox.ch/de/wohnung/bahnhofstrasse-7-8803-ruschlikon/85698820/,2026-05-17T01:49:03+00:00,41.34146341463415
85699024,"Signalstrasse 9, 9400 Rorschach - CHF 1’650 inkl. NK pro Monat",1650,3.5,65.0,9400,Rorschach,St. Gallen,Signalstrasse 9,APARTMENT,47.47750211,9.49212383,https://flatfox.ch/de/wohnung/signalstrasse-9-9400-rorschach/85699024/,2026-05-17T01:49:03+00:00,25.384615384615383
85699352,"Corso San Gottardo 72, 6830 Chiasso - CHF 1’250",1250,2.5,50.0,6830,Chiasso,Ticino,Corso San Gottardo 72,APARTMENT,45.83578952,9.02716277,https://flatfox.ch/de/wohnung/corso-san-gottardo-72-6830-chiasso/85699352/,2026-05-17T01:49:03+00:00,25.0
85699365,"Ausserdorf 29, 8235 Lohn - CHF 1’790 inkl. NK pro Monat",1790,4.5,98.0,8235,Lohn,Schaffhausen,Ausserdorf 29,APARTMENT,47.7551021,8.6691191,https://flatfox.ch/de/wohnung/ausserdorf-29-8235-lohn/85699365/,2026-05-17T01:49:03+00:00,18.26530612244898
85699814,"Lingerizstrasse 68b, 2540 Grenchen - CHF 1’340",1340,4.5,70.0,2540,Grenchen,Solothurn,Lingerizstrasse 68b,APARTMENT,47.18791872,7.379094599999999,https://flatfox.ch/de/wohnung/lingerizstrasse-68b-2540-grenchen/85699814/,2026-05-17T01:49:03+00:00,19.142857142857142
85699860,"Langfurren 32, 8057 Zürich - CHF 2’130 inkl. NK pro Monat",2130,2.0,50.0,8057,Zürich,Zurich,Langfurren 32,APARTMENT,47.402641,8.54172521,https://flatfox.ch/de/wohnung/langfurren-32-8057-zurich/85699860/,2026-05-17T01:49:03+00:00,42.6
85699916,"Am Rüschelbach 2, 4418 Reigoldswil - CHF 2’000 inkl. NK pro Monat",2000,4.5,119.0,4418,Reigoldswil,Basel-Landschaft,Am Rüschelbach 2,APARTMENT,47.39743069,7.6881047,https://flatfox.ch/de/wohnung/am-ruschelbach-2-4418-reigoldswil/85699916/,2026-05-17T01:49:03+00:00,16.80672268907563
85700160,"Pumpwerkstrasse 9, 4410 Liestal - CHF 1’995 inkl. NK pro Monat",1995,3.5,95.0,4410,Liestal,Basel-Landschaft,Pumpwerkstrasse 9,APARTMENT,47.4780377,7.749768199999999,https://flatfox.ch/de/wohnung/pumpwerkstrasse-9-4410-liestal/85700160/,2026-05-17T01:49:03+00:00,21.0
85700731,"Route de Champriond 8, 1700 Fribourg - CHF 1’510 inkl. NK pro Monat",1510,2.5,62.0,1700,Fribourg,Fribourg,Route de Champriond 8,APARTMENT,46.79474843,7.141521399999999,https://flatfox.ch/de/wohnung/route-de-champriond-8-1700-fribourg/85700731/,2026-05-17T01:49:03+00:00,24.35483870967742
85700760,"Viale Lungo Breggia 13, 6834 Morbio Inferiore - CHF 1’300",1300,3.5,100.0,6834,Morbio Inferiore,Ticino,Viale Lungo Breggia 13,APARTMENT,45.84045121,9.02313449,https://flatfox.ch/de/wohnung/viale-lungo-breggia-13-6834-morbio-inferiore/85700760/,2026-05-17T01:49:03+00:00,13.0
85700835,"Mitteldorfweg 5, 5243 Mülligen - CHF 1’950 inkl. NK pro Monat",1950,3.5,83.0,5243,Mülligen,Aargau,Mitteldorfweg 5,APARTMENT,47.45728357,8.23846173,https://flatfox.ch/de/wohnung/mitteldorfweg-5-5243-mulligen/85700835/,2026-05-17T01:49:03+00:00,23.49397590361446
85701354,"Route des Buchilles 48, 2017 Boudry - CHF 1’770 inkl. NK pro Monat",1770,4.5,90.0,2017,Boudry,Neuchâtel,Route des Buchilles 48,APARTMENT,46.94791639,6.83093964,https://flatfox.ch/de/wohnung/route-des-buchilles-48-2017-boudry/85701354/,2026-05-17T01:49:03+00:00,19.666666666666668
85701438,"Am Rüschelbach 3, 4418 Reigoldswil - CHF 1’960 inkl. NK pro Monat",1960,4.5,117.0,4418,Reigoldswil,Basel-Landschaft,Am Rüschelbach 3,DUPLEX,47.397663,7.68848859,https://flatfox.ch/de/wohnung/am-ruschelbach-3-4418-reigoldswil/85701438/,2026-05-17T01:49:03+00:00,16.752136752136753
85701571,"Fabrikstrasse 2a, 8102 Oberengstringen - CHF 2’590 inkl. NK pro Monat",2590,3.5,111.0,8102,Oberengstringen,Zurich,Fabrikstrasse 2a,DUPLEX,47.4064784,8.461512299999999,https://flatfox.ch/de/wohnung/fabrikstrasse-2a-8102-oberengstringen/85701571/,2026-05-17T01:49:03+00:00,23.333333333333332
85701675,"Bündenweg 16, 3286 Muntelier - CHF 1’760",1760,3.5,86.0,3286,Muntelier,Fribourg,Bündenweg 16,APARTMENT,46.93876651,7.12853267,https://flatfox.ch/de/wohnung/bundenweg-16-3286-muntelier/85701675/,2026-05-17T01:49:03+00:00,20.46511627906977
85702650,"Avenue Charles-Naine 7, 2300 La Chaux-de-Fonds - CHF 850",850,2.0,35.0,2300,La Chaux-de-Fonds,Neuchâtel,Avenue Charles-Naine 7,APARTMENT,47.09427721,6.81065619,https://flatfox.ch/de/wohnung/avenue-charles-naine-7-2300-la-chaux-de-fonds/85702650/,2026-05-17T01:49:05+00:00,24.285714285714285
85702656,"Rue de France 16, 2400 Le Locle - CHF 1’100",1100,4.0,120.0,2400,Le Locle,Neuchâtel,Rue de France 16,APARTMENT,47.05598864,6.74400447,https://flatfox.ch/de/wohnung/rue-de-france-16-2400-le-locle/85702656/,2026-05-17T01:49:05+00:00,9.166666666666666
85702679,"Le Rosset 2, 1584 Villars-le-Grand - CHF 2’160 inkl. NK pro Monat",2160,4.5,129.0,1584,Villars-le-Grand,Vaud,Le Rosset 2,APARTMENT,46.90700367,6.99289971,https://flatfox.ch/de/wohnung/le-rosset-2-1584-villars-le-grand/85702679/,2026-05-17T01:49:05+00:00,16.74418604651163
85702738,"Baumettaz 5A, 1023 Crissier - CHF 2’815 inkl. NK pro Monat",2815,3.5,84.0,1023,Crissier,Vaud,Baumettaz 5A,APARTMENT,46.54661893,6.5883188,https://flatfox.ch/de/wohnung/baumettaz-5a-1023-crissier/85702738/,2026-05-17T01:49:05+00:00,33.51190476190476
85702745,"Baumettaz 5A, 1023 Crissier - CHF 2’850 inkl. NK pro Monat",2850,3.5,82.0,1023,Crissier,Vaud,Baumettaz 5A,APARTMENT,46.54661893,6.5883188,https://flatfox.ch/de/wohnung/baumettaz-5a-1023-crissier/85702745/,2026-05-17T01:49:05+00:00,34.75609756097561
85702755,"Baumettaz 5B, 1023 Crissier - CHF 2’160 inkl. NK pro Monat",2160,2.5,52.0,1023,Crissier,Vaud,Baumettaz 5B,APARTMENT,46.54661893,6.5883188,https://flatfox.ch/de/wohnung/baumettaz-5b-1023-crissier/85702755/,2026-05-17T01:49:05+00:00,41.53846153846154
85702798,"Baumettaz 5C, 1023 Crissier - CHF 2’145 inkl. NK pro Monat",2145,2.5,53.0,1023,Crissier,Vaud,Baumettaz 5C,APARTMENT,46.54661893,6.5883188,https://flatfox.ch/de/wohnung/baumettaz-5c-1023-crissier/85702798/,2026-05-17T01:49:05+00:00,40.471698113207545
85702804,"Baumettaz 5C, 1023 Crissier - CHF 3’600 inkl. NK pro Monat",3600,4.5,116.0,1023,Crissier,Vaud,Baumettaz 5C,APARTMENT,46.54661893,6.5883188,https://flatfox.ch/de/wohnung/baumettaz-5c-1023-crissier/85702804/,2026-05-17T01:49:05+00:00,31.03448275862069
85703499,"Via San Gottardo 58A, 6500 Bellinzona - CHF 1’300",1300,4.5,80.0,6500,Bellinzona,Ticino,Via San Gottardo 58A,APARTMENT,46.20191041,9.03433652,https://flatfox.ch/de/wohnung/via-san-gottardo-58a-6500-bellinzona/85703499/,2026-05-17T01:49:05+00:00,16.25
85703545,"Via Quinta 59, 6710 Biasca - CHF 1’340",1340,4.5,90.0,6710,Biasca,Ticino,Via Quinta 59,APARTMENT,46.3486332,8.973071299999999,https://flatfox.ch/de/wohnung/via-quinta-59-6710-biasca/85703545/,2026-05-17T01:49:05+00:00,14.88888888888889
85703555,"Via Quinta 47, 6710 Biasca - CHF 990",990,3.5,87.0,6710,Biasca,Ticino,Via Quinta 47,APARTMENT,46.34927322,8.97360551,https://flatfox.ch/de/wohnung/via-quinta-47-6710-biasca/85703555/,2026-05-17T01:49:05+00:00,11.379310344827585
85703627,"Via Rovedo 15, 6600 Locarno - CHF 1’800",1800,4.5,98.0,6600,Locarno,Ticino,Via Rovedo 15,APARTMENT,46.16602988,8.78797785,https://flatfox.ch/de/wohnung/via-rovedo-15-6600-locarno/85703627/,2026-05-17T01:49:05+00:00,18.367346938775512
85703637,"Kirchweg 112, 8246 Langwiesen - CHF 1’493 inkl. NK pro Monat",1493,2.0,60.0,8246,Langwiesen,Zurich,Kirchweg 112,APARTMENT,47.68638633,8.65468295,https://flatfox.ch/de/wohnung/kirchweg-112-8246-langwiesen/85703637/,2026-05-17T01:49:05+00:00,24.883333333333333
85703781,"Gantrischstrasse 4, 3006 Bern - CHF 1’950 inkl. NK pro Monat",1950,3.5,78.0,3006,Bern,Bern,Gantrischstrasse 4,APARTMENT,46.94279476,7.46761955,https://flatfox.ch/de/wohnung/gantrischstrasse-4-3006-bern/85703781/,2026-05-17T01:49:05+00:00,25.0
85703812,"Route de Rueyres 6, 1726 FARVAGNY - CHF 1’755",1755,3.0,91.0,1726,FARVAGNY,Fribourg,Route de Rueyres 6,APARTMENT,46.72012888,7.06195516,https://flatfox.ch/de/wohnung/route-de-rueyres-6-1726-farvagny/85703812/,2026-05-17T01:49:05+00:00,19.285714285714285
85703815,"Chemin de Publoz 30, 1070 PUIDOUX - CHF 2’055",2055,3.0,80.0,1070,PUIDOUX,Vaud,Chemin de Publoz 30,APARTMENT,46.49266981,6.770378399999999,https://flatfox.ch/de/wohnung/chemin-de-publoz-30-1070-puidoux/85703815/,2026-05-17T01:49:05+00:00,25.6875
85704010,"Köhlerstrasse 3, 3174 Thörishaus - CHF 1’250",1250,2.5,44.0,3174,Thörishaus,Bern,Köhlerstrasse 3,APARTMENT,46.8979867,7.35436292,https://flatfox.ch/de/wohnung/kohlerstrasse-3-3174-thorishaus/85704010/,2026-05-17T01:49:05+00:00,28.40909090909091
85704182,"Feldstrasse 10, 4416 Bubendorf - CHF 2’000",2000,4.5,107.0,4416,Bubendorf,Basel-Landschaft,Feldstrasse 10,APARTMENT,47.45654052,7.73700383,https://flatfox.ch/de/wohnung/feldstrasse-10-4416-bubendorf/85704182/,2026-05-17T01:49:05+00:00,18.69158878504673
85704652,"Steinackerstrasse 30, 4147 Aesch - CHF 1’700 inkl. NK pro Monat",1700,4.5,85.0,4147,Aesch,Basel-Landschaft,Steinackerstrasse 30,APARTMENT,47.4739013,7.59588611,https://flatfox.ch/de/wohnung/steinackerstrasse-30-4147-aesch/85704652/,2026-05-17T01:49:07+00:00,20.0
85704740,"Schleifenbergstrasse 43, 4058 Basel - CHF 1’610 inkl. NK pro Monat",1610,3.0,60.0,4058,Basel,Basel-Stadt,Schleifenbergstrasse 43,APARTMENT,47.56256515,7.60494085,https://flatfox.ch/de/wohnung/schleifenbergstrasse-43-4058-basel/85704740/,2026-05-17T01:49:07+00:00,26.833333333333332
85704777,"Heidenlochstrasse 92, 4410 Liestal - CHF 2’350 inkl. NK pro Monat",2350,4.5,98.0,4410,Liestal,Basel-Landschaft,Heidenlochstrasse 92,APARTMENT,47.48091942,7.74923213,https://flatfox.ch/de/wohnung/heidenlochstrasse-92-4410-liestal/85704777/,2026-05-17T01:49:07+00:00,23.979591836734695
85705038,"Claragraben 138, 4057 Basel - CHF 1’720 inkl. NK pro Monat",1720,2.5,68.0,4057,Basel,Basel-Stadt,Claragraben 138,APARTMENT,47.5648091,7.592735599999998,https://flatfox.ch/de/wohnung/claragraben-138-4057-basel/85705038/,2026-05-17T01:49:07+00:00,25.294117647058822
85705833,"Schrammweg 1, 8905 Islisberg - CHF 2’200",2200,3.5,105.0,8905,Islisberg,Aargau,Schrammweg 1,APARTMENT,47.32367114,8.43990693,https://flatfox.ch/de/wohnung/schrammweg-1-8905-islisberg/85705833/,2026-05-17T01:49:07+00:00,20.952380952380953
85706370,"Via Prada 1b, 6924 Sorengo - CHF 2’400",2400,4.5,125.0,6924,Sorengo,Ticino,Via Prada 1b,APARTMENT,46.00474173,8.9339235,https://flatfox.ch/de/wohnung/via-prada-1b-6924-sorengo/85706370/,2026-05-17T01:49:07+00:00,19.2
85706522,"Weiherweg 78, 4054 Basel - CHF 1’940 inkl. NK pro Monat",1940,3.5,74.0,4054,Basel,Basel-Stadt,Weiherweg 78,APARTMENT,47.5534116,7.573442399999999,https://flatfox.ch/de/wohnung/weiherweg-78-4054-basel/85706522/,2026-05-17T01:49:07+00:00,26.216216216216218
85706636,"Brauihof 28a, 4900 Langenthal - CHF 1’590 inkl. NK pro Monat",1590,3.5,81.0,4900,Langenthal,Bern,Brauihof 28a,APARTMENT,47.2122651,7.7872366,https://flatfox.ch/de/wohnung/brauihof-28a-4900-langenthal/85706636/,2026-05-17T01:49:07+00:00,19.62962962962963
85706682,"Bahnhofstrasse 9, 8803 Rüschlikon - CHF 4’010 inkl. NK pro Monat",4010,3.5,110.0,8803,Rüschlikon,Zurich,Bahnhofstrasse 9,APARTMENT,47.31335345,8.55378794,https://flatfox.ch/de/wohnung/bahnhofstrasse-9-8803-ruschlikon/85706682/,2026-05-17T01:49:07+00:00,36.45454545454545
85706683,"Rue Combe-Grieurin 29, 2300 La Chaux-de-Fonds - CHF 1’290",1290,3.5,70.0,2300,La Chaux-de-Fonds,Neuchâtel,Rue Combe-Grieurin 29,APARTMENT,47.1020217,6.81866646,https://flatfox.ch/de/wohnung/rue-combe-grieurin-29-2300-la-chaux-de-fonds/85706683/,2026-05-17T01:49:07+00:00,18.428571428571427
85706965,"Kirchgasse 18, 3053 Münchenbuchsee - CHF 1’650 inkl. NK pro Monat",1650,3.5,88.0,3053,Münchenbuchsee,Bern,Kirchgasse 18,ROOF_FLAT,47.01946357,7.44977454,https://flatfox.ch/de/wohnung/kirchgasse-18-3053-munchenbuchsee/85706965/,2026-05-17T01:49:07+00:00,18.75
85706983,"Schädrütistrasse 29, 6006 Luzern - CHF 7’000",7000,5.5,220.0,6006,Luzern,Lucerne,Schädrütistrasse 29,FURNISHED_FLAT,47.05641721,8.34543245,https://flatfox.ch/de/wohnung/schadrutistrasse-29-6006-luzern/85706983/,2026-05-17T01:49:07+00:00,31.818181818181817
85707005,"Dornacherstrasse 9, 6003 Luzern - CHF 3’200",3200,4.0,86.0,6003,Luzern,Lucerne,Dornacherstrasse 9,FURNISHED_FLAT,47.04649383,8.3054646,https://flatfox.ch/de/wohnung/dornacherstrasse-9-6003-luzern/85707005/,2026-05-17T01:49:07+00:00,37.2093023255814
85707127,"Nauengasse 26, 8427 Rorbas - CHF 1’980 inkl. NK pro Monat",1980,3.5,81.0,8427,Rorbas,Zurich,Nauengasse 26,ROOF_FLAT,47.533099,8.57835574,https://flatfox.ch/de/wohnung/nauengasse-26-8427-rorbas/85707127/,2026-05-17T01:49:07+00:00,24.444444444444443
85707415,"Im Rhytech 1, 8212 Neuhausen am Rheinfall - CHF 2’635 inkl. NK pro Monat",2635,4.5,92.0,8212,Neuhausen am Rheinfall,Schaffhausen,Im Rhytech 1,APARTMENT,47.68241123,8.613689599999999,https://flatfox.ch/de/wohnung/im-rhytech-1-8212-neuhausen-am-rheinfall/85707415/,2026-05-17T01:49:07+00:00,28.641304347826086
85707730,"Via San Gottardo 62, 6648 Minusio - CHF 1’800",1800,4.5,120.0,6648,Minusio,Ticino,Via San Gottardo 62,TERRACE_FLAT,46.1761321,8.8127057,https://flatfox.ch/de/wohnung/via-san-gottardo-62-6648-minusio/85707730/,2026-05-17T01:49:07+00:00,15.0
85707768,"Atrium 2, 3175 Wünnewil-Flamatt - CHF 1’510 inkl. NK pro Monat",1510,4.5,82.0,3175,Wünnewil-Flamatt,Fribourg,Atrium 2,APARTMENT,46.89094615,7.32475268,https://flatfox.ch/de/wohnung/atrium-2-3175-wunnewil-flamatt/85707768/,2026-05-17T01:49:07+00:00,18.414634146341463
85707822,"Industriestrasse 3a, 9015 St. Gallen - CHF 1’590 inkl. NK pro Monat",1590,3.0,92.0,9015,St. Gallen,St. Gallen,Industriestrasse 3a,APARTMENT,47.40453856,9.30226349,https://flatfox.ch/de/wohnung/industriestrasse-3a-9015-st-gallen/85707822/,2026-05-17T01:49:07+00:00,17.282608695652176
85708120,"Hauptstrasse 45, 8546 Islikon - CHF 2’010 inkl. NK pro Monat",2010,3.5,91.0,8546,Islikon,Thurgau,Hauptstrasse 45,APARTMENT,47.54662061,8.84334991,https://flatfox.ch/de/wohnung/hauptstrasse-45-8546-islikon/85708120/,2026-05-17T01:49:08+00:00,22.087912087912088
85708212,"Via del Battistone 3, 6500 Bellinzona - CHF 1’790",1790,4.0,129.0,6500,Bellinzona,Ticino,Via del Battistone 3,APARTMENT,46.22867847,9.05958514,https://flatfox.ch/de/wohnung/via-del-battistone-3-6500-bellinzona/85708212/,2026-05-17T01:49:08+00:00,13.875968992248062
85708264,6315 Oberägeri - CHF 950,950,1.0,20.0,6315,Oberägeri,Zug,,SINGLE_ROOM,47.13728203853178,8.646827302358648,https://flatfox.ch/de/wohnung/6315-oberageri/85708264/,2026-05-17T01:49:08+00:00,47.5
85708531,"Maienrainstrasse 13, 8570 Weinfelden - CHF 1’790 inkl. NK pro Monat",1790,4.5,95.0,8570,Weinfelden,Thurgau,Maienrainstrasse 13,APARTMENT,47.57167761,9.09970139,https://flatfox.ch/de/wohnung/maienrainstrasse-13-8570-weinfelden/85708531/,2026-05-17T01:49:08+00:00,18.842105263157894
85708945,"Hauptstrasse 9, 8253 Diessenhofen - CHF 1’490 inkl. NK pro Monat",1490,2.5,64.0,8253,Diessenhofen,Thurgau,Hauptstrasse 9,APARTMENT,47.68956746,8.75008342,https://flatfox.ch/de/wohnung/hauptstrasse-9-8253-diessenhofen/85708945/,2026-05-17T01:49:08+00:00,23.28125
85708982,"Bahnhofstrasse 13, 8580 Amriswil - CHF 890",890,1.5,33.0,8580,Amriswil,Thurgau,Bahnhofstrasse 13,APARTMENT,47.54706414,9.30094537,https://flatfox.ch/de/wohnung/bahnhofstrasse-13-8580-amriswil/85708982/,2026-05-17T01:49:08+00:00,26.96969696969697
85709126,"Atrium 8, 3175 Wünnewil-Flamatt - CHF 1’510 inkl. NK pro Monat",1510,3.5,72.0,3175,Wünnewil-Flamatt,Fribourg,Atrium 8,APARTMENT,46.89153985,7.3247907,https://flatfox.ch/de/wohnung/atrium-8-3175-wunnewil-flamatt/85709126/,2026-05-17T01:49:08+00:00,20.97222222222222
85709239,"Pizolstrasse 5, 7320 Sargans - CHF 2’180 inkl. NK pro Monat",2180,3.5,96.0,7320,Sargans,St. Gallen,Pizolstrasse 5,APARTMENT,47.0451555,9.4418535,https://flatfox.ch/de/wohnung/pizolstrasse-5-7320-sargans/85709239/,2026-05-17T01:49:08+00:00,22.708333333333332
85709248,"Langgasse 74, 9008 St. Gallen - CHF 2’420 inkl. NK pro Monat",2420,3.5,83.0,9008,St. Gallen,St. Gallen,Langgasse 74,APARTMENT,47.43911317,9.39093748,https://flatfox.ch/de/wohnung/langgasse-74-9008-st-gallen/85709248/,2026-05-17T01:49:08+00:00,29.156626506024097
85709278,"Heidenlochstrasse 84, 4410 Liestal - CHF 1’865 inkl. NK pro Monat",1865,4.0,73.0,4410,Liestal,Basel-Landschaft,Heidenlochstrasse 84,APARTMENT,47.48128060000001,7.74869025,https://flatfox.ch/de/wohnung/heidenlochstrasse-84-4410-liestal/85709278/,2026-05-17T01:49:08+00:00,25.54794520547945
85709382,"Lerchenweg 16, 3400 Burgdorf - CHF 1’540",1540,3.0,70.0,3400,Burgdorf,Bern,Lerchenweg 16,APARTMENT,47.0588508,7.611527099999999,https://flatfox.ch/de/wohnung/lerchenweg-16-3400-burgdorf/85709382/,2026-05-17T01:49:08+00:00,22.0
85709612,"Le Noirmont Le Peupéquignot 3A, 2340 Le Noirmont - CHF 1’650",1650,5.5,112.0,2340,Le Noirmont,Jura,Le Noirmont Le Peupéquignot 3A,APARTMENT,47.2104741,6.95213499,https://flatfox.ch/de/wohnung/le-noirmont-le-peupequignot-3a-2340-le-noirmont/85709612/,2026-05-17T01:49:08+00:00,14.732142857142858
85710130,6595 Riazzino - CHF 850,850,1.0,59.0,6595,Riazzino,Ticino,,APARTMENT,46.17886284237023,8.890432316625862,https://flatfox.ch/de/wohnung/6595-riazzino/85710130/,2026-05-17T01:49:08+00:00,14.40677966101695
85710147,"Gartenweg 18, 4310 Rheinfelden - CHF 1’670 inkl. NK pro Monat",1670,3.5,82.0,4310,Rheinfelden,Aargau,Gartenweg 18,APARTMENT,47.553307900000014,7.79768421,https://flatfox.ch/de/wohnung/gartenweg-18-4310-rheinfelden/85710147/,2026-05-17T01:49:08+00:00,20.365853658536587
85710148,"Gartenweg 18, 4310 Rheinfelden - CHF 2’412 inkl. NK pro Monat",2412,4.5,103.0,4310,Rheinfelden,Aargau,Gartenweg 18,APARTMENT,47.553307900000014,7.79768421,https://flatfox.ch/de/wohnung/gartenweg-18-4310-rheinfelden/85710148/,2026-05-17T01:49:08+00:00,23.41747572815534
85710544,"Birchlenstr. 24, 8600 Dübendorf - CHF 3’100 inkl. NK pro Monat",3100,3.5,87.0,8600,Dübendorf,Zurich,Birchlenstr. 24,APARTMENT,47.39921423,8.61286256,https://flatfox.ch/de/wohnung/birchlenstr-24-8600-dubendorf/85710544/,2026-05-17T01:49:10+00:00,35.632183908045974
85710816,"Herzogstrasse 3b, 5000 Aarau - CHF 2’280 inkl. NK pro Monat",2280,3.5,90.0,5000,Aarau,Aargau,Herzogstrasse 3b,APARTMENT,47.39118661,8.056738800000003,https://flatfox.ch/de/wohnung/herzogstrasse-3b-5000-aarau/85710816/,2026-05-17T01:49:10+00:00,25.333333333333332
85710875,"Brummelmattstrasse 11, 5033 Buchs - CHF 2’330 inkl. NK pro Monat",2330,4.5,120.0,5033,Buchs,Aargau,Brummelmattstrasse 11,APARTMENT,47.38756572,8.07355243,https://flatfox.ch/de/wohnung/brummelmattstrasse-11-5033-buchs/85710875/,2026-05-17T01:49:10+00:00,19.416666666666668
85710908,"Rue Auguste-Quiquerez 72, 2800 Delémont - CHF 1’095 inkl. NK pro Monat",1095,3.0,61.0,2800,Delémont,Jura,Rue Auguste-Quiquerez 72,APARTMENT,47.369427,7.3576533999999985,https://flatfox.ch/de/wohnung/rue-auguste-quiquerez-72-2800-delemont/85710908/,2026-05-17T01:49:10+00:00,17.950819672131146
85710929,"Brummelmattstrasse 5, 5033 Buchs - CHF 2’130 inkl. NK pro Monat",2130,3.5,99.0,5033,Buchs,Aargau,Brummelmattstrasse 5,APARTMENT,47.38786993,8.07386078,https://flatfox.ch/de/wohnung/brummelmattstrasse-5-5033-buchs/85710929/,2026-05-17T01:49:10+00:00,21.515151515151516
85711298,"Heidenlochstrasse 86, 4410 Liestal - CHF 1’670 inkl. NK pro Monat",1670,3.5,65.0,4410,Liestal,Basel-Landschaft,Heidenlochstrasse 86,APARTMENT,47.48109148,7.7487679,https://flatfox.ch/de/wohnung/heidenlochstrasse-86-4410-liestal/85711298/,2026-05-17T01:49:10+00:00,25.692307692307693
85711330,"Einsiedlerstrasse 159, 8810 Horgen - CHF 2’240",2240,2.5,79.0,8810,Horgen,Zurich,Einsiedlerstrasse 159,APARTMENT,47.25824129999999,8.59295127,https://flatfox.ch/de/wohnung/einsiedlerstrasse-159-8810-horgen/85711330/,2026-05-17T01:49:10+00:00,28.354430379746834
85711393,"Ostring 15, 3006 Bern - CHF 2’250 inkl. NK pro Monat",2250,4.0,94.0,3006,Bern,Bern,Ostring 15,APARTMENT,46.942437100000014,7.46723079,https://flatfox.ch/de/wohnung/ostring-15-3006-bern/85711393/,2026-05-17T01:49:10+00:00,23.93617021276596
85711542,"Eggetli 222b, 3804 Habkern - CHF 1’280",1280,2.5,47.0,3804,Habkern,Bern,Eggetli 222b,APARTMENT,46.7232094,7.858120199999999,https://flatfox.ch/de/wohnung/eggetli-222b-3804-habkern/85711542/,2026-05-17T01:49:10+00:00,27.23404255319149
85711559,"Route du Verdel 5, 1630 Bulle - CHF 1’370 inkl. NK pro Monat",1370,2.5,58.0,1630,Bulle,Fribourg,Route du Verdel 5,APARTMENT,46.62396925,7.06572851,https://flatfox.ch/de/wohnung/route-du-verdel-5-1630-bulle/85711559/,2026-05-17T01:49:10+00:00,23.620689655172413
85711595,"Triemlistrasse 90, 8047 Zürich - CHF 5’190 inkl. NK pro Monat",5190,4.5,115.0,8047,Zürich,Zurich,Triemlistrasse 90,APARTMENT,47.37059531,8.48925258,https://flatfox.ch/de/wohnung/triemlistrasse-90-8047-zurich/85711595/,2026-05-17T01:49:10+00:00,45.130434782608695
85711630,"Bahnhofstrasse 50, 8712 Stäfa - CHF 2’690 inkl. NK pro Monat",2690,5.5,124.0,8712,Stäfa,Zurich,Bahnhofstrasse 50,DUPLEX,47.23917229,8.72467978,https://flatfox.ch/de/wohnung/bahnhofstrasse-50-8712-stafa/85711630/,2026-05-17T01:49:10+00:00,21.693548387096776
85712032,"Via Angelo Nessi 42, 6605 Locarno - CHF 1’190 inkl. NK pro Monat",1190,3.5,69.0,6605,Locarno,Ticino,Via Angelo Nessi 42,APARTMENT,46.16222676,8.791139399999999,https://flatfox.ch/de/wohnung/via-angelo-nessi-42-6605-locarno/85712032/,2026-05-17T01:49:10+00:00,17.246376811594203
85712040,"Gantrischstrasse 8a, 3006 Bern - CHF 1’810 inkl. NK pro Monat",1810,3.0,73.0,3006,Bern,Bern,Gantrischstrasse 8a,APARTMENT,46.9434565,7.46870823,https://flatfox.ch/de/wohnung/gantrischstrasse-8a-3006-bern/85712040/,2026-05-17T01:49:10+00:00,24.794520547945204
85712238,"Rorschacherstrasse 234, 9016 St.Gallen - CHF 1’910 inkl. NK pro Monat",1910,4.5,100.0,9016,St.Gallen,St. Gallen,Rorschacherstrasse 234,APARTMENT,47.43574253,9.40399699,https://flatfox.ch/de/wohnung/rorschacherstrasse-234-9016-stgallen/85712238/,2026-05-17T01:49:10+00:00,19.1
85712606,"Chaussée de la Boine 2, 2000 Neuchâtel - CHF 2’530 inkl. NK pro Monat",2530,5.5,123.0,2000,Neuchâtel,Neuchâtel,Chaussée de la Boine 2,APARTMENT,46.99328171,6.929972599999999,https://flatfox.ch/de/wohnung/chaussee-de-la-boine-2-2000-neuchatel/85712606/,2026-05-17T01:49:10+00:00,20.56910569105691
85712778,"Kirchgasse 7, 4058 Basel - CHF 1’285 inkl. NK pro Monat",1285,2.0,45.0,4058,Basel,Basel-Stadt,Kirchgasse 7,APARTMENT,47.55952540000001,7.59729446,https://flatfox.ch/de/wohnung/kirchgasse-7-4058-basel/85712778/,2026-05-17T01:49:10+00:00,28.555555555555557
85712806,"Lehnrüttiweg 1, 4702 Oensingen - CHF 1’540 inkl. NK pro Monat",1540,3.5,80.0,4702,Oensingen,Solothurn,Lehnrüttiweg 1,APARTMENT,47.28325676,7.703642200000001,https://flatfox.ch/de/wohnung/lehnruttiweg-1-4702-oensingen/85712806/,2026-05-17T01:49:10+00:00,19.25
85712887,"Wankdorffeldstrasse 83, 3014 Bern - CHF 1’690",1690,3.0,68.0,3014,Bern,Bern,Wankdorffeldstrasse 83,APARTMENT,46.96547638,7.461556400000001,https://flatfox.ch/de/wohnung/wankdorffeldstrasse-83-3014-bern/85712887/,2026-05-17T01:49:10+00:00,24.852941176470587
85713351,"Gradinata Albonago 2, 6962 Viganello - CHF 3’100",3100,4.5,121.0,6962,Viganello,Ticino,Gradinata Albonago 2,APARTMENT,46.00930266,8.97286746,https://flatfox.ch/de/wohnung/gradinata-albonago-2-6962-viganello/85713351/,2026-05-17T01:49:12+00:00,25.619834710743802
85713378,6815 Melide - CHF 2’400,2400,4.0,170.0,6815,Melide,Ticino,,APARTMENT,45.95586592340175,8.944208699165745,https://flatfox.ch/de/wohnung/6815-melide/85713378/,2026-05-17T01:49:12+00:00,14.117647058823529
85713623,"Grosspeterstrasse 5B, 4052 Basel - CHF 2’865",2865,2.5,82.0,4052,Basel,Basel-Stadt,Grosspeterstrasse 5B,APARTMENT,47.54536532,7.59990239,https://flatfox.ch/de/wohnung/grosspeterstrasse-5b-4052-basel/85713623/,2026-05-17T01:49:12+00:00,34.9390243902439
85713725,"Alfred-Aebi-Strasse 92, 2503 Biel - CHF 1’870",1870,4.0,97.0,2503,Biel,Bern,Alfred-Aebi-Strasse 92,APARTMENT,47.13188127,7.251638699999999,https://flatfox.ch/de/wohnung/alfred-aebi-strasse-92-2503-biel/85713725/,2026-05-17T01:49:12+00:00,19.278350515463917
85714152,"Pfluggässlein 10, 4001 Basel - CHF 2’130 inkl. NK pro Monat",2130,4.0,90.0,4001,Basel,Basel-Stadt,Pfluggässlein 10,APARTMENT,47.55608469,7.589315999999999,https://flatfox.ch/de/wohnung/pfluggasslein-10-4001-basel/85714152/,2026-05-17T01:49:12+00:00,23.666666666666668
85714178,"Drahtzugstrasse 34, 4057 Basel - CHF 1’280 inkl. NK pro Monat",1280,2.5,35.0,4057,Basel,Basel-Stadt,Drahtzugstrasse 34,APARTMENT,47.56347011,7.59653615,https://flatfox.ch/de/wohnung/drahtzugstrasse-34-4057-basel/85714178/,2026-05-17T01:49:12+00:00,36.57142857142857
85714305,"Strada da Pambi 10, 6915 Pambio-Noranco - CHF 1’030 inkl. NK pro Monat",1030,1.5,29.0,6915,Pambio-Noranco,Ticino,Strada da Pambi 10,APARTMENT,45.98692186,8.93424512,https://flatfox.ch/de/wohnung/strada-da-pambi-10-6915-pambio-noranco/85714305/,2026-05-17T01:49:12+00:00,35.51724137931034
85714403,"Kanalweg 20, 4800 Zofingen - CHF 1’855 inkl. NK pro Monat",1855,4.5,97.0,4800,Zofingen,Aargau,Kanalweg 20,APARTMENT,47.28401868,7.935320999999999,https://flatfox.ch/de/wohnung/kanalweg-20-4800-zofingen/85714403/,2026-05-17T01:49:12+00:00,19.123711340206185
85714418,"Scheyenholzstr. 7, 3075 Rüfenacht BE - CHF 1’460 inkl. NK pro Monat",1460,3.5,61.0,3075,Rüfenacht BE,Bern,Scheyenholzstr. 7,APARTMENT,46.93134488,7.52599947,https://flatfox.ch/de/wohnung/scheyenholzstr-7-3075-rufenacht-be/85714418/,2026-05-17T01:49:12+00:00,23.934426229508198
85714750,"Rue de la Chapelle 2, 2610 Saint-Imier - CHF 1’050",1050,3.0,60.0,2610,Saint-Imier,Bern,Rue de la Chapelle 2,APARTMENT,47.15362693,7.000551100000001,https://flatfox.ch/de/wohnung/rue-de-la-chapelle-2-2610-saint-imier/85714750/,2026-05-17T01:49:12+00:00,17.5
85715077,"Wartenbergstrasse 34, 4133 Pratteln - CHF 1’800 inkl. NK pro Monat",1800,3.5,71.0,4133,Pratteln,Basel-Landschaft,Wartenbergstrasse 34,APARTMENT,47.51775079999999,7.6850432999999985,https://flatfox.ch/de/wohnung/wartenbergstrasse-34-4133-pratteln/85715077/,2026-05-17T01:49:12+00:00,25.35211267605634
85715262,"Brandstrasse 21, 8952 Schlieren - CHF 2’620 inkl. NK pro Monat",2620,3.5,78.0,8952,Schlieren,Zurich,Brandstrasse 21,APARTMENT,47.40113931,8.44529924,https://flatfox.ch/de/wohnung/brandstrasse-21-8952-schlieren/85715262/,2026-05-17T01:49:12+00:00,33.58974358974359
85715380,"Winterthurerstrasse 14, 8605 Gutenswil - CHF 3’995 inkl. NK pro Monat",3995,5.5,146.0,8605,Gutenswil,Zurich,Winterthurerstrasse 14,DUPLEX,47.38234836,8.71757941,https://flatfox.ch/de/wohnung/winterthurerstrasse-14-8605-gutenswil/85715380/,2026-05-17T01:49:12+00:00,27.363013698630137
85715452,"Solothurnerstrasse 331, 4600 Olten - CHF 1’570",1570,4.0,79.0,4600,Olten,Solothurn,Solothurnerstrasse 331,APARTMENT,47.3464449,7.884572899999998,https://flatfox.ch/de/wohnung/solothurnerstrasse-331-4600-olten/85715452/,2026-05-17T01:49:12+00:00,19.873417721518987
85715486,"Via Francesca 6b, 6596 Gordola - CHF 1’150 inkl. NK pro Monat",1150,2.5,63.0,6596,Gordola,Ticino,Via Francesca 6b,APARTMENT,46.17824493,8.879713299999999,https://flatfox.ch/de/wohnung/via-francesca-6b-6596-gordola/85715486/,2026-05-17T01:49:12+00:00,18.253968253968253
85715529,"Mittelfeldstrasse 21, 8700 Küsnacht ZH - CHF 3’235 inkl. NK pro Monat",3235,3.5,78.0,8700,Küsnacht ZH,Zurich,Mittelfeldstrasse 21,APARTMENT,47.312858100000014,8.58784828,https://flatfox.ch/de/wohnung/mittelfeldstrasse-21-8700-kusnacht-zh/85715529/,2026-05-17T01:49:12+00:00,41.47435897435897
85715537,"Kistlerstr. 54, 3065 Bolligen - CHF 1’950 inkl. NK pro Monat",1950,4.5,103.0,3065,Bolligen,Bern,Kistlerstr. 54,APARTMENT,46.9730635,7.49274873,https://flatfox.ch/de/wohnung/kistlerstr-54-3065-bolligen/85715537/,2026-05-17T01:49:14+00:00,18.932038834951456
85715637,"Unterm Stallen 15, 4104 Oberwil - CHF 1’900 inkl. NK pro Monat",1900,2.5,73.0,4104,Oberwil,Basel-Landschaft,Unterm Stallen 15,APARTMENT,47.5187747,7.561164499999999,https://flatfox.ch/de/wohnung/unterm-stallen-15-4104-oberwil/85715637/,2026-05-17T01:49:14+00:00,26.027397260273972
85715698,3018 Bern - CHF 3’498 inkl. NK pro Monat,3498,4.5,200.0,3018,Bern,Bern,,FURNISHED_FLAT,46.93997610655924,7.390297797222171,https://flatfox.ch/de/wohnung/3018-bern/85715698/,2026-05-17T01:49:14+00:00,17.49
85716334,"Rietholzstrasse 2A, 8125 Zollikerberg - CHF 2’630 inkl. NK pro Monat",2630,2.5,58.0,8125,Zollikerberg,Zurich,Rietholzstrasse 2A,APARTMENT,47.34504197,8.593266100000001,https://flatfox.ch/de/wohnung/rietholzstrasse-2a-8125-zollikerberg/85716334/,2026-05-17T01:49:14+00:00,45.3448275862069
85717095,3008 Bern - CHF 1’860 inkl. NK pro Monat,1860,2.5,54.0,3008,Bern,Bern,,FURNISHED_FLAT,46.94257591511564,7.414237293737986,https://flatfox.ch/de/wohnung/3008-bern/85717095/,2026-05-17T01:49:14+00:00,34.44444444444444
85717398,"Viale Cassone 3, 6963 Pregassona - CHF 1’500",1500,2.5,60.0,6963,Pregassona,Ticino,Viale Cassone 3,APARTMENT,46.02011572,8.96842522,https://flatfox.ch/de/wohnung/viale-cassone-3-6963-pregassona/85717398/,2026-05-17T01:49:14+00:00,25.0
85718617,3600 Thun - CHF 1’850 inkl. NK pro Monat,1850,1.0,70.0,3600,Thun,Bern,,APARTMENT,46.75353173199442,7.622393316717272,https://flatfox.ch/de/wohnung/3600-thun/85718617/,2026-05-17T01:49:14+00:00,26.428571428571427
85718905,"Moosstrasse, 3113 Rubigen - CHF 1’980",1980,3.5,96.0,3113,Rubigen,Bern,Moosstrasse,APARTMENT,46.89549942,7.54303849,https://flatfox.ch/de/wohnung/moosstrasse-3113-rubigen/85718905/,2026-05-17T01:49:14+00:00,20.625
85719075,1201 Genève - CHF 3’840 inkl. NK pro Monat,3840,3.5,103.0,1201,Genève,Geneva,,FURNISHED_FLAT,46.20962012137986,6.145043286380187,https://flatfox.ch/de/wohnung/1201-geneve/85719075/,2026-05-17T01:49:14+00:00,37.28155339805825
85719282,"Rue de Bellevue 29, 2400 Le Locle - CHF 1’160",1160,3.5,80.0,2400,Le Locle,Neuchâtel,Rue de Bellevue 29,APARTMENT,47.05786395,6.74504715,https://flatfox.ch/de/wohnung/rue-de-bellevue-29-2400-le-locle/85719282/,2026-05-17T01:49:14+00:00,14.5
85719284,"Hermann-Lienhard-Strasse 55, 2504 Biel - CHF 3’140",3140,4.5,108.0,2504,Biel,Bern,Hermann-Lienhard-Strasse 55,APARTMENT,47.15399695,7.2668427,https://flatfox.ch/de/wohnung/hermann-lienhard-strasse-55-2504-biel/85719284/,2026-05-17T01:49:14+00:00,29.074074074074073
85719285,"Hermann-Lienhard-Strasse 55, 2504 Biel - CHF 1’940",1940,3.5,69.0,2504,Biel,Bern,Hermann-Lienhard-Strasse 55,APARTMENT,47.15399695,7.2668427,https://flatfox.ch/de/wohnung/hermann-lienhard-strasse-55-2504-biel/85719285/,2026-05-17T01:49:14+00:00,28.115942028985508
85719834,"Girhaldenstrasse 20, 8048 Zürich - CHF 4’500",4500,3.5,101.0,8048,Zürich,Zurich,Girhaldenstrasse 20,APARTMENT,47.38874139,8.47790478,https://flatfox.ch/de/wohnung/girhaldenstrasse-20-8048-zurich/85719834/,2026-05-17T01:49:14+00:00,44.554455445544555
85719941,"Habsburgweg 5, 5107 Schinznach-Dorf - CHF 2’100 inkl. NK pro Monat",2100,3.0,90.0,5107,Schinznach-Dorf,Aargau,Habsburgweg 5,APARTMENT,47.44789524,8.14883218,https://flatfox.ch/de/wohnung/habsburgweg-5-5107-schinznach-dorf/85719941/,2026-05-17T01:49:14+00:00,23.333333333333332
85719988,"Bruggwaldstr. 92, 9300 Wittenbach - CHF 1’440 inkl. NK pro Monat",1440,4.5,80.0,9300,Wittenbach,St. Gallen,Bruggwaldstr. 92,APARTMENT,47.45251143,9.3980796,https://flatfox.ch/de/wohnung/bruggwaldstr-92-9300-wittenbach/85719988/,2026-05-17T01:49:16+00:00,18.0
85720434,8914 Aeugst am Albis - CHF 3’990,3990,4.5,157.0,8914,Aeugst am Albis,Zurich,,APARTMENT,47.27652033127919,8.495072907141044,https://flatfox.ch/de/wohnung/8914-aeugst-am-albis/85720434/,2026-05-17T01:49:16+00:00,25.414012738853504
85720531,"Gütschstrasse 5, 6003 Luzern - CHF 2’555 inkl. NK pro Monat",2555,4.0,100.0,6003,Luzern,Lucerne,Gütschstrasse 5,APARTMENT,47.05248437,8.29794129,https://flatfox.ch/de/wohnung/gutschstrasse-5-6003-luzern/85720531/,2026-05-17T01:49:16+00:00,25.55
85720647,"Steingasse 46, 4538 Oberbipp - CHF 1’617 inkl. NK pro Monat",1617,3.5,98.0,4538,Oberbipp,Bern,Steingasse 46,APARTMENT,47.25775896,7.66407885,https://flatfox.ch/de/wohnung/steingasse-46-4538-oberbipp/85720647/,2026-05-17T01:49:16+00:00,16.5
85720696,"Chemin Colladon 18, 1209 Genève - CHF 6’800",6800,6.0,176.0,1209,Genève,Geneva,Chemin Colladon 18,DUPLEX,46.22327600000001,6.12409445,https://flatfox.ch/de/wohnung/chemin-colladon-18-1209-geneve/85720696/,2026-05-17T01:49:16+00:00,38.63636363636363
85720762,"Hegenheimerstrasse 47, 4055 Basel - CHF 1’630 inkl. NK pro Monat",1630,3.0,72.0,4055,Basel,Basel-Stadt,Hegenheimerstrasse 47,APARTMENT,47.56025629,7.572321700000002,https://flatfox.ch/de/wohnung/hegenheimerstrasse-47-4055-basel/85720762/,2026-05-17T01:49:16+00:00,22.63888888888889
85720781,"Gerbergasse 6, 2502 Biel/Bienne - CHF 1’770 inkl. NK pro Monat",1770,3.5,79.0,2502,Biel/Bienne,Bern,Gerbergasse 6,APARTMENT,47.141880000000015,7.247841999999999,https://flatfox.ch/de/wohnung/gerbergasse-6-2502-bielbienne/85720781/,2026-05-17T01:49:16+00:00,22.40506329113924
85720952,"St. Georgenstr. 210a, 9011 St. Gallen - CHF 2’330 inkl. NK pro Monat",2330,3.5,130.0,9011,St. Gallen,St. Gallen,St. Georgenstr. 210a,DUPLEX,47.41413691,9.39811685,https://flatfox.ch/de/wohnung/st-georgenstr-210a-9011-st-gallen/85720952/,2026-05-17T01:49:16+00:00,17.923076923076923
85721242,"Piazza Grande 13, 6600 Locarno - CHF 1’511 inkl. NK pro Monat",1511,2.5,60.0,6600,Locarno,Ticino,Piazza Grande 13,ATTIC_FLAT,46.16902131,8.79510937,https://flatfox.ch/de/wohnung/piazza-grande-13-6600-locarno/85721242/,2026-05-17T01:49:16+00:00,25.183333333333334
85721366,"Winkelweg 20, 4553 Subingen - CHF 1’580 inkl. NK pro Monat",1580,3.5,85.0,4553,Subingen,Solothurn,Winkelweg 20,APARTMENT,47.19727223,7.60712113,https://flatfox.ch/de/wohnung/winkelweg-20-4553-subingen/85721366/,2026-05-17T01:49:16+00:00,18.58823529411765
85721398,"Klybeckstr. 73 VH, 4057 Basel - CHF 1’390 inkl. NK pro Monat",1390,2.0,62.0,4057,Basel,Basel-Stadt,Klybeckstr. 73 VH,APARTMENT,47.56790426,7.589940299999999,https://flatfox.ch/de/wohnung/klybeckstr-73-vh-4057-basel/85721398/,2026-05-17T01:49:16+00:00,22.419354838709676
85721989,"Olivone, 6718 Olivone - CHF 1’400",1400,4.0,100.0,6718,Olivone,Ticino,Olivone,APARTMENT,46.529427100000014,8.941889699999999,https://flatfox.ch/de/wohnung/olivone-6718-olivone/85721989/,2026-05-17T01:49:26+00:00,14.0
85722033,"Via Cantonale 22, 6702 Claro - CHF 1’250",1250,3.5,95.0,6702,Claro,Ticino,Via Cantonale 22,APARTMENT,46.23201493,9.02308227,https://flatfox.ch/de/wohnung/via-cantonale-22-6702-claro/85722033/,2026-05-17T01:49:26+00:00,13.157894736842104
85722060,"Vordorf 646, 9044 Wald AR - CHF 1’770",1770,4.5,87.0,9044,Wald AR,Appenzell Ausserrhoden,Vordorf 646,APARTMENT,47.41737047,9.49372497,https://flatfox.ch/de/wohnung/vordorf-646-9044-wald-ar/85722060/,2026-05-17T01:49:26+00:00,20.344827586206897
85722089,"Vicolo Comacini 11, 6815 Melide - CHF 2’200",2200,4.5,130.0,6815,Melide,Ticino,Vicolo Comacini 11,APARTMENT,45.9559032,8.944237099999999,https://flatfox.ch/de/wohnung/vicolo-comacini-11-6815-melide/85722089/,2026-05-17T01:49:26+00:00,16.923076923076923
85722171,"Via Valón 5, Bodio, 6743 Bodio TI - CHF 1’300",1300,4.5,125.0,6743,Bodio TI,Ticino,"Via Valón 5, Bodio",APARTMENT,46.38133939999999,8.90823789,https://flatfox.ch/de/wohnung/via-valon-5-bodio-6743-bodio-ti/85722171/,2026-05-17T01:49:28+00:00,10.4
85722181,"via Luvee 11, 6855 Stabio - CHF 1’650",1650,4.5,106.0,6855,Stabio,Ticino,via Luvee 11,APARTMENT,45.85457841,8.94451063,https://flatfox.ch/de/wohnung/via-luvee-11-6855-stabio/85722181/,2026-05-17T01:49:28+00:00,15.566037735849056
85722197,"Via Pusterla 16 Balerna, 6828 Balerna - CHF 850",850,3.5,90.0,6828,Balerna,Ticino,Via Pusterla 16 Balerna,APARTMENT,45.84799861,9.0062231,https://flatfox.ch/de/wohnung/via-pusterla-16-balerna-6828-balerna/85722197/,2026-05-17T01:49:28+00:00,9.444444444444445
85722221,"Leimernweg 28, 3270 Aarberg - CHF 900",900,1.0,25.0,3270,Aarberg,Bern,Leimernweg 28,APARTMENT,47.05024655,7.28358756,https://flatfox.ch/de/wohnung/leimernweg-28-3270-aarberg/85722221/,2026-05-17T01:49:28+00:00,36.0
85722353,"Stadelgasse 4a, 9220 Bischofszell - CHF 1’100",1100,2.0,50.0,9220,Bischofszell,Thurgau,Stadelgasse 4a,APARTMENT,47.4941485,9.2420237,https://flatfox.ch/de/wohnung/stadelgasse-4a-9220-bischofszell/85722353/,2026-05-17T01:49:28+00:00,22.0
85722411,"Zürichstrasse 12, 4665 Oftringen - CHF 1’190 inkl. NK pro Monat",1190,3.0,64.0,4665,Oftringen,Aargau,Zürichstrasse 12,APARTMENT,47.31262124,7.92358334,https://flatfox.ch/de/wohnung/zurichstrasse-12-4665-oftringen/85722411/,2026-05-17T01:49:28+00:00,18.59375
85722903,"Route de la Jorette 24, 1899 Torgon - CHF 1’100",1100,2.5,70.0,1899,Torgon,Valais,Route de la Jorette 24,APARTMENT,46.31431471,6.86802119,https://flatfox.ch/de/wohnung/route-de-la-jorette-24-1899-torgon/85722903/,2026-05-17T01:49:28+00:00,15.714285714285714
85723342,"Grands-Champs 1, 1196 Gland - CHF 5’100",5100,4.5,147.0,1196,Gland,Vaud,Grands-Champs 1,ATTIC_FLAT,46.42095396,6.260880299999999,https://flatfox.ch/de/wohnung/grands-champs-1-1196-gland/85723342/,2026-05-17T01:49:28+00:00,34.69387755102041
85723356,1201 Genève - CHF 2’900 inkl. NK pro Monat,2900,4.0,70.0,1201,Genève,Geneva,,FURNISHED_FLAT,46.20956741113274,6.145108795972814,https://flatfox.ch/de/wohnung/1201-geneve/85723356/,2026-05-17T01:49:28+00:00,41.42857142857143
85723475,"Kasernenstr. 48, 8180 Bülach - CHF 1’650 inkl. NK pro Monat",1650,2.5,49.0,8180,Bülach,Zurich,Kasernenstr. 48,APARTMENT,47.51678938,8.532943699999999,https://flatfox.ch/de/wohnung/kasernenstr-48-8180-bulach/85723475/,2026-05-17T01:49:28+00:00,33.673469387755105
85723513,"Delsbergerstrasse 37, 4242 Laufen - CHF 1’750",1750,1.0,77.0,4242,Laufen,Basel-Landschaft,Delsbergerstrasse 37,APARTMENT,47.4194899,7.500508399999999,https://flatfox.ch/de/wohnung/delsbergerstrasse-37-4242-laufen/85723513/,2026-05-17T01:49:28+00:00,22.727272727272727
85723580,"Hitzkircherstrasse 4, 6285 Hitzkirch - CHF 2’340 inkl. NK pro Monat",2340,4.5,109.0,6285,Hitzkirch,Lucerne,Hitzkircherstrasse 4,APARTMENT,47.22767379,8.24580746,https://flatfox.ch/de/wohnung/hitzkircherstrasse-4-6285-hitzkirch/85723580/,2026-05-17T01:49:28+00:00,21.46788990825688
85723808,"Corso Elvezia 35, 6900 Lugano - CHF 3’585",3585,3.5,77.0,6900,Lugano,Ticino,Corso Elvezia 35,FURNISHED_FLAT,46.0100757,8.95606455,https://flatfox.ch/de/wohnung/corso-elvezia-35-6900-lugano/85723808/,2026-05-17T01:49:28+00:00,46.55844155844156
85723863,"Via alle Zocche, 6833 Vacallo - CHF 1’300",1300,2.5,75.0,6833,Vacallo,Ticino,Via alle Zocche,APARTMENT,45.84238571,9.03442717,https://flatfox.ch/de/wohnung/via-alle-zocche-6833-vacallo/85723863/,2026-05-17T01:49:28+00:00,17.333333333333332
85724587,"Via Rinaldo Simen 9a, 6830 Chiasso - CHF 1’290",1290,3.5,90.0,6830,Chiasso,Ticino,Via Rinaldo Simen 9a,APARTMENT,45.8380987,9.02529618,https://flatfox.ch/de/wohnung/via-rinaldo-simen-9a-6830-chiasso/85724587/,2026-05-17T01:49:28+00:00,14.333333333333334
85725636,8852 Altendorf - CHF 1’452 inkl. NK pro Monat,1452,1.0,40.0,8852,Altendorf,Schwyz,,FURNISHED_FLAT,47.176940042136586,8.835049644611665,https://flatfox.ch/de/wohnung/8852-altendorf/85725636/,2026-05-17T01:49:30+00:00,36.3
85725704,"Rue des Frères-Lumière 22, 1723 Marly - CHF 3’100 inkl. NK pro Monat",3100,5.5,115.0,1723,Marly,Fribourg,Rue des Frères-Lumière 22,APARTMENT,46.77436100000001,7.156283,https://flatfox.ch/de/wohnung/rue-des-freres-lumiere-22-1723-marly/85725704/,2026-05-17T01:49:30+00:00,26.956521739130434
85725710,"Rue Elisabeth-Baulacre 24, 1202 Genève - CHF 2’680 inkl. NK pro Monat",2680,2.0,65.0,1202,Genève,Geneva,Rue Elisabeth-Baulacre 24,APARTMENT,46.21576335,6.14015559,https://flatfox.ch/de/wohnung/rue-elisabeth-baulacre-24-1202-geneve/85725710/,2026-05-17T01:49:30+00:00,41.23076923076923
85725730,"Avenue de Béthusy 4, 1005 Lausanne - CHF 3’045 inkl. NK pro Monat",3045,5.0,104.0,1005,Lausanne,Vaud,Avenue de Béthusy 4,APARTMENT,46.52122369,6.640661799999999,https://flatfox.ch/de/wohnung/avenue-de-bethusy-4-1005-lausanne/85725730/,2026-05-17T01:49:30+00:00,29.278846153846153
85725854,"Weissenbühlweg 30, 3007 Bern - CHF 2’500 inkl. NK pro Monat",2500,2.5,67.0,3007,Bern,Bern,Weissenbühlweg 30,FURNISHED_FLAT,46.9372308,7.43553851,https://flatfox.ch/de/wohnung/weissenbuhlweg-30-3007-bern/85725854/,2026-05-17T01:49:30+00:00,37.3134328358209
85725914,"Bremgartnerstrasse 10, 8003 Zürich - CHF 3’750",3750,3.5,88.0,8003,Zürich,Zurich,Bremgartnerstrasse 10,ATTIC_FLAT,47.37259581,8.52033783,https://flatfox.ch/de/wohnung/bremgartnerstrasse-10-8003-zurich/85725914/,2026-05-17T01:49:30+00:00,42.61363636363637
85725934,"St. Jakob-Str. 108d, 4132 Muttenz - CHF 3’714 inkl. NK pro Monat",3714,5.5,142.0,4132,Muttenz,Basel-Landschaft,St. Jakob-Str. 108d,APARTMENT,47.5324115,7.632695000000001,https://flatfox.ch/de/wohnung/st-jakob-str-108d-4132-muttenz/85725934/,2026-05-17T01:49:30+00:00,26.154929577464788
85726132,"Marktgasse 35, 4900 Langenthal - CHF 1’910 inkl. NK pro Monat",1910,4.5,159.0,4900,Langenthal,Bern,Marktgasse 35,DUPLEX,47.2101786,7.787922,https://flatfox.ch/de/wohnung/marktgasse-35-4900-langenthal/85726132/,2026-05-17T01:49:30+00:00,12.0125786163522
85726333,"Wallisellerstr. 6, 8302 Kloten - CHF 2’220 inkl. NK pro Monat",2220,4.0,79.0,8302,Kloten,Zurich,Wallisellerstr. 6,APARTMENT,47.4438934,8.58931461,https://flatfox.ch/de/wohnung/wallisellerstr-6-8302-kloten/85726333/,2026-05-17T01:49:30+00:00,28.10126582278481
85726339,"Alte Landstrasse 3, 8302 Kloten - CHF 2’690 inkl. NK pro Monat",2690,3.5,74.0,8302,Kloten,Zurich,Alte Landstrasse 3,APARTMENT,47.46454121,8.58168427,https://flatfox.ch/de/wohnung/alte-landstrasse-3-8302-kloten/85726339/,2026-05-17T01:49:30+00:00,36.351351351351354
85726577,"Beyelerweg 3, 3006 Bern - CHF 2’650 inkl. NK pro Monat",2650,2.5,65.0,3006,Bern,Bern,Beyelerweg 3,ATTIC_FLAT,46.95022965,7.4687572,https://flatfox.ch/de/wohnung/beyelerweg-3-3006-bern/85726577/,2026-05-17T01:49:30+00:00,40.76923076923077
85726616,6900 Lugano - CHF 6’900,6900,7.5,251.0,6900,Lugano,Ticino,,APARTMENT,46.00933243160164,8.950849497421322,https://flatfox.ch/de/wohnung/6900-lugano/85726616/,2026-05-17T01:49:30+00:00,27.49003984063745
85726662,"Corso Elvezia 35, 6900 Lugano - CHF 2’323",2323,2.5,62.0,6900,Lugano,Ticino,Corso Elvezia 35,FURNISHED_FLAT,46.0100757,8.95606455,https://flatfox.ch/de/wohnung/corso-elvezia-35-6900-lugano/85726662/,2026-05-17T01:49:32+00:00,37.46774193548387
85726666,"Steinäckerstrasse 2b, 5442 Fislisbach - CHF 2’090",2090,4.5,95.0,5442,Fislisbach,Aargau,Steinäckerstrasse 2b,APARTMENT,47.43430845,8.289492599999999,https://flatfox.ch/de/wohnung/steinackerstrasse-2b-5442-fislisbach/85726666/,2026-05-17T01:49:32+00:00,22.0
85726774,"Käsereistrasse 7, 3145 Niederscherli - CHF 1’880 inkl. NK pro Monat",1880,3.5,84.0,3145,Niederscherli,Bern,Käsereistrasse 7,ROOF_FLAT,46.88565239,7.38798952,https://flatfox.ch/de/wohnung/kasereistrasse-7-3145-niederscherli/85726774/,2026-05-17T01:49:32+00:00,22.38095238095238
85726819,3072 Ostermundigen - CHF 2’990 inkl. NK pro Monat,2990,5.5,140.0,3072,Ostermundigen,Bern,,FURNISHED_FLAT,46.954263517659726,7.496765207013287,https://flatfox.ch/de/wohnung/3072-ostermundigen/85726819/,2026-05-17T01:49:32+00:00,21.357142857142858
85727023,1233 bernex - CHF 3’700 inkl. NK pro Monat,3700,6.5,130.0,1233,bernex,Geneva,,APARTMENT,46.17797371834469,6.062862104428088,https://flatfox.ch/de/wohnung/1233-bernex/85727023/,2026-05-17T01:49:32+00:00,28.46153846153846
85727064,"Erzenbergstrasse 8b (Haus D2), 4410 Liestal - CHF 2’760 inkl. NK pro Monat",2760,4.5,102.0,4410,Liestal,Basel-Landschaft,Erzenbergstrasse 8b (Haus D2),APARTMENT,47.4870288,7.739141000000002,https://flatfox.ch/de/wohnung/erzenbergstrasse-8b-haus-d2-4410-liestal/85727064/,2026-05-17T01:49:32+00:00,27.058823529411764
85727070,"Erzenbergstrasse 10b (Haus E2), 4410 Liestal - CHF 2’320 inkl. NK pro Monat",2320,3.5,95.0,4410,Liestal,Basel-Landschaft,Erzenbergstrasse 10b (Haus E2),APARTMENT,47.48717116,7.738653500000002,https://flatfox.ch/de/wohnung/erzenbergstrasse-10b-haus-e2-4410-liestal/85727070/,2026-05-17T01:49:32+00:00,24.42105263157895
85727460,"Avenue de la Rochelle 1, 1008 Prilly - CHF 1’940 inkl. NK pro Monat",1940,4.0,87.0,1008,Prilly,Vaud,Avenue de la Rochelle 1,APARTMENT,46.53149561,6.60208666,https://flatfox.ch/de/wohnung/avenue-de-la-rochelle-1-1008-prilly/85727460/,2026-05-17T01:49:32+00:00,22.298850574712645
85727536,"Spisi 32, 1714 Heitenried - CHF 1’750",1750,3.5,86.0,1714,Heitenried,Fribourg,Spisi 32,APARTMENT,46.82416942,7.302435699999999,https://flatfox.ch/de/wohnung/spisi-32-1714-heitenried/85727536/,2026-05-17T01:49:32+00:00,20.348837209302324
85727689,"Pfingstweidstrasse 104 A, 8005 Zürich - CHF 2’975 inkl. NK pro Monat",2975,2.5,79.0,8005,Zürich,Zurich,Pfingstweidstrasse 104 A,DUPLEX,47.39097063,8.50863688,https://flatfox.ch/de/wohnung/pfingstweidstrasse-104-a-8005-zurich/85727689/,2026-05-17T01:49:32+00:00,37.65822784810127
85727701,"Route de Bourguillon 15, 1723 Marly - CHF 1’490 inkl. NK pro Monat",1490,3.5,75.0,1723,Marly,Fribourg,Route de Bourguillon 15,APARTMENT,46.78031871,7.15839543,https://flatfox.ch/de/wohnung/route-de-bourguillon-15-1723-marly/85727701/,2026-05-17T01:49:32+00:00,19.866666666666667
85727730,"Länggasse 44, 2504 Biel/Bienne - CHF 1’890 inkl. NK pro Monat",1890,3.5,89.0,2504,Biel/Bienne,Bern,Länggasse 44,APARTMENT,47.15273056,7.2742432,https://flatfox.ch/de/wohnung/langgasse-44-2504-bielbienne/85727730/,2026-05-17T01:49:32+00:00,21.235955056179776
85728077,"Schauenburgerstrasse 14, 4052 Basel - CHF 3’180 inkl. NK pro Monat",3180,5.5,121.0,4052,Basel,Basel-Stadt,Schauenburgerstrasse 14,APARTMENT,47.55498222,7.60978736,https://flatfox.ch/de/wohnung/schauenburgerstrasse-14-4052-basel/85728077/,2026-05-17T01:49:32+00:00,26.28099173553719
85728281,"Rue de Crissier 8, 1020 Renens - CHF 1’680 inkl. NK pro Monat",1680,3.5,67.0,1020,Renens,Vaud,Rue de Crissier 8,APARTMENT,46.53856793,6.579607600000002,https://flatfox.ch/de/wohnung/rue-de-crissier-8-1020-renens/85728281/,2026-05-17T01:49:32+00:00,25.074626865671643
85728468,"Lehmgrubenweg 12, 4106 Therwil - CHF 2’160",2160,4.0,94.0,4106,Therwil,Basel-Landschaft,Lehmgrubenweg 12,APARTMENT,47.495273200000014,7.553891999999999,https://flatfox.ch/de/wohnung/lehmgrubenweg-12-4106-therwil/85728468/,2026-05-17T01:49:32+00:00,22.97872340425532
85728498,"Grubenstrasse 13b, 5070 Frick - CHF 2’310 inkl. NK pro Monat",2310,5.5,178.0,5070,Frick,Aargau,Grubenstrasse 13b,APARTMENT,47.51016965,8.02004494,https://flatfox.ch/de/wohnung/grubenstrasse-13b-5070-frick/85728498/,2026-05-17T01:49:32+00:00,12.97752808988764
85728561,"Lothringerstrasse 23, 4056 Basel - CHF 1’050 inkl. NK pro Monat",1050,1.0,32.0,4056,Basel,Basel-Stadt,Lothringerstrasse 23,APARTMENT,47.56662635,7.57878495,https://flatfox.ch/de/wohnung/lothringerstrasse-23-4056-basel/85728561/,2026-05-17T01:49:34+00:00,32.8125
85729470,"Via Angelo Nessi 42, 6605 Locarno - CHF 1’620 inkl. NK pro Monat",1620,5.5,97.0,6605,Locarno,Ticino,Via Angelo Nessi 42,APARTMENT,46.16222676,8.791139399999999,https://flatfox.ch/de/wohnung/via-angelo-nessi-42-6605-locarno/85729470/,2026-05-17T01:49:34+00:00,16.701030927835053
85729588,"Via Angelo Nessi 42, 6605 Locarno - CHF 1’350 inkl. NK pro Monat",1350,3.5,75.0,6605,Locarno,Ticino,Via Angelo Nessi 42,APARTMENT,46.16222676,8.791139399999999,https://flatfox.ch/de/wohnung/via-angelo-nessi-42-6605-locarno/85729588/,2026-05-17T01:49:34+00:00,18.0
85729594,"Bälliz 42, 3600 Thun - CHF 2’750",2750,4.5,91.0,3600,Thun,Bern,Bälliz 42,APARTMENT,46.75836928,7.62731551,https://flatfox.ch/de/wohnung/balliz-42-3600-thun/85729594/,2026-05-17T01:49:34+00:00,30.21978021978022
85729610,"Birkenstrasse 5, 4123 Allschwil - CHF 1’760 inkl. NK pro Monat",1760,3.5,77.0,4123,Allschwil,Basel-Landschaft,Birkenstrasse 5,APARTMENT,47.55375451,7.550977400000002,https://flatfox.ch/de/wohnung/birkenstrasse-5-4123-allschwil/85729610/,2026-05-17T01:49:34+00:00,22.857142857142858
85729876,"St. Gallerstrasse 123, 8645 Rapperswil-Jona - CHF 2’130 inkl. NK pro Monat",2130,3.5,83.0,8645,Rapperswil-Jona,St. Gallen,St. Gallerstrasse 123,APARTMENT,47.2312627,8.84975899,https://flatfox.ch/de/wohnung/st-gallerstrasse-123-8645-rapperswil-jona/85729876/,2026-05-17T01:49:34+00:00,25.662650602409638
85730051,"Rue de la Léchère 51, 1630 Bulle - CHF 1’770 inkl. NK pro Monat",1770,3.5,81.0,1630,Bulle,Fribourg,Rue de la Léchère 51,APARTMENT,46.6250753,7.05176284,https://flatfox.ch/de/wohnung/rue-de-la-lechere-51-1630-bulle/85730051/,2026-05-17T01:49:34+00:00,21.85185185185185
85730070,"Landoltstrasse 60, 3007 Bern - CHF 1’670 inkl. NK pro Monat",1670,3.0,66.0,3007,Bern,Bern,Landoltstrasse 60,APARTMENT,46.93456761,7.440865100000002,https://flatfox.ch/de/wohnung/landoltstrasse-60-3007-bern/85730070/,2026-05-17T01:49:34+00:00,25.303030303030305
85730128,"Rue St-Roch 21, 1004 Lausanne - CHF 1’660 inkl. NK pro Monat",1660,2.0,54.0,1004,Lausanne,Vaud,Rue St-Roch 21,APARTMENT,46.52453432,6.62749571,https://flatfox.ch/de/wohnung/rue-st-roch-21-1004-lausanne/85730128/,2026-05-17T01:49:34+00:00,30.74074074074074
85730409,"Effingerstrasse 41d, 3008 Bern - CHF 3’320 inkl. NK pro Monat",3320,3.5,140.0,3008,Bern,Bern,Effingerstrasse 41d,APARTMENT,46.94541471,7.43090215,https://flatfox.ch/de/wohnung/effingerstrasse-41d-3008-bern/85730409/,2026-05-17T01:49:34+00:00,23.714285714285715
85730474,"Pré-Puceret 21, 1564 Domdidier - CHF 1’600 inkl. NK pro Monat",1600,3.0,74.0,1564,Domdidier,Fribourg,Pré-Puceret 21,APARTMENT,46.86882718,7.01378041,https://flatfox.ch/de/wohnung/pre-puceret-21-1564-domdidier/85730474/,2026-05-17T01:49:34+00:00,21.62162162162162
85730574,"Friedhofweg 2, 3303 Jegenstorf - CHF 1’910 inkl. NK pro Monat",1910,4.5,114.0,3303,Jegenstorf,Bern,Friedhofweg 2,APARTMENT,47.05265616,7.51130817,https://flatfox.ch/de/wohnung/friedhofweg-2-3303-jegenstorf/85730574/,2026-05-17T01:49:36+00:00,16.75438596491228
85730659,"Pfeidstrasse 8, 2555 Brügg BE - CHF 980",980,1.0,36.0,2555,Brügg BE,Bern,Pfeidstrasse 8,APARTMENT,47.12256451,7.27686031,https://flatfox.ch/de/wohnung/pfeidstrasse-8-2555-brugg-be/85730659/,2026-05-17T01:49:36+00:00,27.22222222222222
85730794,"Loch 1307, 9428 Walzenhausen - CHF 940 inkl. NK pro Monat",940,2.5,48.0,9428,Walzenhausen,Appenzell Ausserrhoden,Loch 1307,APARTMENT,47.45164492,9.5997049,https://flatfox.ch/de/wohnung/loch-1307-9428-walzenhausen/85730794/,2026-05-17T01:49:36+00:00,19.583333333333332
85730912,"Avenue Charles-Secrétan 1, 1005 Lausanne - CHF 2’150 inkl. NK pro Monat",2150,3.0,78.0,1005,Lausanne,Vaud,Avenue Charles-Secrétan 1,APARTMENT,46.52085183,6.64400586,https://flatfox.ch/de/wohnung/avenue-charles-secretan-1-1005-lausanne/85730912/,2026-05-17T01:49:36+00:00,27.564102564102566
85730966,"Kirchstrasse 30, 8750 Glarus - CHF 1’512 inkl. NK pro Monat",1512,4.5,70.0,8750,Glarus,Glarus,Kirchstrasse 30,APARTMENT,47.04063431,9.06624898,https://flatfox.ch/de/wohnung/kirchstrasse-30-8750-glarus/85730966/,2026-05-17T01:49:36+00:00,21.6
85731116,"Piazza Municipio 4, 6614 Isole di Brissago - CHF 1’600",1600,5.0,138.0,6614,Isole di Brissago,Ticino,Piazza Municipio 4,APARTMENT,46.11974821,8.71161248,https://flatfox.ch/de/wohnung/piazza-municipio-4-6614-isole-di-brissago/85731116/,2026-05-17T01:49:36+00:00,11.594202898550725
85731368,"Eggstrasse 53, 4402 Frenkendorf - CHF 1’830 inkl. NK pro Monat",1830,4.0,90.0,4402,Frenkendorf,Basel-Landschaft,Eggstrasse 53,APARTMENT,47.50876689,7.71651444,https://flatfox.ch/de/wohnung/eggstrasse-53-4402-frenkendorf/85731368/,2026-05-17T01:49:36+00:00,20.333333333333332
85731556,"Schulhausstrasse 4, 4556 Aeschi - CHF 1’520 inkl. NK pro Monat",1520,2.5,71.0,4556,Aeschi,Solothurn,Schulhausstrasse 4,APARTMENT,47.18084343,7.66003721,https://flatfox.ch/de/wohnung/schulhausstrasse-4-4556-aeschi/85731556/,2026-05-17T01:49:36+00:00,21.408450704225352
85731692,"Avenue de Tourbillon 88, 1950 Sion - CHF 1’390",1390,2.5,62.0,1950,Sion,Valais,Avenue de Tourbillon 88,APARTMENT,46.23217159,7.368939699999999,https://flatfox.ch/de/wohnung/avenue-de-tourbillon-88-1950-sion/85731692/,2026-05-17T01:49:36+00:00,22.419354838709676
85732864,"Piazza San Domenico 11, 6991 Neggio - CHF 1’600",1600,3.5,150.0,6991,Neggio,Ticino,Piazza San Domenico 11,APARTMENT,45.98705481,8.87858589,https://flatfox.ch/de/wohnung/piazza-san-domenico-11-6991-neggio/85732864/,2026-05-17T01:49:38+00:00,10.666666666666666
85733105,"Aadorferstrasse 3, 8353 Elgg - CHF 2’400 inkl. NK pro Monat",2400,4.5,115.0,8353,Elgg,Zurich,Aadorferstrasse 3,APARTMENT,47.49095266,8.86885196,https://flatfox.ch/de/wohnung/aadorferstrasse-3-8353-elgg/85733105/,2026-05-17T01:49:38+00:00,20.869565217391305
85733199,"Aadorferstrasse 3, 8353 Elgg - CHF 2’000 inkl. NK pro Monat",2000,3.5,85.0,8353,Elgg,Zurich,Aadorferstrasse 3,APARTMENT,47.49095266,8.86885196,https://flatfox.ch/de/wohnung/aadorferstrasse-3-8353-elgg/85733199/,2026-05-17T01:49:38+00:00,23.529411764705884
85733428,"Lettenweg 111, 4123 Allschwil - CHF 1’790 inkl. NK pro Monat",1790,3.5,95.0,4123,Allschwil,Basel-Landschaft,Lettenweg 111,APARTMENT,47.54858681,7.55150529,https://flatfox.ch/de/wohnung/lettenweg-111-4123-allschwil/85733428/,2026-05-17T01:49:38+00:00,18.842105263157894
85733431,"Sportplatzweg 16, 3904 Naters - CHF 1’970 inkl. NK pro Monat",1970,4.5,100.0,3904,Naters,Valais,Sportplatzweg 16,APARTMENT,46.32443057,7.998013100000001,https://flatfox.ch/de/wohnung/sportplatzweg-16-3904-naters/85733431/,2026-05-17T01:49:38+00:00,19.7
85733531,"Via Vincenzo d''Alberti 5, 6600 Locarno - CHF 1’670 inkl. NK pro Monat",1670,3.5,85.0,6600,Locarno,Ticino,Via Vincenzo d''Alberti 5,APARTMENT,46.17441214,8.80356218,https://flatfox.ch/de/wohnung/via-vincenzo-dalberti-5-6600-locarno/85733531/,2026-05-17T01:49:40+00:00,19.647058823529413
85733593,"Kornplatz 12, 7000 Chur - CHF 1’940 inkl. NK pro Monat",1940,3.5,89.0,7000,Chur,Graubünden,Kornplatz 12,APARTMENT,46.84914464,9.53085739,https://flatfox.ch/de/wohnung/kornplatz-12-7000-chur/85733593/,2026-05-17T01:49:40+00:00,21.797752808988765
85733645,"Mittelgäustrasse 122, 4612 Wangen b. Olten - CHF 1’121 inkl. NK pro Monat",1121,2.5,62.0,4612,Wangen b. Olten,Solothurn,Mittelgäustrasse 122,APARTMENT,47.33705652,7.86590897,https://flatfox.ch/de/wohnung/mittelgaustrasse-122-4612-wangen-b-olten/85733645/,2026-05-17T01:49:40+00:00,18.080645161290324
85733653,"Chemin Colladon 28, 1209 Genève - CHF 5’220 inkl. NK pro Monat",5220,5.0,168.0,1209,Genève,Geneva,Chemin Colladon 28,APARTMENT,46.2235827,6.12328059,https://flatfox.ch/de/wohnung/chemin-colladon-28-1209-geneve/85733653/,2026-05-17T01:49:40+00:00,31.071428571428573
85733845,"Bahnhofstrasse 100, 8957 Spreitenbach - CHF 1’289 inkl. NK pro Monat",1289,2.0,54.0,8957,Spreitenbach,Aargau,Bahnhofstrasse 100,APARTMENT,47.42680195,8.36076261,https://flatfox.ch/de/wohnung/bahnhofstrasse-100-8957-spreitenbach/85733845/,2026-05-17T01:49:40+00:00,23.87037037037037
85734052,"Rue Léman 9, 1815 Clarens - CHF 2’050 inkl. NK pro Monat",2050,3.0,86.0,1815,Clarens,Vaud,Rue Léman 9,APARTMENT,46.44051442,6.89321926,https://flatfox.ch/de/wohnung/rue-leman-9-1815-clarens/85734052/,2026-05-17T01:49:40+00:00,23.837209302325583
85734068,"Stampachgasse 4, 3065 Bolligen - CHF 1’790 inkl. NK pro Monat",1790,3.5,110.0,3065,Bolligen,Bern,Stampachgasse 4,APARTMENT,46.97954055,7.49157244,https://flatfox.ch/de/wohnung/stampachgasse-4-3065-bolligen/85734068/,2026-05-17T01:49:40+00:00,16.272727272727273
85734122,"Rue du Môle 42, 1201 Genève - CHF 3’370 inkl. NK pro Monat",3370,4.0,96.0,1201,Genève,Geneva,Rue du Môle 42,APARTMENT,46.2134889,6.1464632,https://flatfox.ch/de/wohnung/rue-du-mole-42-1201-geneve/85734122/,2026-05-17T01:49:40+00:00,35.104166666666664
85734397,"Route du Bugnon 10, 1726 Farvagny-le-Grand - CHF 1’170 inkl. NK pro Monat",1170,2.5,52.0,1726,Farvagny-le-Grand,Fribourg,Route du Bugnon 10,APARTMENT,46.72371871,7.069962400000001,https://flatfox.ch/de/wohnung/route-du-bugnon-10-1726-farvagny-le-grand/85734397/,2026-05-17T01:49:40+00:00,22.5
85734433,"Goethestr. 24, 8712 Stäfa - CHF 2’055 inkl. NK pro Monat",2055,2.5,57.0,8712,Stäfa,Zurich,Goethestr. 24,ROOF_FLAT,47.24078457,8.72410715,https://flatfox.ch/de/wohnung/goethestr-24-8712-stafa/85734433/,2026-05-17T01:49:40+00:00,36.05263157894737
85734484,"Berneggstr. 50, 9000 St. Gallen - CHF 900 inkl. NK pro Monat",900,1.5,31.0,9000,St. Gallen,St. Gallen,Berneggstr. 50,APARTMENT,47.41927983,9.37304147,https://flatfox.ch/de/wohnung/berneggstr-50-9000-st-gallen/85734484/,2026-05-17T01:49:40+00:00,29.032258064516128
85734683,"Rue Pain-Blanc 19, 2000 Neuchâtel - CHF 1’530 inkl. NK pro Monat",1530,3.5,64.0,2000,Neuchâtel,Neuchâtel,Rue Pain-Blanc 19,APARTMENT,46.98195851,6.89836433,https://flatfox.ch/de/wohnung/rue-pain-blanc-19-2000-neuchatel/85734683/,2026-05-17T01:49:40+00:00,23.90625
85734743,"Geroldsweg 11, 8196 Wil ZH - CHF 1’990",1990,3.5,104.0,8196,Wil ZH,Zurich,Geroldsweg 11,APARTMENT,47.60346771,8.507310300000002,https://flatfox.ch/de/wohnung/geroldsweg-11-8196-wil-zh/85734743/,2026-05-17T01:49:40+00:00,19.134615384615383
85734884,"Rue de la Chaumont 2, 2900 Pruntrut - CHF 900",900,3.5,70.0,2900,Pruntrut,Jura,Rue de la Chaumont 2,APARTMENT,47.41627427,7.07372623,https://flatfox.ch/de/wohnung/rue-de-la-chaumont-2-2900-pruntrut/85734884/,2026-05-17T01:49:40+00:00,12.857142857142858
85734974,"Boine 27, 2000 Neuenburg - CHF 6’960",6960,7.5,330.0,2000,Neuenburg,Neuchâtel,Boine 27,APARTMENT,46.99460151,6.929408899999999,https://flatfox.ch/de/wohnung/boine-27-2000-neuenburg/85734974/,2026-05-17T01:49:40+00:00,21.09090909090909
85735088,"Muttenzerstrasse 89, 4133 Pratteln - CHF 1’645 inkl. NK pro Monat",1645,3.5,70.0,4133,Pratteln,Basel-Landschaft,Muttenzerstrasse 89,APARTMENT,47.51913336,7.68129281,https://flatfox.ch/de/wohnung/muttenzerstrasse-89-4133-pratteln/85735088/,2026-05-17T01:49:41+00:00,23.5
85735153,"Ergolzstrasse 50, 4414 Füllinsdorf - CHF 1’490 inkl. NK pro Monat",1490,3.5,61.0,4414,Füllinsdorf,Basel-Landschaft,Ergolzstrasse 50,APARTMENT,47.50578833,7.724946600000002,https://flatfox.ch/de/wohnung/ergolzstrasse-50-4414-fullinsdorf/85735153/,2026-05-17T01:49:41+00:00,24.42622950819672
85735163,"Obere Zelgstrasse 2, 8590 Romanshorn - CHF 1’540 inkl. NK pro Monat",1540,2.5,64.0,8590,Romanshorn,Thurgau,Obere Zelgstrasse 2,DUPLEX,47.56869322,9.37766538,https://flatfox.ch/de/wohnung/obere-zelgstrasse-2-8590-romanshorn/85735163/,2026-05-17T01:49:41+00:00,24.0625
85735427,"Chemin des Pins 3, 1752 Villars-sur-Glâne - CHF 1’380 inkl. NK pro Monat",1380,2.0,72.0,1752,Villars-sur-Glâne,Fribourg,Chemin des Pins 3,APARTMENT,46.79338866,7.1159853,https://flatfox.ch/de/wohnung/chemin-des-pins-3-1752-villars-sur-glane/85735427/,2026-05-17T01:49:41+00:00,19.166666666666668
85735556,"Rue Schaub 5, 1202 Genève - CHF 2’790 inkl. NK pro Monat",2790,3.5,75.0,1202,Genève,Geneva,Rue Schaub 5,APARTMENT,46.21228177,6.13466534,https://flatfox.ch/de/wohnung/rue-schaub-5-1202-geneve/85735556/,2026-05-17T01:49:41+00:00,37.2
85735608,3048 Worblaufen - CHF 2’990 inkl. NK pro Monat,2990,3.5,97.0,3048,Worblaufen,Bern,,FURNISHED_FLAT,46.97971205720157,7.463662718025303,https://flatfox.ch/de/wohnung/3048-worblaufen/85735608/,2026-05-17T01:49:41+00:00,30.824742268041238
85735610,4051 Basel - CHF 3’125 inkl. NK pro Monat,3125,3.5,104.0,4051,Basel,Basel-Stadt,,FURNISHED_FLAT,47.55367694188098,7.5860619793716655,https://flatfox.ch/de/wohnung/4051-basel/85735610/,2026-05-17T01:49:41+00:00,30.048076923076923
85735611,8047 Zurich - CHF 2’865 inkl. NK pro Monat,2865,2.5,75.0,8047,Zurich,Zurich,,FURNISHED_FLAT,47.37281519697186,8.490645496726074,https://flatfox.ch/de/wohnung/8047-zurich/85735611/,2026-05-17T01:49:41+00:00,38.2
85735845,"Mooseggstrasse 25, 3550 Langnau i. E. - CHF 1’490 inkl. NK pro Monat",1490,4.5,89.0,3550,Langnau i. E.,Bern,Mooseggstrasse 25,APARTMENT,46.94261086,7.77988841,https://flatfox.ch/de/wohnung/mooseggstrasse-25-3550-langnau-i-e/85735845/,2026-05-17T01:49:41+00:00,16.741573033707866
85737202,"Falkensteinstrasse 54, 9006 St. Gallen - CHF 2’455 inkl. NK pro Monat",2455,4.5,129.0,9006,St. Gallen,St. Gallen,Falkensteinstrasse 54,APARTMENT,47.43089078,9.39678988,https://flatfox.ch/de/wohnung/falkensteinstrasse-54-9006-st-gallen/85737202/,2026-05-17T01:49:41+00:00,19.031007751937985
85737221,1040 Echallens - CHF 3’420 inkl. NK pro Monat,3420,4.5,110.0,1040,Echallens,Vaud,,FURNISHED_FLAT,46.64105926981163,6.634462125169025,https://flatfox.ch/de/wohnung/1040-echallens/85737221/,2026-05-17T01:49:41+00:00,31.09090909090909
85737573,"Bümplizstrasse 48, 3027 Bern - CHF 2’090 inkl. NK pro Monat",2090,3.5,70.0,3027,Bern,Bern,Bümplizstrasse 48,APARTMENT,46.94770117,7.39299639,https://flatfox.ch/de/wohnung/bumplizstrasse-48-3027-bern/85737573/,2026-05-17T01:49:41+00:00,29.857142857142858
85737580,"Bümplizstrasse 48, 3027 Bern - CHF 2’090 inkl. NK pro Monat",2090,3.5,67.0,3027,Bern,Bern,Bümplizstrasse 48,APARTMENT,46.94770117,7.39299639,https://flatfox.ch/de/wohnung/bumplizstrasse-48-3027-bern/85737580/,2026-05-17T01:49:41+00:00,31.19402985074627
85737590,"Bümplizstrasse 48, 3027 Bern - CHF 1’240 inkl. NK pro Monat",1240,1.5,28.0,3027,Bern,Bern,Bümplizstrasse 48,APARTMENT,46.94770117,7.39299639,https://flatfox.ch/de/wohnung/bumplizstrasse-48-3027-bern/85737590/,2026-05-17T01:49:41+00:00,44.285714285714285
85737599,"Chemin des Champs-Meunier 15, 1052 Le Mont-sur-Lausanne - CHF 2’300 inkl. NK pro Monat",2300,3.5,80.0,1052,Le Mont-sur-Lausanne,Vaud,Chemin des Champs-Meunier 15,APARTMENT,46.54906015,6.62953451,https://flatfox.ch/de/wohnung/chemin-des-champs-meunier-15-1052-le-mont-sur-laus/85737599/,2026-05-17T01:49:41+00:00,28.75
85737622,"Ruchholzstrasse 26, 4103 Bottmingen - CHF 1’995",1995,2.5,62.0,4103,Bottmingen,Basel-Landschaft,Ruchholzstrasse 26,APARTMENT,47.52430636,7.574704400000002,https://flatfox.ch/de/wohnung/ruchholzstrasse-26-4103-bottmingen/85737622/,2026-05-17T01:49:41+00:00,32.17741935483871
85737652,"Rue Centrale 1, 1350 Orbe - CHF 1’300 inkl. NK pro Monat",1300,2.0,51.0,1350,Orbe,Vaud,Rue Centrale 1,APARTMENT,46.7239491,6.53240135,https://flatfox.ch/de/wohnung/rue-centrale-1-1350-orbe/85737652/,2026-05-17T01:49:43+00:00,25.49019607843137
85737732,"Rue Rombos 8, 2830 Courrendlin - CHF 1’000",1000,4.5,85.0,2830,Courrendlin,Jura,Rue Rombos 8,APARTMENT,47.33466564,7.3737441000000015,https://flatfox.ch/de/wohnung/rue-rombos-8-2830-courrendlin/85737732/,2026-05-17T01:49:43+00:00,11.764705882352942
85737849,"Stöckackerstrasse 110, 3018 Bern - CHF 1’650 inkl. NK pro Monat",1650,3.5,65.0,3018,Bern,Bern,Stöckackerstrasse 110,APARTMENT,46.94323153,7.398336800000002,https://flatfox.ch/de/wohnung/stockackerstrasse-110-3018-bern/85737849/,2026-05-17T01:49:43+00:00,25.384615384615383
85737894,"Maugwilerstr. 14a, 9552 Bronschhofen - CHF 1’420",1420,4.0,100.0,9552,Bronschhofen,St. Gallen,Maugwilerstr. 14a,APARTMENT,47.47820233,9.03709297,https://flatfox.ch/de/wohnung/maugwilerstr-14a-9552-bronschhofen/85737894/,2026-05-17T01:49:43+00:00,14.2
85737928,"Gartenstr. 118, 4052 Basel - CHF 2’290 inkl. NK pro Monat",2290,4.0,97.0,4052,Basel,Basel-Stadt,Gartenstr. 118,APARTMENT,47.54823517,7.5931056,https://flatfox.ch/de/wohnung/gartenstr-118-4052-basel/85737928/,2026-05-17T01:49:43+00:00,23.608247422680414
85738134,"Rue St-Roch 8, 1004 Lausanne - CHF 1’730 inkl. NK pro Monat",1730,3.0,66.0,1004,Lausanne,Vaud,Rue St-Roch 8,APARTMENT,46.52458075,6.62857784,https://flatfox.ch/de/wohnung/rue-st-roch-8-1004-lausanne/85738134/,2026-05-17T01:49:43+00:00,26.21212121212121
85738644,"Stadtbachstrasse 13, 5400 Baden - CHF 1’560 inkl. NK pro Monat",1560,2.0,48.0,5400,Baden,Aargau,Stadtbachstrasse 13,APARTMENT,47.4689864,8.298351499999999,https://flatfox.ch/de/wohnung/stadtbachstrasse-13-5400-baden/85738644/,2026-05-17T01:49:43+00:00,32.5
85738729,"Kestenbergstrasse 7, 5210 Windisch - CHF 1’610 inkl. NK pro Monat",1610,3.5,73.0,5210,Windisch,Aargau,Kestenbergstrasse 7,APARTMENT,47.47290856,8.21269353,https://flatfox.ch/de/wohnung/kestenbergstrasse-7-5210-windisch/85738729/,2026-05-17T01:49:43+00:00,22.054794520547944
85738741,"Leimbankweg 3, 4223 Blauen - CHF 2’090",2090,3.5,95.0,4223,Blauen,Basel-Landschaft,Leimbankweg 3,APARTMENT,47.44846210000002,7.5176879,https://flatfox.ch/de/wohnung/leimbankweg-3-4223-blauen/85738741/,2026-05-17T01:49:43+00:00,22.0
85739040,"Chemin de Longeraie 9, 1006 Lausanne - CHF 2’140 inkl. NK pro Monat",2140,3.0,62.0,1006,Lausanne,Vaud,Chemin de Longeraie 9,APARTMENT,46.51494355,6.63733845,https://flatfox.ch/de/wohnung/chemin-de-longeraie-9-1006-lausanne/85739040/,2026-05-17T01:49:43+00:00,34.516129032258064
85739250,"Parkweg 1, 4450 Sissach - CHF 1’440 inkl. NK pro Monat",1440,3.0,70.0,4450,Sissach,Basel-Landschaft,Parkweg 1,APARTMENT,47.46304851,7.80783946,https://flatfox.ch/de/wohnung/parkweg-1-4450-sissach/85739250/,2026-05-17T01:49:43+00:00,20.571428571428573
85739257,"Leimbankweg 3, 4223 Blauen - CHF 2’250",2250,4.5,101.0,4223,Blauen,Basel-Landschaft,Leimbankweg 3,APARTMENT,47.44846210000002,7.5176879,https://flatfox.ch/de/wohnung/leimbankweg-3-4223-blauen/85739257/,2026-05-17T01:49:43+00:00,22.277227722772277
85739291,"Krebsbärenhalde 2, 6048 Horw - CHF 1’970 inkl. NK pro Monat",1970,4.5,94.0,6048,Horw,Lucerne,Krebsbärenhalde 2,APARTMENT,47.01502391,8.313036799999999,https://flatfox.ch/de/wohnung/krebsbarenhalde-2-6048-horw/85739291/,2026-05-17T01:49:43+00:00,20.95744680851064
85739437,"Via Cantonale 123, 6573 Magadino - CHF 900",900,1.0,50.0,6573,Magadino,Ticino,Via Cantonale 123,APARTMENT,46.14811671,8.85769425,https://flatfox.ch/de/wohnung/via-cantonale-123-6573-magadino/85739437/,2026-05-17T01:49:43+00:00,18.0
85739451,"Erzenbergstrasse 8b (Haus D2), 4410 Liestal - CHF 2’170 inkl. NK pro Monat",2170,3.5,85.0,4410,Liestal,Basel-Landschaft,Erzenbergstrasse 8b (Haus D2),APARTMENT,47.4870288,7.739141000000002,https://flatfox.ch/de/wohnung/erzenbergstrasse-8b-haus-d2-4410-liestal/85739451/,2026-05-17T01:49:43+00:00,25.529411764705884
85739755,"Corso Elvezia 13, 6900 Lugano - CHF 1’060",1060,1.5,31.0,6900,Lugano,Ticino,Corso Elvezia 13,APARTMENT,46.00731634,8.95550992,https://flatfox.ch/de/wohnung/corso-elvezia-13-6900-lugano/85739755/,2026-05-17T01:49:43+00:00,34.193548387096776
85739927,"Bachstrasse 22, 8106 Adlikon b. Regensdorf - CHF 2’800 inkl. NK pro Monat",2800,4.5,115.0,8106,Adlikon b. Regensdorf,Zurich,Bachstrasse 22,APARTMENT,47.4482336,8.46398229,https://flatfox.ch/de/wohnung/bachstrasse-22-8106-adlikon-b-regensdorf/85739927/,2026-05-17T01:49:43+00:00,24.347826086956523
85739938,"Feldstrasse 3a, 9443 Widnau - CHF 2’690",2690,3.5,115.0,9443,Widnau,St. Gallen,Feldstrasse 3a,APARTMENT,47.40639641,9.63216841,https://flatfox.ch/de/wohnung/feldstrasse-3a-9443-widnau/85739938/,2026-05-17T01:49:43+00:00,23.391304347826086
85740030,3600 Thun - CHF 1’625 inkl. NK pro Monat,1625,3.5,133.0,3600,Thun,Bern,,FURNISHED_FLAT,46.7535052482836,7.622484056972294,https://flatfox.ch/de/wohnung/3600-thun/85740030/,2026-05-17T01:49:43+00:00,12.218045112781954
85740065,"Kriegackerstrasse 91, 4132 Muttenz - CHF 3’130 inkl. NK pro Monat",3130,4.5,135.0,4132,Muttenz,Basel-Landschaft,Kriegackerstrasse 91,APARTMENT,47.53492477,7.634978100000001,https://flatfox.ch/de/wohnung/kriegackerstrasse-91-4132-muttenz/85740065/,2026-05-17T01:49:43+00:00,23.185185185185187
85740350,"Serre  59, 2300 La Chaux-de-Fonds - CHF 860 inkl. NK pro Monat",860,2.5,50.0,2300,La Chaux-de-Fonds,Neuchâtel,Serre  59,APARTMENT,47.1008598,6.8253795,https://flatfox.ch/de/wohnung/serre-59-2300-la-chaux-de-fonds/85740350/,2026-05-17T01:49:45+00:00,17.2
85740376,"Fronwagplatz 27, 8200 Schaffhausen - CHF 1’780 inkl. NK pro Monat",1780,1.5,86.0,8200,Schaffhausen,Schaffhausen,Fronwagplatz 27,APARTMENT,47.69755425,8.633507999999999,https://flatfox.ch/de/wohnung/fronwagplatz-27-8200-schaffhausen/85740376/,2026-05-17T01:49:45+00:00,20.697674418604652
85740381,"Ch. de Vuichardaz 11, 1030 Bussigny - CHF 2’699 inkl. NK pro Monat",2699,3.5,83.0,1030,Bussigny,Vaud,Ch. de Vuichardaz 11,APARTMENT,46.55129693,6.555654499999999,https://flatfox.ch/de/wohnung/ch-de-vuichardaz-11-1030-bussigny/85740381/,2026-05-17T01:49:45+00:00,32.51807228915663
85740383,"Av. du Tribunal - Fédéral 38, 1005 Lausanne - CHF 1’130 inkl. NK pro Monat",1130,1.5,34.0,1005,Lausanne,Vaud,Av. du Tribunal - Fédéral 38,APARTMENT,46.51818537,6.64561467,https://flatfox.ch/de/wohnung/av-du-tribunal-federal-38-1005-lausanne/85740383/,2026-05-17T01:49:45+00:00,33.23529411764706
85740384,"Av. du Tribunal - Fédéral 38, 1005 Lausanne - CHF 1’985 inkl. NK pro Monat",1985,3.5,78.0,1005,Lausanne,Vaud,Av. du Tribunal - Fédéral 38,APARTMENT,46.51818537,6.64561467,https://flatfox.ch/de/wohnung/av-du-tribunal-federal-38-1005-lausanne/85740384/,2026-05-17T01:49:45+00:00,25.44871794871795
85740391,"Regensbergstrasse 30, 8050 Zürich - CHF 3’325 inkl. NK pro Monat",3325,3.5,85.0,8050,Zürich,Zurich,Regensbergstrasse 30,APARTMENT,47.40486861,8.55422521,https://flatfox.ch/de/wohnung/regensbergstrasse-30-8050-zurich/85740391/,2026-05-17T01:49:45+00:00,39.11764705882353
85740403,"Ch. du Devin 74, 1012 Lausanne - CHF 1’780 inkl. NK pro Monat",1780,4.0,83.0,1012,Lausanne,Vaud,Ch. du Devin 74,APARTMENT,46.5310117,6.65396465,https://flatfox.ch/de/wohnung/ch-du-devin-74-1012-lausanne/85740403/,2026-05-17T01:49:45+00:00,21.44578313253012
85740416,"Fabrikgasse 15, 8810 Horgen - CHF 2’290 inkl. NK pro Monat",2290,2.5,57.0,8810,Horgen,Zurich,Fabrikgasse 15,APARTMENT,47.25912756,8.587909999999999,https://flatfox.ch/de/wohnung/fabrikgasse-15-8810-horgen/85740416/,2026-05-17T01:49:45+00:00,40.175438596491226
85740453,"Ch. des Cornillons 92, 1292 Chambésy - CHF 5’150 inkl. NK pro Monat",5150,6.5,153.0,1292,Chambésy,Geneva,Ch. des Cornillons 92,APARTMENT,46.236461,6.147985,https://flatfox.ch/de/wohnung/ch-des-cornillons-92-1292-chambesy/85740453/,2026-05-17T01:49:45+00:00,33.66013071895425
85740472,"Binningerstr. 42, 4153 Reinach BL - CHF 1’600 inkl. NK pro Monat",1600,3.0,74.0,4153,Reinach BL,Basel-Landschaft,Binningerstr. 42,APARTMENT,47.50209926,7.59376861,https://flatfox.ch/de/wohnung/binningerstr-42-4153-reinach-bl/85740472/,2026-05-17T01:49:45+00:00,21.62162162162162
85740519,"Seehofstr. Haus C 3, 8645 Jona - CHF 3’863 inkl. NK pro Monat",3863,4.5,109.0,8645,Jona,St. Gallen,Seehofstr. Haus C 3,APARTMENT,47.21975698,8.8315121,https://flatfox.ch/de/wohnung/seehofstr-haus-c-3-8645-jona/85740519/,2026-05-17T01:49:45+00:00,35.440366972477065
85740536,"Via Gerbione 8, 6598 Tenero - CHF 1’900 inkl. NK pro Monat",1900,3.5,95.0,6598,Tenero,Ticino,Via Gerbione 8,APARTMENT,46.17937366,8.85172886,https://flatfox.ch/de/wohnung/via-gerbione-8-6598-tenero/85740536/,2026-05-17T01:49:45+00:00,20.0
85740537,"Via San Nicolao 30, 6598 Tenero - CHF 1’960 inkl. NK pro Monat",1960,4.5,119.0,6598,Tenero,Ticino,Via San Nicolao 30,APARTMENT,46.17941481,8.85216276,https://flatfox.ch/de/wohnung/via-san-nicolao-30-6598-tenero/85740537/,2026-05-17T01:49:45+00:00,16.470588235294116
85740540,"Kirchstr. 4, 4127 Birsfelden - CHF 1’795 inkl. NK pro Monat",1795,3.0,80.0,4127,Birsfelden,Basel-Landschaft,Kirchstr. 4,APARTMENT,47.55496309999999,7.620610300000002,https://flatfox.ch/de/wohnung/kirchstr-4-4127-birsfelden/85740540/,2026-05-17T01:49:45+00:00,22.4375
85740567,"Via Valle Maggia 13, 6600 Locarno - CHF 1’670 inkl. NK pro Monat",1670,2.5,63.0,6600,Locarno,Ticino,Via Valle Maggia 13,APARTMENT,46.16953611,8.788262099999999,https://flatfox.ch/de/wohnung/via-valle-maggia-13-6600-locarno/85740567/,2026-05-17T01:49:45+00:00,26.50793650793651
85740572,"Speicherstr. 25, 9000 St. Gallen - CHF 1’500 inkl. NK pro Monat",1500,2.5,80.0,9000,St. Gallen,St. Gallen,Speicherstr. 25,APARTMENT,47.42479966,9.384683,https://flatfox.ch/de/wohnung/speicherstr-25-9000-st-gallen/85740572/,2026-05-17T01:49:45+00:00,18.75
85740575,"Dorfstr. 173, 4623 Neuendorf - CHF 1’390 inkl. NK pro Monat",1390,2.5,65.0,4623,Neuendorf,Solothurn,Dorfstr. 173,APARTMENT,47.30355388,7.800443800000001,https://flatfox.ch/de/wohnung/dorfstr-173-4623-neuendorf/85740575/,2026-05-17T01:49:45+00:00,21.384615384615383
85740586,"Bottmingerstr. 121, 4102 Binningen - CHF 2’680 inkl. NK pro Monat",2680,4.5,98.0,4102,Binningen,Basel-Landschaft,Bottmingerstr. 121,APARTMENT,47.52882668,7.5739658,https://flatfox.ch/de/wohnung/bottmingerstr-121-4102-binningen/85740586/,2026-05-17T01:49:45+00:00,27.346938775510203
85740599,"Zürchermatte BE 159'238 2, 3550 Langnau i. E. - CHF 1’995 inkl. NK pro Monat",1995,4.5,95.0,3550,Langnau i. E.,Bern,Zürchermatte BE 159'238 2,DUPLEX,46.94385926,7.77401022,https://flatfox.ch/de/wohnung/zurchermatte-be-159238-2-3550-langnau-i-e/85740599/,2026-05-17T01:49:47+00:00,21.0
85740601,"Zürchermatte BE 159'238 3, 3550 Langnau i. E. - CHF 1’700 inkl. NK pro Monat",1700,3.5,72.0,3550,Langnau i. E.,Bern,Zürchermatte BE 159'238 3,DUPLEX,46.94385926,7.77401022,https://flatfox.ch/de/wohnung/zurchermatte-be-159238-3-3550-langnau-i-e/85740601/,2026-05-17T01:49:47+00:00,23.61111111111111
85740609,"St. Gallerstr. 37, 9500 Wil SG - CHF 1’680 inkl. NK pro Monat",1680,2.5,77.0,9500,Wil SG,St. Gallen,St. Gallerstr. 37,APARTMENT,47.46275588,9.05383576,https://flatfox.ch/de/wohnung/st-gallerstr-37-9500-wil-sg/85740609/,2026-05-17T01:49:47+00:00,21.818181818181817
85740633,"Lettenstr. 19, 9500 Wil SG - CHF 1’300 inkl. NK pro Monat",1300,3.0,66.0,9500,Wil SG,St. Gallen,Lettenstr. 19,APARTMENT,47.47011145,9.04161751,https://flatfox.ch/de/wohnung/lettenstr-19-9500-wil-sg/85740633/,2026-05-17T01:49:47+00:00,19.696969696969695
85740641,"Hammerstr. 4, 4414 Füllinsdorf - CHF 1’880 inkl. NK pro Monat",1880,3.5,85.0,4414,Füllinsdorf,Basel-Landschaft,Hammerstr. 4,APARTMENT,47.50038252,7.723597,https://flatfox.ch/de/wohnung/hammerstr-4-4414-fullinsdorf/85740641/,2026-05-17T01:49:47+00:00,22.11764705882353
85740642,"Im Zentrum 3a, 9300 Wittenbach - CHF 865 inkl. NK pro Monat",865,1.0,39.0,9300,Wittenbach,St. Gallen,Im Zentrum 3a,STUDIO,47.46017726,9.38715792,https://flatfox.ch/de/wohnung/im-zentrum-3a-9300-wittenbach/85740642/,2026-05-17T01:49:47+00:00,22.17948717948718
85740643,"Im Zentrum 3a, 9300 Wittenbach - CHF 865 inkl. NK pro Monat",865,1.0,39.0,9300,Wittenbach,St. Gallen,Im Zentrum 3a,STUDIO,47.46017726,9.38715792,https://flatfox.ch/de/wohnung/im-zentrum-3a-9300-wittenbach/85740643/,2026-05-17T01:49:47+00:00,22.17948717948718
85740644,"Alexanderstr. 25, 7000 Chur - CHF 2’360 inkl. NK pro Monat",2360,3.5,115.0,7000,Chur,Graubünden,Alexanderstr. 25,APARTMENT,46.85406181,9.53115166,https://flatfox.ch/de/wohnung/alexanderstr-25-7000-chur/85740644/,2026-05-17T01:49:47+00:00,20.52173913043478
85740654,"Ch. des Trois - Rois 4, 1005 Lausanne - CHF 3’275 inkl. NK pro Monat",3275,5.5,155.0,1005,Lausanne,Vaud,Ch. des Trois - Rois 4,APARTMENT,46.5179859,6.639438300000002,https://flatfox.ch/de/wohnung/ch-des-trois-rois-4-1005-lausanne/85740654/,2026-05-17T01:49:47+00:00,21.129032258064516
85740658,"Oberdorfstr. 4, 8910 Affoltern am Albis - CHF 2’640 inkl. NK pro Monat",2640,3.5,82.0,8910,Affoltern am Albis,Zurich,Oberdorfstr. 4,APARTMENT,47.27777221,8.45348982,https://flatfox.ch/de/wohnung/oberdorfstr-4-8910-affoltern-am-albis/85740658/,2026-05-17T01:49:47+00:00,32.19512195121951
85740665,"Bahnhofstr. 43, 4950 Huttwil - CHF 1’920 inkl. NK pro Monat",1920,4.5,97.0,4950,Huttwil,Bern,Bahnhofstr. 43,APARTMENT,47.11388765,7.84213185,https://flatfox.ch/de/wohnung/bahnhofstr-43-4950-huttwil/85740665/,2026-05-17T01:49:47+00:00,19.79381443298969
85740666,"Bahnhofstr. 43, 4950 Huttwil - CHF 1’500 inkl. NK pro Monat",1500,3.5,68.0,4950,Huttwil,Bern,Bahnhofstr. 43,APARTMENT,47.11388765,7.84213185,https://flatfox.ch/de/wohnung/bahnhofstr-43-4950-huttwil/85740666/,2026-05-17T01:49:47+00:00,22.058823529411764
85740705,"Rue des Crêtets 139, 2300 La Chaux-de-Fonds - CHF 870 inkl. NK pro Monat",870,2.0,44.0,2300,La Chaux-de-Fonds,Neuchâtel,Rue des Crêtets 139,APARTMENT,47.08978381,6.81512483,https://flatfox.ch/de/wohnung/rue-des-cretets-139-2300-la-chaux-de-fonds/85740705/,2026-05-17T01:49:47+00:00,19.772727272727273
85740715,"Burgstr. rechts 31, 8280 Kreuzlingen - CHF 1’610 inkl. NK pro Monat",1610,4.5,87.0,8280,Kreuzlingen,Thurgau,Burgstr. rechts 31,APARTMENT,47.64033029,9.18387547,https://flatfox.ch/de/wohnung/burgstr-rechts-31-8280-kreuzlingen/85740715/,2026-05-17T01:49:47+00:00,18.50574712643678
85740724,"Amietstr. 28, 3400 Burgdorf - CHF 1’856 inkl. NK pro Monat",1856,3.5,87.0,3400,Burgdorf,Bern,Amietstr. 28,APARTMENT,47.04542855,7.623623500000002,https://flatfox.ch/de/wohnung/amietstr-28-3400-burgdorf/85740724/,2026-05-17T01:49:47+00:00,21.333333333333332
85740728,"Via alla Bozzoreda 37, 6963 Pregassona - CHF 2’455 inkl. NK pro Monat",2455,4.5,107.0,6963,Pregassona,Ticino,Via alla Bozzoreda 37,APARTMENT,46.02354363,8.96746391,https://flatfox.ch/de/wohnung/via-alla-bozzoreda-37-6963-pregassona/85740728/,2026-05-17T01:49:47+00:00,22.94392523364486
85740754,"Hauptstrasse 28, 4127 Birsfelden - CHF 2’114 inkl. NK pro Monat",2114,4.5,83.0,4127,Birsfelden,Basel-Landschaft,Hauptstrasse 28,APARTMENT,47.554197,7.619337,https://flatfox.ch/de/wohnung/hauptstrasse-28-4127-birsfelden/85740754/,2026-05-17T01:49:47+00:00,25.46987951807229
85740756,"Güterstrasse 79, 4053 Basel - CHF 1’740 inkl. NK pro Monat",1740,2.0,55.0,4053,Basel,Basel-Stadt,Güterstrasse 79,APARTMENT,47.54663919,7.585077899999999,https://flatfox.ch/de/wohnung/guterstrasse-79-4053-basel/85740756/,2026-05-17T01:49:47+00:00,31.636363636363637
85740757,"Güterstrasse 79, 4053 Basel - CHF 1’660 inkl. NK pro Monat",1660,2.0,58.0,4053,Basel,Basel-Stadt,Güterstrasse 79,APARTMENT,47.54663919,7.585077899999999,https://flatfox.ch/de/wohnung/guterstrasse-79-4053-basel/85740757/,2026-05-17T01:49:47+00:00,28.620689655172413
85740772,"Avenue du Mont Blanc 10, 1018 Lausanne - CHF 2’422 inkl. NK pro Monat",2422,3.0,70.0,1018,Lausanne,Vaud,Avenue du Mont Blanc 10,APARTMENT,46.5303448,6.62740923,https://flatfox.ch/de/wohnung/avenue-du-mont-blanc-10-1018-lausanne/85740772/,2026-05-17T01:49:47+00:00,34.6
85741917,"via Trivelli 4, 6821 Rovio - CHF 2’500",2500,5.5,200.0,6821,Rovio,Ticino,via Trivelli 4,APARTMENT,45.9326018,8.99040677,https://flatfox.ch/de/wohnung/via-trivelli-4-6821-rovio/85741917/,2026-05-17T01:49:49+00:00,12.5
85742755,"Rue des Frères-Lumière 27, 1723 Marly - CHF 1’990 inkl. NK pro Monat",1990,3.5,93.0,1723,Marly,Fribourg,Rue des Frères-Lumière 27,APARTMENT,46.774723,7.155928299999999,https://flatfox.ch/de/wohnung/rue-des-freres-lumiere-27-1723-marly/85742755/,2026-05-17T01:49:49+00:00,21.397849462365592
85742813,"Schwarzenburgstrasse 783, 3145 Niederscherli - CHF 1’080 inkl. NK pro Monat",1080,2.0,39.0,3145,Niederscherli,Bern,Schwarzenburgstrasse 783,APARTMENT,46.88617752,7.390370099999999,https://flatfox.ch/de/wohnung/schwarzenburgstrasse-783-3145-niederscherli/85742813/,2026-05-17T01:49:49+00:00,27.692307692307693
85743200,"Burggartenstrasse 38, 4103 Bottmingen - CHF 2’300 inkl. NK pro Monat",2300,4.5,90.0,4103,Bottmingen,Basel-Landschaft,Burggartenstrasse 38,APARTMENT,47.52171658,7.56692867,https://flatfox.ch/de/wohnung/burggartenstrasse-38-4103-bottmingen/85743200/,2026-05-17T01:49:49+00:00,25.555555555555557
85743626,"Sahlistrasse 17, 3012 Bern - CHF 1’950 inkl. NK pro Monat",1950,3.0,80.0,3012,Bern,Bern,Sahlistrasse 17,APARTMENT,46.95115296,7.42795811,https://flatfox.ch/de/wohnung/sahlistrasse-17-3012-bern/85743626/,2026-05-17T01:49:49+00:00,24.375
85743760,"Grabenwies 8, 8057 Zürich - CHF 3’975 inkl. NK pro Monat",3975,3.5,104.0,8057,Zürich,Zurich,Grabenwies 8,APARTMENT,47.40177311,8.53715541,https://flatfox.ch/de/wohnung/grabenwies-8-8057-zurich/85743760/,2026-05-17T01:49:49+00:00,38.22115384615385
85744346,"Weidenhofweg 28, 4144 Arlesheim - CHF 2’100 inkl. NK pro Monat",2100,4.5,92.0,4144,Arlesheim,Basel-Landschaft,Weidenhofweg 28,APARTMENT,47.49777452,7.616497499999999,https://flatfox.ch/de/wohnung/weidenhofweg-28-4144-arlesheim/85744346/,2026-05-17T01:49:49+00:00,22.82608695652174
85744371,"Am Hardgraben 9, 4623 Neuendorf - CHF 2’000 inkl. NK pro Monat",2000,4.5,110.0,4623,Neuendorf,Solothurn,Am Hardgraben 9,APARTMENT,47.29812425,7.79804131,https://flatfox.ch/de/wohnung/am-hardgraben-9-4623-neuendorf/85744371/,2026-05-17T01:49:49+00:00,18.181818181818183
85744657,"Grüntalstrasse 5, 9450 Altstätten - CHF 1’990 inkl. NK pro Monat",1990,3.5,85.0,9450,Altstätten,St. Gallen,Grüntalstrasse 5,ATTIC_FLAT,47.37464254,9.55803688,https://flatfox.ch/de/wohnung/gruntalstrasse-5-9450-altstatten/85744657/,2026-05-17T01:49:49+00:00,23.41176470588235
85744670,"Zilweg 13, 9016 St. Gallen - CHF 2’015 inkl. NK pro Monat",2015,4.5,115.0,9016,St. Gallen,St. Gallen,Zilweg 13,APARTMENT,47.44247248,9.4091314,https://flatfox.ch/de/wohnung/zilweg-13-9016-st-gallen/85744670/,2026-05-17T01:49:49+00:00,17.52173913043478
85744897,"Fischergässchen 15, 8200 Schaffhausen - CHF 1’900 inkl. NK pro Monat",1900,3.5,104.0,8200,Schaffhausen,Schaffhausen,Fischergässchen 15,APARTMENT,47.69564429,8.63907661,https://flatfox.ch/de/wohnung/fischergasschen-15-8200-schaffhausen/85744897/,2026-05-17T01:49:49+00:00,18.26923076923077
85745065,"Horburgstrasse 17, 4057 Basel - CHF 2’050 inkl. NK pro Monat",2050,3.5,88.0,4057,Basel,Basel-Stadt,Horburgstrasse 17,APARTMENT,47.57093863,7.5915718,https://flatfox.ch/de/wohnung/horburgstrasse-17-4057-basel/85745065/,2026-05-17T01:49:49+00:00,23.295454545454547
85745118,"Bäraustrasse 60C, 3552 Bärau - CHF 1’789 inkl. NK pro Monat",1789,4.5,86.0,3552,Bärau,Bern,Bäraustrasse 60C,APARTMENT,46.9305407,7.810073399999999,https://flatfox.ch/de/wohnung/baraustrasse-60c-3552-barau/85745118/,2026-05-17T01:49:49+00:00,20.802325581395348
85745294,"Dorfstrasse 2, 4492 Tecknau - CHF 1’430 inkl. NK pro Monat",1430,4.0,83.0,4492,Tecknau,Basel-Landschaft,Dorfstrasse 2,APARTMENT,47.45177654,7.880136899999999,https://flatfox.ch/de/wohnung/dorfstrasse-2-4492-tecknau/85745294/,2026-05-17T01:49:49+00:00,17.228915662650603
85745600,3012 Bern - CHF 2’438 inkl. NK pro Monat,2438,3.0,80.0,3012,Bern,Bern,,FURNISHED_FLAT,46.95879634267071,7.4273247552368975,https://flatfox.ch/de/wohnung/3012-bern/85745600/,2026-05-17T01:49:49+00:00,30.475
85745793,"Dorfplatz 4, 3176 Neuenegg - CHF 2’030 inkl. NK pro Monat",2030,4.5,110.0,3176,Neuenegg,Bern,Dorfplatz 4,APARTMENT,46.894366200000015,7.30209622,https://flatfox.ch/de/wohnung/dorfplatz-4-3176-neuenegg/85745793/,2026-05-17T01:49:51+00:00,18.454545454545453
85745839,"Brückfeldstr. 19, 3012 Bern - CHF 1’400 inkl. NK pro Monat",1400,1.5,37.0,3012,Bern,Bern,Brückfeldstr. 19,APARTMENT,46.9561519,7.435631700000002,https://flatfox.ch/de/wohnung/bruckfeldstr-19-3012-bern/85745839/,2026-05-17T01:49:51+00:00,37.83783783783784
85745908,"Grüzenstrasse 34, 8640 Rapperswil SG - CHF 1’925 inkl. NK pro Monat",1925,3.0,65.0,8640,Rapperswil SG,St. Gallen,Grüzenstrasse 34,APARTMENT,47.22596058,8.83234691,https://flatfox.ch/de/wohnung/gruzenstrasse-34-8640-rapperswil-sg/85745908/,2026-05-17T01:49:51+00:00,29.615384615384617
85746078,"Baslerstrasse 81, 4632 Trimbach - CHF 1’353 inkl. NK pro Monat",1353,2.5,46.0,4632,Trimbach,Solothurn,Baslerstrasse 81,APARTMENT,47.36105145,7.89945569,https://flatfox.ch/de/wohnung/baslerstrasse-81-4632-trimbach/85746078/,2026-05-17T01:49:51+00:00,29.41304347826087
85746132,"Rue Jean-Prouvé 13, 1762 Givisiez - CHF 1’670 inkl. NK pro Monat",1670,3.5,77.0,1762,Givisiez,Fribourg,Rue Jean-Prouvé 13,APARTMENT,46.81837469,7.128442499999999,https://flatfox.ch/de/wohnung/rue-jean-prouve-13-1762-givisiez/85746132/,2026-05-17T01:49:51+00:00,21.68831168831169
85746157,"Via Ai Moroni 1, 6866 Meride - CHF 2’000",2000,5.5,130.0,6866,Meride,Ticino,Via Ai Moroni 1,APARTMENT,45.89019971,8.952897799999999,https://flatfox.ch/de/wohnung/via-ai-moroni-1-6866-meride/85746157/,2026-05-17T01:49:51+00:00,15.384615384615385
85746219,"Rue Gasparin 29, 1400 Yverdon-les-Bains - CHF 1’790 inkl. NK pro Monat",1790,3.0,66.0,1400,Yverdon-les-Bains,Vaud,Rue Gasparin 29,APARTMENT,46.77207911,6.64757432,https://flatfox.ch/de/wohnung/rue-gasparin-29-1400-yverdon-les-bains/85746219/,2026-05-17T01:49:51+00:00,27.12121212121212
85746454,"Poststrasse 43c, 8580 Amriswil - CHF 1’850 inkl. NK pro Monat",1850,3.5,96.0,8580,Amriswil,Thurgau,Poststrasse 43c,APARTMENT,47.54963392,9.29854764,https://flatfox.ch/de/wohnung/poststrasse-43c-8580-amriswil/85746454/,2026-05-17T01:49:51+00:00,19.270833333333332
85746500,"Haini-Rennhas-Strasse 20, 9403 Goldach - CHF 1’120 inkl. NK pro Monat",1120,2.5,57.0,9403,Goldach,St. Gallen,Haini-Rennhas-Strasse 20,APARTMENT,47.47903587,9.46277042,https://flatfox.ch/de/wohnung/haini-rennhas-strasse-20-9403-goldach/85746500/,2026-05-17T01:49:51+00:00,19.649122807017545
85746567,"Giessereistrasse 11, 9320 Arbon - CHF 1’980 inkl. NK pro Monat",1980,3.5,88.0,9320,Arbon,Thurgau,Giessereistrasse 11,APARTMENT,47.50884044,9.43037131,https://flatfox.ch/de/wohnung/giessereistrasse-11-9320-arbon/85746567/,2026-05-17T01:49:51+00:00,22.5
85746691,"Zihlackerring 3, 8488 Turbenthal - CHF 1’990 inkl. NK pro Monat",1990,4.5,106.0,8488,Turbenthal,Zurich,Zihlackerring 3,APARTMENT,47.43534723,8.85465443,https://flatfox.ch/de/wohnung/zihlackerring-3-8488-turbenthal/85746691/,2026-05-17T01:49:51+00:00,18.77358490566038
85746697,"Lugano, 6900 Lugano - CHF 1’100",1100,1.0,50.0,6900,Lugano,Ticino,Lugano,APARTMENT,46.0093664,8.95078519,https://flatfox.ch/de/wohnung/lugano-6900-lugano/85746697/,2026-05-17T01:49:51+00:00,22.0
85746703,"Zelgistrasse 26, 8266 Steckborn - CHF 850",850,2.0,50.0,8266,Steckborn,Thurgau,Zelgistrasse 26,APARTMENT,47.6622489,8.9793335,https://flatfox.ch/de/wohnung/zelgistrasse-26-8266-steckborn/85746703/,2026-05-17T01:49:51+00:00,17.0
85746736,"Amselstrasse 2, 4106 Therwil - CHF 1’750",1750,3.5,80.0,4106,Therwil,Basel-Landschaft,Amselstrasse 2,APARTMENT,47.49629566,7.55147229,https://flatfox.ch/de/wohnung/amselstrasse-2-4106-therwil/85746736/,2026-05-17T01:49:51+00:00,21.875
85746760,"Claro, 6702 Claro - CHF 1’100",1100,3.0,70.0,6702,Claro,Ticino,Claro,APARTMENT,46.26554033,9.0289461,https://flatfox.ch/de/wohnung/claro-6702-claro/85746760/,2026-05-17T01:49:51+00:00,15.714285714285714
85746767,"Hofackerstrasse 45, 4573 Lohn-Ammannsegg - CHF 2’350",2350,5.5,145.0,4573,Lohn-Ammannsegg,Solothurn,Hofackerstrasse 45,APARTMENT,47.16250698,7.525170999999999,https://flatfox.ch/de/wohnung/hofackerstrasse-45-4573-lohn-ammannsegg/85746767/,2026-05-17T01:49:51+00:00,16.20689655172414
85746776,3552 Bärau - CHF 1’200,1200,2.5,70.0,3552,Bärau,Bern,,APARTMENT,46.93301649097759,7.811122794035234,https://flatfox.ch/de/wohnung/3552-barau/85746776/,2026-05-17T01:49:51+00:00,17.142857142857142
85746827,"Via Carona 17 Paradiso, 6900 Paradiso - CHF 1’250",1250,3.0,65.0,6900,Paradiso,Ticino,Via Carona 17 Paradiso,APARTMENT,45.9881713,8.94430549,https://flatfox.ch/de/wohnung/via-carona-17-paradiso-6900-paradiso/85746827/,2026-05-17T01:49:51+00:00,19.23076923076923
85746828,"Neufeldstrasse 18, 5013 Niedergösgen - CHF 950",950,2.0,50.0,5013,Niedergösgen,Solothurn,Neufeldstrasse 18,APARTMENT,47.37048672,7.99226621,https://flatfox.ch/de/wohnung/neufeldstrasse-18-5013-niedergosgen/85746828/,2026-05-17T01:49:51+00:00,19.0
85746957,"Farnsburgerstr. 2, 4132 Muttenz - CHF 1’792 inkl. NK pro Monat",1792,4.5,83.0,4132,Muttenz,Basel-Landschaft,Farnsburgerstr. 2,APARTMENT,47.5273278,7.65396632,https://flatfox.ch/de/wohnung/farnsburgerstr-2-4132-muttenz/85746957/,2026-05-17T01:49:53+00:00,21.59036144578313
85747000,"Route des 2 Villages, 1800 Vevey - CHF 1’290",1290,1.0,54.0,1800,Vevey,Vaud,Route des 2 Villages,APARTMENT,46.47092255,6.88260265,https://flatfox.ch/de/wohnung/route-des-2-villages-1800-vevey/85747000/,2026-05-17T01:49:53+00:00,23.88888888888889
85747016,"Untere Weidstrasse, 6343 Rotkreuz - CHF 2’270",2270,3.5,105.0,6343,Rotkreuz,Zug,Untere Weidstrasse,APARTMENT,47.13675854,8.43028536,https://flatfox.ch/de/wohnung/untere-weidstrasse-6343-rotkreuz/85747016/,2026-05-17T01:49:53+00:00,21.61904761904762
85747017,"Rue de léglise catholique 8, 1820 Territet - CHF 1’700",1700,1.0,52.0,1820,Territet,Vaud,Rue de léglise catholique 8,APARTMENT,46.43100024,6.91152496,https://flatfox.ch/de/wohnung/rue-de-leglise-catholique-8-1820-territet/85747017/,2026-05-17T01:49:53+00:00,32.69230769230769
85747018,"Chemin Porchat 26, 1004 Lausanne - CHF 2’350",2350,2.0,77.0,1004,Lausanne,Vaud,Chemin Porchat 26,APARTMENT,46.5272725,6.63033661,https://flatfox.ch/de/wohnung/chemin-porchat-26-1004-lausanne/85747018/,2026-05-17T01:49:53+00:00,30.51948051948052
85747048,"Fasanenstr. 140, 4058 Basel - CHF 1’860 inkl. NK pro Monat",1860,3.5,82.0,4058,Basel,Basel-Stadt,Fasanenstr. 140,APARTMENT,47.57214435,7.61220674,https://flatfox.ch/de/wohnung/fasanenstr-140-4058-basel/85747048/,2026-05-17T01:49:53+00:00,22.682926829268293
85747068,"Route de Lavaux 349, 1095 Lutry - CHF 2’000",2000,3.5,85.0,1095,Lutry,Vaud,Route de Lavaux 349,APARTMENT,46.50022292,6.6965048,https://flatfox.ch/de/wohnung/route-de-lavaux-349-1095-lutry/85747068/,2026-05-17T01:49:53+00:00,23.529411764705884
85747087,"Rte des Bains 135, 1911 Mayens-de-Chamoson - CHF 1’050",1050,1.0,30.0,1911,Mayens-de-Chamoson,Valais,Rte des Bains 135,APARTMENT,46.19662149,7.17714093,https://flatfox.ch/de/wohnung/rte-des-bains-135-1911-mayens-de-chamoson/85747087/,2026-05-17T01:49:53+00:00,35.0
85747153,"Rte de Loustan 11, 1566 St-Aubin FR - CHF 2’260",2260,4.5,104.0,1566,St-Aubin FR,Fribourg,Rte de Loustan 11,APARTMENT,46.889428400000014,6.97674351,https://flatfox.ch/de/wohnung/rte-de-loustan-11-1566-st-aubin-fr/85747153/,2026-05-17T01:49:53+00:00,21.73076923076923
85747156,"Rue Collet, 1800 Vevey - CHF 1’000",1000,1.0,85.0,1800,Vevey,Vaud,Rue Collet,SINGLE_ROOM,46.4586678,6.85044919,https://flatfox.ch/de/wohnung/rue-collet-1800-vevey/85747156/,2026-05-17T01:49:53+00:00,11.764705882352942
85747158,"La Grand Vy 13, 1268 Burtigny - CHF 3’050",3050,5.5,141.0,1268,Burtigny,Vaud,La Grand Vy 13,APARTMENT,46.44129154,6.252943200000001,https://flatfox.ch/de/wohnung/la-grand-vy-13-1268-burtigny/85747158/,2026-05-17T01:49:53+00:00,21.631205673758867
85747159,"Borgeaud 27, 1921 Martigny-Croix - CHF 850",850,2.5,90.0,1921,Martigny-Croix,Valais,Borgeaud 27,APARTMENT,46.07201787,7.06560696,https://flatfox.ch/de/wohnung/borgeaud-27-1921-martigny-croix/85747159/,2026-05-17T01:49:53+00:00,9.444444444444445
85747344,"Bahnhofstrasse 7, 3414 Oberburg - CHF 2’000 inkl. NK pro Monat",2000,3.5,88.0,3414,Oberburg,Bern,Bahnhofstrasse 7,APARTMENT,47.03939243,7.62763781,https://flatfox.ch/de/wohnung/bahnhofstrasse-7-3414-oberburg/85747344/,2026-05-17T01:49:53+00:00,22.727272727272727
85747361,"Nord 72, 2300 La Chaux-de-Fonds - CHF 900 inkl. NK pro Monat",900,2.5,65.0,2300,La Chaux-de-Fonds,Neuchâtel,Nord 72,APARTMENT,47.1176783,6.84056677,https://flatfox.ch/de/wohnung/nord-72-2300-la-chaux-de-fonds/85747361/,2026-05-17T01:49:53+00:00,13.846153846153847
85747377,"Rue Auguste - Bachelin 15, 2000 Neuchâtel - CHF 1’020 inkl. NK pro Monat",1020,2.0,45.0,2000,Neuchâtel,Neuchâtel,Rue Auguste - Bachelin 15,APARTMENT,46.99417419,6.92203292,https://flatfox.ch/de/wohnung/rue-auguste-bachelin-15-2000-neuchatel/85747377/,2026-05-17T01:49:53+00:00,22.666666666666668
85747389,"Ch. des Sources 16, 2013 Colombier NE - CHF 2’100 inkl. NK pro Monat",2100,3.5,82.0,2013,Colombier NE,Neuchâtel,Ch. des Sources 16,APARTMENT,46.9660885,6.85373154,https://flatfox.ch/de/wohnung/ch-des-sources-16-2013-colombier-ne/85747389/,2026-05-17T01:49:53+00:00,25.609756097560975
85747461,"Birmensdorferstr. 450, 8055 Zürich - CHF 4’460 inkl. NK pro Monat",4460,4.5,113.0,8055,Zürich,Zurich,Birmensdorferstr. 450,APARTMENT,47.3688074,8.49946734,https://flatfox.ch/de/wohnung/birmensdorferstr-450-8055-zurich/85747461/,2026-05-17T01:49:53+00:00,39.469026548672566
85747522,"Via Soave 11, 6830 Chiasso - CHF 1’240",1240,3.5,72.0,6830,Chiasso,Ticino,Via Soave 11,APARTMENT,45.83722521,9.03037669,https://flatfox.ch/de/wohnung/via-soave-11-6830-chiasso/85747522/,2026-05-17T01:49:53+00:00,17.22222222222222
85747523,"Via Soave 11, 6830 Chiasso - CHF 1’310",1310,3.5,72.0,6830,Chiasso,Ticino,Via Soave 11,APARTMENT,45.83722521,9.03037669,https://flatfox.ch/de/wohnung/via-soave-11-6830-chiasso/85747523/,2026-05-17T01:49:53+00:00,18.194444444444443
85747812,1206 Genève - CHF 4’900,4900,4.0,114.0,1206,Genève,Geneva,,APARTMENT,46.189669403638455,6.157446829695402,https://flatfox.ch/de/wohnung/1206-geneve/85747812/,2026-05-17T01:49:53+00:00,42.98245614035088
85748106,"Via Rinaldo Simen 9a, 6830 Chiasso - CHF 890",890,2.5,60.0,6830,Chiasso,Ticino,Via Rinaldo Simen 9a,APARTMENT,45.8380987,9.02529618,https://flatfox.ch/de/wohnung/via-rinaldo-simen-9a-6830-chiasso/85748106/,2026-05-17T01:49:53+00:00,14.833333333333334
85748462,"Rue de Saint-Jean 30a, 1203 Genève - CHF 4’350 inkl. NK pro Monat",4350,5.0,97.0,1203,Genève,Geneva,Rue de Saint-Jean 30a,APARTMENT,46.20456575,6.128554400000001,https://flatfox.ch/de/wohnung/rue-de-saint-jean-30a-1203-geneve/85748462/,2026-05-17T01:49:55+00:00,44.845360824742265
85748478,"Via Flora Ruchat-Roncati 4f-h, 6850 Mendrisio - CHF 1’450 inkl. NK pro Monat",1450,3.5,65.0,6850,Mendrisio,Ticino,Via Flora Ruchat-Roncati 4f-h,APARTMENT,45.8690864,8.97523914,https://flatfox.ch/de/wohnung/via-flora-ruchat-roncati-4f-h-6850-mendrisio/85748478/,2026-05-17T01:49:55+00:00,22.307692307692307
85748589,"Oelegasse 72, 3210 Kerzers - CHF 1’970 inkl. NK pro Monat",1970,4.0,83.0,3210,Kerzers,Fribourg,Oelegasse 72,APARTMENT,46.97327129,7.21036918,https://flatfox.ch/de/wohnung/oelegasse-72-3210-kerzers/85748589/,2026-05-17T01:49:55+00:00,23.734939759036145
85748848,"Route de l'Ecole 5, 1725 Posieux - CHF 1’450 inkl. NK pro Monat",1450,3.5,74.0,1725,Posieux,Fribourg,Route de l'Ecole 5,APARTMENT,46.76355721,7.09433089,https://flatfox.ch/de/wohnung/route-de-lecole-5-1725-posieux/85748848/,2026-05-17T01:49:55+00:00,19.594594594594593
85748943,"Sonnentalstrasse 15, 8600 Dübendorf - CHF 3’100 inkl. NK pro Monat",3100,2.5,70.0,8600,Dübendorf,Zurich,Sonnentalstrasse 15,APARTMENT,47.39725350000002,8.60164156,https://flatfox.ch/de/wohnung/sonnentalstrasse-15-8600-dubendorf/85748943/,2026-05-17T01:49:55+00:00,44.285714285714285
85749010,"Langgasse 12, 9008 St. Gallen - CHF 2’710 inkl. NK pro Monat",2710,4.5,147.0,9008,St. Gallen,St. Gallen,Langgasse 12,APARTMENT,47.43448671,9.38517546,https://flatfox.ch/de/wohnung/langgasse-12-9008-st-gallen/85749010/,2026-05-17T01:49:55+00:00,18.435374149659864
85749068,"Rue de Courroux 52, 2800 Delemont - CHF 910 inkl. NK pro Monat",910,4.0,70.0,2800,Delemont,Jura,Rue de Courroux 52,APARTMENT,47.36184067,7.364239299999999,https://flatfox.ch/de/wohnung/rue-de-courroux-52-2800-delemont/85749068/,2026-05-17T01:49:55+00:00,13.0
85749091,"Ormeaux 12, 2800 Delemont - CHF 900 inkl. NK pro Monat",900,3.0,60.0,2800,Delemont,Jura,Ormeaux 12,APARTMENT,47.36075121,7.36385194,https://flatfox.ch/de/wohnung/ormeaux-12-2800-delemont/85749091/,2026-05-17T01:49:55+00:00,15.0
85749098,"Leuengasse 16, 4057 Basel - CHF 2’240 inkl. NK pro Monat",2240,3.5,82.0,4057,Basel,Basel-Stadt,Leuengasse 16,APARTMENT,47.56606840000002,7.587920599999999,https://flatfox.ch/de/wohnung/leuengasse-16-4057-basel/85749098/,2026-05-17T01:49:55+00:00,27.317073170731707
85749146,"Forenackerstrasse 6, 8246 Langwiesen - CHF 1’735 inkl. NK pro Monat",1735,4.5,95.0,8246,Langwiesen,Zurich,Forenackerstrasse 6,APARTMENT,47.68535886,8.65441658,https://flatfox.ch/de/wohnung/forenackerstrasse-6-8246-langwiesen/85749146/,2026-05-17T01:49:55+00:00,18.263157894736842
85749226,"Kirchweg 106, 8246 Langwiesen - CHF 1’090 inkl. NK pro Monat",1090,1.5,40.0,8246,Langwiesen,Zurich,Kirchweg 106,APARTMENT,47.68637285,8.65447764,https://flatfox.ch/de/wohnung/kirchweg-106-8246-langwiesen/85749226/,2026-05-17T01:49:55+00:00,27.25
85749262,"Davidsbodenstr. 5, 4056 Basel - CHF 1’910 inkl. NK pro Monat",1910,2.5,70.0,4056,Basel,Basel-Stadt,Davidsbodenstr. 5,APARTMENT,47.56486019,7.577908400000002,https://flatfox.ch/de/wohnung/davidsbodenstr-5-4056-basel/85749262/,2026-05-17T01:49:55+00:00,27.285714285714285
85749354,"Buechwisstrasse 2b, 8121 Benglen - CHF 3’198 inkl. NK pro Monat",3198,4.5,113.0,8121,Benglen,Zurich,Buechwisstrasse 2b,APARTMENT,47.36033534,8.63466322,https://flatfox.ch/de/wohnung/buechwisstrasse-2b-8121-benglen/85749354/,2026-05-17T01:49:55+00:00,28.300884955752213
85749355,"Isabelle de Montolieu 161, 1010 Lausanne - CHF 3’120 inkl. NK pro Monat",3120,4.5,103.0,1010,Lausanne,Vaud,Isabelle de Montolieu 161,APARTMENT,46.54398928,6.645016699999999,https://flatfox.ch/de/wohnung/isabelle-de-montolieu-161-1010-lausanne/85749355/,2026-05-17T01:49:55+00:00,30.29126213592233
85749788,"Erlenmattstrasse 73, 4058 Basel - CHF 2’500 inkl. NK pro Monat",2500,1.0,120.0,4058,Basel,Basel-Stadt,Erlenmattstrasse 73,APARTMENT,47.5705042,7.6029038,https://flatfox.ch/de/wohnung/erlenmattstrasse-73-4058-basel/85749788/,2026-05-17T01:49:55+00:00,20.833333333333332
85750097,"Zelglistrasse 9, 4600 Olten - CHF 1’640 inkl. NK pro Monat",1640,3.5,91.0,4600,Olten,Solothurn,Zelglistrasse 9,APARTMENT,47.34489395,7.915102699999999,https://flatfox.ch/de/wohnung/zelglistrasse-9-4600-olten/85750097/,2026-05-17T01:49:55+00:00,18.021978021978022
85750151,"Mühlemattstrasse 57, 3007 Bern - CHF 3’040 inkl. NK pro Monat",3040,4.5,134.0,3007,Bern,Bern,Mühlemattstrasse 57,APARTMENT,46.94154651,7.432003600000002,https://flatfox.ch/de/wohnung/muhlemattstrasse-57-3007-bern/85750151/,2026-05-17T01:49:57+00:00,22.686567164179106
85750172,"Mellingerstrasse 18, 5400 Baden - CHF 2’440 inkl. NK pro Monat",2440,2.5,66.0,5400,Baden,Aargau,Mellingerstrasse 18,APARTMENT,47.47172821,8.30518366,https://flatfox.ch/de/wohnung/mellingerstrasse-18-5400-baden/85750172/,2026-05-17T01:49:57+00:00,36.96969696969697
85750219,"Beethovenstrasse, 3073 Gümligen - CHF 650",650,1.0,15.0,3073,Gümligen,Bern,Beethovenstrasse,SINGLE_ROOM,46.9313976,7.49399891,https://flatfox.ch/de/wohnung/beethovenstrasse-3073-gumligen/85750219/,2026-05-17T01:49:57+00:00,43.333333333333336
85750273,"Rehgasse 1, 4713 Matzendorf - CHF 2’290",2290,4.5,135.0,4713,Matzendorf,Solothurn,Rehgasse 1,APARTMENT,47.30755461,7.628819099999999,https://flatfox.ch/de/wohnung/rehgasse-1-4713-matzendorf/85750273/,2026-05-17T01:49:57+00:00,16.962962962962962
85750309,"Kugelgasse 24, 9450 Lüchingen - CHF 640",640,1.0,43.0,9450,Lüchingen,St. Gallen,Kugelgasse 24,APARTMENT,47.3758134,9.53942688,https://flatfox.ch/de/wohnung/kugelgasse-24-9450-luchingen/85750309/,2026-05-17T01:49:57+00:00,14.883720930232558
85750348,"Vogelherdstrasse 16a, 9016 St. Gallen - CHF 2’140",2140,4.5,119.0,9016,St. Gallen,St. Gallen,Vogelherdstrasse 16a,APARTMENT,47.43586359,9.42045947,https://flatfox.ch/de/wohnung/vogelherdstrasse-16a-9016-st-gallen/85750348/,2026-05-17T01:49:57+00:00,17.983193277310924
85750373,"Breitenstrasse 9, 3983 Greich - CHF 1’300",1300,4.5,92.0,3983,Greich,Valais,Breitenstrasse 9,APARTMENT,46.35804077,8.047468199999999,https://flatfox.ch/de/wohnung/breitenstrasse-9-3983-greich/85750373/,2026-05-17T01:49:57+00:00,14.130434782608695
85750455,1162 St-Prex - CHF 2’850,2850,4.5,110.0,1162,St-Prex,Vaud,,APARTMENT,46.48287679108876,6.458284971193496,https://flatfox.ch/de/wohnung/1162-st-prex/85750455/,2026-05-17T01:49:57+00:00,25.90909090909091
85750464,"St-Aubin (FR), 1700 Freiburg - CHF 700",700,1.0,26.0,1700,Freiburg,Fribourg,St-Aubin (FR),APARTMENT,46.80978237,7.1668431,https://flatfox.ch/de/wohnung/st-aubin-fr-1700-freiburg/85750464/,2026-05-17T01:49:57+00:00,26.923076923076923
85750516,"Hermenches, 1513 Hermenches - CHF 2’450",2450,5.0,114.0,1513,Hermenches,Vaud,Hermenches,APARTMENT,46.6419622,6.76024361,https://flatfox.ch/de/wohnung/hermenches-1513-hermenches/85750516/,2026-05-17T01:49:57+00:00,21.49122807017544
85750530,"Route d'Andix 10, 1807 Blonay - CHF 2’500",2500,3.5,78.0,1807,Blonay,Vaud,Route d'Andix 10,APARTMENT,46.46211057,6.89826164,https://flatfox.ch/de/wohnung/route-dandix-10-1807-blonay/85750530/,2026-05-17T01:49:57+00:00,32.05128205128205
85750611,"Gantrischstrasse 8, 3006 Bern - CHF 1’590 inkl. NK pro Monat",1590,3.0,58.0,3006,Bern,Bern,Gantrischstrasse 8,APARTMENT,46.9432083,7.4684471000000014,https://flatfox.ch/de/wohnung/gantrischstrasse-8-3006-bern/85750611/,2026-05-17T01:49:57+00:00,27.413793103448278
85750715,"Route du Fort-St-Jacques 161, 1752 Villars-sur-Glâne - CHF 1’760 inkl. NK pro Monat",1760,4.0,74.0,1752,Villars-sur-Glâne,Fribourg,Route du Fort-St-Jacques 161,APARTMENT,46.79887991,7.13357195,https://flatfox.ch/de/wohnung/route-du-fort-st-jacques-161-1752-villars-sur-glan/85750715/,2026-05-17T01:49:57+00:00,23.783783783783782
85750780,"Haini-Rennhas-Strasse 17, 9403 Goldach - CHF 1’070 inkl. NK pro Monat",1070,2.5,57.0,9403,Goldach,St. Gallen,Haini-Rennhas-Strasse 17,APARTMENT,47.47893021,9.46211616,https://flatfox.ch/de/wohnung/haini-rennhas-strasse-17-9403-goldach/85750780/,2026-05-17T01:49:57+00:00,18.771929824561404
85750784,"Zähringerstrasse 12, 3315 Bätterkinden - CHF 1’980",1980,4.5,100.0,3315,Bätterkinden,Bern,Zähringerstrasse 12,APARTMENT,47.13687095,7.53583547,https://flatfox.ch/de/wohnung/zahringerstrasse-12-3315-batterkinden/85750784/,2026-05-17T01:49:57+00:00,19.8
85750786,"Girardstrasse 17, 2540 Grenchen - CHF 910 inkl. NK pro Monat",910,1.5,40.0,2540,Grenchen,Solothurn,Girardstrasse 17,APARTMENT,47.191443600000014,7.400083899999999,https://flatfox.ch/de/wohnung/girardstrasse-17-2540-grenchen/85750786/,2026-05-17T01:49:57+00:00,22.75
85750835,"Oberer Quai 49, 2500 Biel/Bienne - CHF 1’410 inkl. NK pro Monat",1410,3.5,67.0,2500,Biel/Bienne,Bern,Oberer Quai 49,APARTMENT,47.13967632,7.251679800000002,https://flatfox.ch/de/wohnung/oberer-quai-49-2500-bielbienne/85750835/,2026-05-17T01:49:57+00:00,21.044776119402986
85751020,"Buchenweg 1, 2544 Bettlach - CHF 1’340 inkl. NK pro Monat",1340,3.5,67.0,2544,Bettlach,Solothurn,Buchenweg 1,APARTMENT,47.19849293,7.41687451,https://flatfox.ch/de/wohnung/buchenweg-1-2544-bettlach/85751020/,2026-05-17T01:49:57+00:00,20.0
85751111,"Am Bach 6, 5420 Ehrendingen - CHF 1’900 inkl. NK pro Monat",1900,4.5,96.0,5420,Ehrendingen,Aargau,Am Bach 6,APARTMENT,47.50061267,8.34620751,https://flatfox.ch/de/wohnung/am-bach-6-5420-ehrendingen/85751111/,2026-05-17T01:49:57+00:00,19.791666666666668
85751791,"Bargia 1, Haus C, 7421 Summaprada - CHF 1’829 inkl. NK pro Monat",1829,3.5,104.0,7421,Summaprada,Graubünden,"Bargia 1, Haus C",APARTMENT,46.71309798,9.43143632,https://flatfox.ch/de/wohnung/bargia-1-haus-c-7421-summaprada/85751791/,2026-05-17T01:49:57+00:00,17.58653846153846
85751816,"Untereggweg 21, 4147 Aesch BL - CHF 2’450 inkl. NK pro Monat",2450,3.5,115.0,4147,Aesch BL,Basel-Landschaft,Untereggweg 21,DUPLEX,47.48009070000001,7.600765699999999,https://flatfox.ch/de/wohnung/untereggweg-21-4147-aesch-bl/85751816/,2026-05-17T01:49:57+00:00,21.304347826086957
85751820,"Untereggweg 11, 4147 Aesch - CHF 2’400 inkl. NK pro Monat",2400,4.5,109.0,4147,Aesch,Basel-Landschaft,Untereggweg 11,APARTMENT,47.47931465,7.599836400000002,https://flatfox.ch/de/wohnung/untereggweg-11-4147-aesch/85751820/,2026-05-17T01:49:59+00:00,22.01834862385321
85751821,"Untereggweg 13, 4147 Aesch - CHF 1’830 inkl. NK pro Monat",1830,3.0,76.0,4147,Aesch,Basel-Landschaft,Untereggweg 13,APARTMENT,47.4795242,7.599866899999999,https://flatfox.ch/de/wohnung/untereggweg-13-4147-aesch/85751821/,2026-05-17T01:49:59+00:00,24.07894736842105
85751823,"Centralbahnplatz 12, 4051 Basel - CHF 2’450 inkl. NK pro Monat",2450,3.5,93.0,4051,Basel,Basel-Stadt,Centralbahnplatz 12,DUPLEX,47.54842347,7.589764499999999,https://flatfox.ch/de/wohnung/centralbahnplatz-12-4051-basel/85751823/,2026-05-17T01:49:59+00:00,26.344086021505376
85751840,"Langenthalstrasse 3, 4932 Lotzwil - CHF 1’840 inkl. NK pro Monat",1840,3.5,98.0,4932,Lotzwil,Bern,Langenthalstrasse 3,APARTMENT,47.19116811,7.79034162,https://flatfox.ch/de/wohnung/langenthalstrasse-3-4932-lotzwil/85751840/,2026-05-17T01:49:59+00:00,18.775510204081634
85752452,"Feldbergstrasse 137, 4057 Basel - CHF 1’190 inkl. NK pro Monat",1190,1.0,29.0,4057,Basel,Basel-Stadt,Feldbergstrasse 137,STUDIO,47.5675174,7.59704319,https://flatfox.ch/de/wohnung/feldbergstrasse-137-4057-basel/85752452/,2026-05-17T01:49:59+00:00,41.03448275862069
85752689,"Burgstrasse 12, 4410 Liestal - CHF 1’990",1990,3.5,93.0,4410,Liestal,Basel-Landschaft,Burgstrasse 12,DUPLEX,47.48230231,7.735710899999999,https://flatfox.ch/de/wohnung/burgstrasse-12-4410-liestal/85752689/,2026-05-17T01:49:59+00:00,21.397849462365592
85752720,"Johanna-Spyri-Strasse 13, 8816 Horgen - CHF 3’450 inkl. NK pro Monat",3450,4.5,105.0,8816,Horgen,Zurich,Johanna-Spyri-Strasse 13,DUPLEX,47.21580247,8.6076779,https://flatfox.ch/de/wohnung/johanna-spyri-strasse-13-8816-horgen/85752720/,2026-05-17T01:49:59+00:00,32.857142857142854
85752794,"Avenue de l'Elysée 23, 1006 Lausanne - CHF 3’460 inkl. NK pro Monat",3460,3.5,79.0,1006,Lausanne,Vaud,Avenue de l'Elysée 23,APARTMENT,46.5101785,6.63436029,https://flatfox.ch/de/wohnung/avenue-de-lelysee-23-1006-lausanne/85752794/,2026-05-17T01:49:59+00:00,43.79746835443038
85752844,"Winkelriedstrasse 42, 8200 Schaffhausen - CHF 1’720 inkl. NK pro Monat",1720,4.0,80.0,8200,Schaffhausen,Schaffhausen,Winkelriedstrasse 42,APARTMENT,47.69987912,8.656446599999999,https://flatfox.ch/de/wohnung/winkelriedstrasse-42-8200-schaffhausen/85752844/,2026-05-17T01:49:59+00:00,21.5
85752983,6275 Ballwil - CHF 2’500 inkl. NK pro Monat,2500,3.5,100.0,6275,Ballwil,Lucerne,,FURNISHED_FLAT,47.15062334656219,8.336936878757765,https://flatfox.ch/de/wohnung/6275-ballwil/85752983/,2026-05-17T01:49:59+00:00,25.0
85753095,"Bahnhofstrasse 97, 5430 Wettingen - CHF 1’570 inkl. NK pro Monat",1570,2.0,47.0,5430,Wettingen,Aargau,Bahnhofstrasse 97,APARTMENT,47.46343892,8.32766845,https://flatfox.ch/de/wohnung/bahnhofstrasse-97-5430-wettingen/85753095/,2026-05-17T01:49:59+00:00,33.40425531914894
85753119,"Sous-Rosé 3, 2822 Courroux - CHF 1’500",1500,5.0,124.0,2822,Courroux,Jura,Sous-Rosé 3,APARTMENT,47.35939552,7.382659899999999,https://flatfox.ch/de/wohnung/sous-rose-3-2822-courroux/85753119/,2026-05-17T01:49:59+00:00,12.096774193548388
85753128,"Fraumattstrasse 2, 4410 Liestal - CHF 1’340 inkl. NK pro Monat",1340,2.5,43.0,4410,Liestal,Basel-Landschaft,Fraumattstrasse 2,APARTMENT,47.49195256,7.729777800000001,https://flatfox.ch/de/wohnung/fraumattstrasse-2-4410-liestal/85753128/,2026-05-17T01:49:59+00:00,31.162790697674417
85753340,"Route de Mon-Idée 49, 1226 Thônex - CHF 2’450 inkl. NK pro Monat",2450,4.0,78.0,1226,Thônex,Geneva,Route de Mon-Idée 49,APARTMENT,46.20668761,6.21772972,https://flatfox.ch/de/wohnung/route-de-mon-idee-49-1226-thonex/85753340/,2026-05-17T01:49:59+00:00,31.41025641025641
85753446,"Rue Pestalozzi 17, 1202 Genève - CHF 2’635 inkl. NK pro Monat",2635,4.0,62.0,1202,Genève,Geneva,Rue Pestalozzi 17,APARTMENT,46.2165349,6.128651500000001,https://flatfox.ch/de/wohnung/rue-pestalozzi-17-1202-geneve/85753446/,2026-05-17T01:49:59+00:00,42.5
85753503,"Avenue des Roses 18, 1009 Pully - CHF 3’270 inkl. NK pro Monat",3270,4.5,97.0,1009,Pully,Vaud,Avenue des Roses 18,APARTMENT,46.51624138,6.6549937,https://flatfox.ch/de/wohnung/avenue-des-roses-18-1009-pully/85753503/,2026-05-17T01:49:59+00:00,33.71134020618557
85753638,"Morgartenstrasse 3, 3014 Bern - CHF 1’560 inkl. NK pro Monat",1560,2.5,54.0,3014,Bern,Bern,Morgartenstrasse 3,APARTMENT,46.96269655,7.4621678,https://flatfox.ch/de/wohnung/morgartenstrasse-3-3014-bern/85753638/,2026-05-17T01:49:59+00:00,28.88888888888889
85753870,"Oberer Scheunenweg 2, 5600 Lenzburg - CHF 1’866 inkl. NK pro Monat",1866,4.5,90.0,5600,Lenzburg,Aargau,Oberer Scheunenweg 2,APARTMENT,47.3872414,8.17951561,https://flatfox.ch/de/wohnung/oberer-scheunenweg-2-5600-lenzburg/85753870/,2026-05-17T01:49:59+00:00,20.733333333333334
85753884,"Säntisblickstr. 4a, 8580 Amriswil - CHF 2’660 inkl. NK pro Monat",2660,5.5,137.0,8580,Amriswil,Thurgau,Säntisblickstr. 4a,APARTMENT,47.54920735,9.30716976,https://flatfox.ch/de/wohnung/santisblickstr-4a-8580-amriswil/85753884/,2026-05-17T01:49:59+00:00,19.416058394160583
85753885,"Alleestr. 48, 8590 Romanshorn - CHF 1’360 inkl. NK pro Monat",1360,2.5,71.0,8590,Romanshorn,Thurgau,Alleestr. 48,APARTMENT,47.56369655,9.3779271,https://flatfox.ch/de/wohnung/alleestr-48-8590-romanshorn/85753885/,2026-05-17T01:49:59+00:00,19.154929577464788
85753896,"Bischofszellerstr. 16, 9200 Gossau SG - CHF 2’180 inkl. NK pro Monat",2180,4.5,105.0,9200,Gossau SG,St. Gallen,Bischofszellerstr. 16,APARTMENT,47.4169459,9.2454344,https://flatfox.ch/de/wohnung/bischofszellerstr-16-9200-gossau-sg/85753896/,2026-05-17T01:49:59+00:00,20.761904761904763
85753906,"Gerbergasse 70, 4001 Basel - CHF 2’190 inkl. NK pro Monat",2190,3.0,77.0,4001,Basel,Basel-Stadt,Gerbergasse 70,APARTMENT,47.55531714,7.5887375000000015,https://flatfox.ch/de/wohnung/gerbergasse-70-4001-basel/85753906/,2026-05-17T01:49:59+00:00,28.441558441558442
85753909,"Neuengasse 1, 3011 Bern - CHF 1’940",1940,2.5,53.0,3011,Bern,Bern,Neuengasse 1,APARTMENT,46.94867293,7.44346511,https://flatfox.ch/de/wohnung/neuengasse-1-3011-bern/85753909/,2026-05-17T01:49:59+00:00,36.60377358490566
85754155,"Mazzinistrasse 10, 2540 Grenchen - CHF 1’075 inkl. NK pro Monat",1075,3.0,70.0,2540,Grenchen,Solothurn,Mazzinistrasse 10,APARTMENT,47.19040959,7.39722921,https://flatfox.ch/de/wohnung/mazzinistrasse-10-2540-grenchen/85754155/,2026-05-17T01:49:59+00:00,15.357142857142858
85754521,8766 Matt - CHF 550,550,1.0,18.0,8766,Matt,Glarus,,SINGLE_ROOM,46.96657247660145,9.200077793387909,https://flatfox.ch/de/wohnung/8766-matt/85754521/,2026-05-17T01:49:59+00:00,30.555555555555557
85754525,8370 Sirnach - CHF 700,700,1.0,15.0,8370,Sirnach,Thurgau,,SINGLE_ROOM,47.46428675036357,9.004990325146254,https://flatfox.ch/de/wohnung/8370-sirnach/85754525/,2026-05-17T01:49:59+00:00,46.666666666666664
85754559,7075 Churwalden - CHF 890,890,1.5,25.0,7075,Churwalden,Graubünden,,APARTMENT,46.78727705680412,9.536756896948308,https://flatfox.ch/de/wohnung/7075-churwalden/85754559/,2026-05-17T01:50:01+00:00,35.6
85754568,6614 Isole di Brissago - CHF 1’800,1800,3.0,132.0,6614,Isole di Brissago,Ticino,,APARTMENT,46.132138355529456,8.735451814483039,https://flatfox.ch/de/wohnung/6614-isole-di-brissago/85754568/,2026-05-17T01:50:01+00:00,13.636363636363637
85754638,1350 Orbe - CHF 2’200,2200,4.5,100.0,1350,Orbe,Vaud,,APARTMENT,46.73039723520677,6.547040092570188,https://flatfox.ch/de/wohnung/1350-orbe/85754638/,2026-05-17T01:50:01+00:00,22.0
85754677,"Granois Saviese, 1965 Savièse - CHF 1’600",1600,3.0,100.0,1965,Savièse,Valais,Granois Saviese,APARTMENT,46.249248500000014,7.33664221,https://flatfox.ch/de/wohnung/granois-saviese-1965-saviese/85754677/,2026-05-17T01:50:01+00:00,16.0
85754700,"Rue du premier mars 2, 2206 Les Geneveys-sur-Coffrane - CHF 1’060",1060,2.0,56.0,2206,Les Geneveys-sur-Coffrane,Neuchâtel,Rue du premier mars 2,APARTMENT,47.01729255,6.8521872,https://flatfox.ch/de/wohnung/rue-du-premier-mars-2-2206-les-geneveys-sur-coffra/85754700/,2026-05-17T01:50:01+00:00,18.928571428571427
85754789,"Avenue de la Praille 15, 1227 Carouge - CHF 1’581 inkl. NK pro Monat",1581,3.0,77.0,1227,Carouge,Geneva,Avenue de la Praille 15,APARTMENT,46.18679,6.1383851,https://flatfox.ch/de/wohnung/avenue-de-la-praille-15-1227-carouge/85754789/,2026-05-17T01:50:01+00:00,20.532467532467532
85754809,"Waldhofstrasse 8, 4900 Langenthal - CHF 1’910 inkl. NK pro Monat",1910,4.5,119.0,4900,Langenthal,Bern,Waldhofstrasse 8,APARTMENT,47.21638092,7.791474699999999,https://flatfox.ch/de/wohnung/waldhofstrasse-8-4900-langenthal/85754809/,2026-05-17T01:50:01+00:00,16.050420168067227
85754835,"Schmiedeweg 5, 4563 Gerlafingen - CHF 1’040 inkl. NK pro Monat",1040,1.0,32.0,4563,Gerlafingen,Solothurn,Schmiedeweg 5,APARTMENT,47.16995575,7.56765055,https://flatfox.ch/de/wohnung/schmiedeweg-5-4563-gerlafingen/85754835/,2026-05-17T01:50:01+00:00,32.5
85754986,"Alte Zürcherstrasse 22, 5432 Neuenhof - CHF 2’330 inkl. NK pro Monat",2330,4.5,108.0,5432,Neuenhof,Aargau,Alte Zürcherstrasse 22,APARTMENT,47.4570425,8.30880473,https://flatfox.ch/de/wohnung/alte-zurcherstrasse-22-5432-neuenhof/85754986/,2026-05-17T01:50:01+00:00,21.574074074074073
85755099,"Rue Robert de Vigier 6, 2603 Péry - CHF 1’126 inkl. NK pro Monat",1126,3.5,74.0,2603,Péry,Bern,Rue Robert de Vigier 6,APARTMENT,47.19266869,7.245198899999999,https://flatfox.ch/de/wohnung/rue-robert-de-vigier-6-2603-pery/85755099/,2026-05-17T01:50:01+00:00,15.216216216216216
85755299,"Passwangstr. 1, 4127 Birsfelden - CHF 1’460 inkl. NK pro Monat",1460,3.0,65.0,4127,Birsfelden,Basel-Landschaft,Passwangstr. 1,APARTMENT,47.55275461,7.62845561,https://flatfox.ch/de/wohnung/passwangstr-1-4127-birsfelden/85755299/,2026-05-17T01:50:01+00:00,22.46153846153846
85755360,"Huebzelg 1, 8590 Romanshorn - CHF 1’935 inkl. NK pro Monat",1935,3.5,93.0,8590,Romanshorn,Thurgau,Huebzelg 1,APARTMENT,47.5639059,9.3687412,https://flatfox.ch/de/wohnung/huebzelg-1-8590-romanshorn/85755360/,2026-05-17T01:50:01+00:00,20.806451612903224
85755367,"Spitalstr. (Neubau) 8, 7130 Ilanz - CHF 1’960 inkl. NK pro Monat",1960,3.5,75.0,7130,Ilanz,Graubünden,Spitalstr. (Neubau) 8,APARTMENT,46.77660169,9.2050183,https://flatfox.ch/de/wohnung/spitalstr-neubau-8-7130-ilanz/85755367/,2026-05-17T01:50:01+00:00,26.133333333333333
85755380,"Maria - Stader - Weg 1, 8590 Romanshorn - CHF 1’700 inkl. NK pro Monat",1700,3.5,83.0,8590,Romanshorn,Thurgau,Maria - Stader - Weg 1,APARTMENT,47.56911898,9.3786333,https://flatfox.ch/de/wohnung/maria-stader-weg-1-8590-romanshorn/85755380/,2026-05-17T01:50:01+00:00,20.481927710843372
85755629,"Löwenstrasse 57, 9400 Rorschach - CHF 1’390 inkl. NK pro Monat",1390,1.5,50.0,9400,Rorschach,St. Gallen,Löwenstrasse 57,APARTMENT,47.47786126,9.48313844,https://flatfox.ch/de/wohnung/lowenstrasse-57-9400-rorschach/85755629/,2026-05-17T01:50:01+00:00,27.8
85755709,"Typonweg 1, 3400 Burgdorf - CHF 1’850 inkl. NK pro Monat",1850,3.5,86.0,3400,Burgdorf,Bern,Typonweg 1,APARTMENT,47.06190251,7.62560877,https://flatfox.ch/de/wohnung/typonweg-1-3400-burgdorf/85755709/,2026-05-17T01:50:01+00:00,21.511627906976745
85755745,"Rankackerweg 14, 4133 Pratteln - CHF 1’330 inkl. NK pro Monat",1330,2.0,51.0,4133,Pratteln,Basel-Landschaft,Rankackerweg 14,APARTMENT,47.52230113,7.708600299999999,https://flatfox.ch/de/wohnung/rankackerweg-14-4133-pratteln/85755745/,2026-05-17T01:50:01+00:00,26.07843137254902
85755749,"rue du Liseron 11, 1006 Lausanne - CHF 8’600",8600,3.5,226.0,1006,Lausanne,Vaud,rue du Liseron 11,APARTMENT,46.50836911,6.62595135,https://flatfox.ch/de/wohnung/rue-du-liseron-11-1006-lausanne/85755749/,2026-05-17T01:50:03+00:00,38.05309734513274
85755752,"rue des Granges 6, 1170 Aubonne - CHF 1’770",1770,3.5,76.0,1170,Aubonne,Vaud,rue des Granges 6,APARTMENT,46.49644667,6.38893281,https://flatfox.ch/de/wohnung/rue-des-granges-6-1170-aubonne/85755752/,2026-05-17T01:50:03+00:00,23.289473684210527
85756153,"Freiestr. 14, 8032 Zürich - CHF 5’300 inkl. NK pro Monat",5300,4.5,124.0,8032,Zürich,Zurich,Freiestr. 14,APARTMENT,47.37340866,8.55221273,https://flatfox.ch/de/wohnung/freiestr-14-8032-zurich/85756153/,2026-05-17T01:50:03+00:00,42.74193548387097
85756383,"Hegenheimerstrasse 220, 4055 Basel - CHF 1’210 inkl. NK pro Monat",1210,1.0,34.0,4055,Basel,Basel-Stadt,Hegenheimerstrasse 220,APARTMENT,47.5643917,7.56282324,https://flatfox.ch/de/wohnung/hegenheimerstrasse-220-4055-basel/85756383/,2026-05-17T01:50:03+00:00,35.588235294117645
85756545,"Weizackerstrasse 12, 8400 Winterthur - CHF 1’790 inkl. NK pro Monat",1790,3.0,73.0,8400,Winterthur,Zurich,Weizackerstrasse 12,APARTMENT,47.4795422,8.76610713,https://flatfox.ch/de/wohnung/weizackerstrasse-12-8400-winterthur/85756545/,2026-05-17T01:50:03+00:00,24.52054794520548
85756573,"Espace de l'Europe 18, 2000 Neuchâtel - CHF 2’510 inkl. NK pro Monat",2510,4.5,100.0,2000,Neuchâtel,Neuchâtel,Espace de l'Europe 18,APARTMENT,46.9984163,6.942367000000002,https://flatfox.ch/de/wohnung/espace-de-leurope-18-2000-neuchatel/85756573/,2026-05-17T01:50:03+00:00,25.1
85756595,"Niederweg 6/6a, 8907 Wettswil - CHF 1’700 inkl. NK pro Monat",1700,4.0,80.0,8907,Wettswil,Zurich,Niederweg 6/6a,APARTMENT,47.33371691,8.47476936,https://flatfox.ch/de/wohnung/niederweg-66a-8907-wettswil/85756595/,2026-05-17T01:50:03+00:00,21.25
85756775,"Route de Pregny 39, 1292 CHAMBESY - CHF 3’100",3100,3.0,83.0,1292,CHAMBESY,Geneva,Route de Pregny 39,APARTMENT,46.23689376,6.14027281,https://flatfox.ch/de/wohnung/route-de-pregny-39-1292-chambesy/85756775/,2026-05-17T01:50:03+00:00,37.34939759036145
85756900,"Mettstrasse 6, 2500 Biel/Bienne - CHF 1’160 inkl. NK pro Monat",1160,2.5,60.0,2500,Biel/Bienne,Bern,Mettstrasse 6,APARTMENT,47.13837267,7.261779199999999,https://flatfox.ch/de/wohnung/mettstrasse-6-2500-bielbienne/85756900/,2026-05-17T01:50:03+00:00,19.333333333333332
85756923,"Karl-Mathystrasse 44, 2540 Grenchen - CHF 1’100",1100,3.5,78.0,2540,Grenchen,Solothurn,Karl-Mathystrasse 44,APARTMENT,47.18745998,7.3802643,https://flatfox.ch/de/wohnung/karl-mathystrasse-44-2540-grenchen/85756923/,2026-05-17T01:50:03+00:00,14.102564102564102
85756965,"Birkenstrasse 4, 9230 Flawil - CHF 905 inkl. NK pro Monat",905,1.0,27.0,9230,Flawil,St. Gallen,Birkenstrasse 4,APARTMENT,47.41078179,9.19747619,https://flatfox.ch/de/wohnung/birkenstrasse-4-9230-flawil/85756965/,2026-05-17T01:50:03+00:00,33.51851851851852
85756967,"Lothringerstrasse 167, 4056 Basel - CHF 1’750 inkl. NK pro Monat",1750,3.0,59.0,4056,Basel,Basel-Stadt,Lothringerstrasse 167,APARTMENT,47.57223635,7.573549700000002,https://flatfox.ch/de/wohnung/lothringerstrasse-167-4056-basel/85756967/,2026-05-17T01:50:03+00:00,29.661016949152543
85756968,5200 Brugg AG - CHF 2’938 inkl. NK pro Monat,2938,4.5,110.0,5200,Brugg AG,Aargau,,FURNISHED_FLAT,47.482385863051455,8.207294779377147,https://flatfox.ch/de/wohnung/5200-brugg-ag/85756968/,2026-05-17T01:50:03+00:00,26.70909090909091
85756997,"St. Gallerstrasse 113, 9230 Flawil - CHF 1’612 inkl. NK pro Monat",1612,2.5,69.0,9230,Flawil,St. Gallen,St. Gallerstrasse 113,APARTMENT,47.41212834,9.19624795,https://flatfox.ch/de/wohnung/st-gallerstrasse-113-9230-flawil/85756997/,2026-05-17T01:50:03+00:00,23.36231884057971
85757125,"Bernstrasse 3, 3110 Münsingen - CHF 1’270",1270,2.5,65.0,3110,Münsingen,Bern,Bernstrasse 3,APARTMENT,46.87578234,7.56232164,https://flatfox.ch/de/wohnung/bernstrasse-3-3110-munsingen/85757125/,2026-05-17T01:50:03+00:00,19.53846153846154
85757153,"Mirchelbergstrasse, 3506 Grosshöchstetten - CHF 1’850",1850,2.5,98.0,3506,Grosshöchstetten,Bern,Mirchelbergstrasse,APARTMENT,46.89769412,7.64707535,https://flatfox.ch/de/wohnung/mirchelbergstrasse-3506-grosshochstetten/85757153/,2026-05-17T01:50:03+00:00,18.877551020408163
85757174,"Ampfletweg 10, 5234 Villigen - CHF 850",850,1.0,25.0,5234,Villigen,Aargau,Ampfletweg 10,SINGLE_ROOM,47.53429831,8.20707475,https://flatfox.ch/de/wohnung/ampfletweg-10-5234-villigen/85757174/,2026-05-17T01:50:03+00:00,34.0
85757191,"Prévôté 4, 2740 Münster (BE) - CHF 1’250",1250,3.5,90.0,2740,Münster (BE),Bern,Prévôté 4,APARTMENT,47.2805509,7.3753809000000015,https://flatfox.ch/de/wohnung/prevote-4-2740-munster-be/85757191/,2026-05-17T01:50:03+00:00,13.88888888888889
85757199,"Langackerstrasse 12, 5233 Stilli - CHF 790",790,1.0,80.0,5233,Stilli,Aargau,Langackerstrasse 12,SINGLE_ROOM,47.51860948,8.23048445,https://flatfox.ch/de/wohnung/langackerstrasse-12-5233-stilli/85757199/,2026-05-17T01:50:03+00:00,9.875
85757215,"rue Henri Mussard, 1208 Genf - CHF 2’990",2990,3.5,70.0,1208,Genf,Geneva,rue Henri Mussard,APARTMENT,46.19807348,6.16274571,https://flatfox.ch/de/wohnung/rue-henri-mussard-1208-genf/85757215/,2026-05-17T01:50:03+00:00,42.714285714285715
85757223,1724 Oberried FR - CHF 2’035,2035,5.5,117.0,1724,Oberried FR,Fribourg,,APARTMENT,46.73331892156795,7.183330291483488,https://flatfox.ch/de/wohnung/1724-oberried-fr/85757223/,2026-05-17T01:50:03+00:00,17.39316239316239
85757238,"Feldbergstrasse, 4058 Basel - CHF 2’905",2905,4.5,90.0,4058,Basel,Basel-Stadt,Feldbergstrasse,APARTMENT,47.56662732,7.59303911,https://flatfox.ch/de/wohnung/feldbergstrasse-4058-basel/85757238/,2026-05-17T01:50:05+00:00,32.27777777777778
85757255,"Langackerstrasse 12, 5233 Stilli - CHF 790",790,1.0,88.0,5233,Stilli,Aargau,Langackerstrasse 12,SINGLE_ROOM,47.51860948,8.23048445,https://flatfox.ch/de/wohnung/langackerstrasse-12-5233-stilli/85757255/,2026-05-17T01:50:05+00:00,8.977272727272727
85757261,"Insstrasse 44, 3236 Gampelen - CHF 1’400",1400,2.5,80.0,3236,Gampelen,Bern,Insstrasse 44,APARTMENT,47.01443966,7.070047499999999,https://flatfox.ch/de/wohnung/insstrasse-44-3236-gampelen/85757261/,2026-05-17T01:50:05+00:00,17.5
85757264,"Hintere Bahnhofstr. 6, 8610 Uster - CHF 3’020 inkl. NK pro Monat",3020,3.5,101.0,8610,Uster,Zurich,Hintere Bahnhofstr. 6,APARTMENT,47.34919788,8.718302399999999,https://flatfox.ch/de/wohnung/hintere-bahnhofstr-6-8610-uster/85757264/,2026-05-17T01:50:05+00:00,29.900990099009903
85757275,"Bützberg, 4922 Bützberg - CHF 1’950",1950,3.5,105.0,4922,Bützberg,Bern,Bützberg,APARTMENT,47.21439,7.743829,https://flatfox.ch/de/wohnung/butzberg-4922-butzberg/85757275/,2026-05-17T01:50:05+00:00,18.571428571428573
85757276,"Bahnhofplatz 5, 8487 Zell ZH - CHF 760",760,1.0,16.0,8487,Zell ZH,Zurich,Bahnhofplatz 5,SINGLE_ROOM,47.44099036,8.81856948,https://flatfox.ch/de/wohnung/bahnhofplatz-5-8487-zell-zh/85757276/,2026-05-17T01:50:05+00:00,47.5
85757284,"Jean-André Venel, 1400 Cheseaux-Noréaz - CHF 850",850,3.5,85.0,1400,Cheseaux-Noréaz,Vaud,Jean-André Venel,APARTMENT,46.76929012,6.6455211,https://flatfox.ch/de/wohnung/jean-andre-venel-1400-cheseaux-noreaz/85757284/,2026-05-17T01:50:05+00:00,10.0
85757292,"Chemin Sur Roche 8, Echallens, 1040 Echallens - CHF 2’400",2400,3.5,74.0,1040,Echallens,Vaud,"Chemin Sur Roche 8, Echallens",APARTMENT,46.6409632,6.638543899999999,https://flatfox.ch/de/wohnung/chemin-sur-roche-8-echallens-1040-echallens/85757292/,2026-05-17T01:50:05+00:00,32.432432432432435
85757342,1417 Epautheyres - CHF 700,700,1.0,16.0,1417,Epautheyres,Vaud,,SINGLE_ROOM,46.738376760277376,6.640548966523674,https://flatfox.ch/de/wohnung/1417-epautheyres/85757342/,2026-05-17T01:50:05+00:00,43.75
85757345,"Farrère, 2830 Courrendlin - CHF 1’830",1830,4.5,120.0,2830,Courrendlin,Jura,Farrère,APARTMENT,47.34086259,7.37024281,https://flatfox.ch/de/wohnung/farrere-2830-courrendlin/85757345/,2026-05-17T01:50:05+00:00,15.25
85757348,"Bussigny, 1030 Bussigny - CHF 800",800,1.0,25.0,1030,Bussigny,Vaud,Bussigny,APARTMENT,46.55557184,6.552551800000002,https://flatfox.ch/de/wohnung/bussigny-1030-bussigny/85757348/,2026-05-17T01:50:05+00:00,32.0
85757364,"Lutry Suisse, 1095 Lutry - CHF 3’000",3000,3.5,100.0,1095,Lutry,Vaud,Lutry Suisse,APARTMENT,46.50636899,6.69233025,https://flatfox.ch/de/wohnung/lutry-suisse-1095-lutry/85757364/,2026-05-17T01:50:05+00:00,30.0
85757367,"Prés-du-Lac 51c, Yverdon-les-Bains, 1400 Yverdon-les-Bains - CHF 900",900,1.0,25.0,1400,Yverdon-les-Bains,Vaud,"Prés-du-Lac 51c, Yverdon-les-Bains",APARTMENT,46.7898365,6.63199414,https://flatfox.ch/de/wohnung/pres-du-lac-51c-yverdon-les-bains-1400-yverdon-les/85757367/,2026-05-17T01:50:05+00:00,36.0
85757392,"Via Boscioro, 6998 Monteggio - CHF 1’550",1550,3.5,91.0,6998,Monteggio,Ticino,Via Boscioro,APARTMENT,45.99305261,8.82303157,https://flatfox.ch/de/wohnung/via-boscioro-6998-monteggio/85757392/,2026-05-17T01:50:05+00:00,17.032967032967033
85757444,"Via Boscioro, 6998 Monteggio - CHF 1’430",1430,2.5,60.0,6998,Monteggio,Ticino,Via Boscioro,APARTMENT,45.99305261,8.82303157,https://flatfox.ch/de/wohnung/via-boscioro-6998-monteggio/85757444/,2026-05-17T01:50:05+00:00,23.833333333333332
85757637,"Feldeggstrasse 2, 8942 Oberrieden - CHF 3’799 inkl. NK pro Monat",3799,4.5,102.0,8942,Oberrieden,Zurich,Feldeggstrasse 2,APARTMENT,47.27128542,8.57644261,https://flatfox.ch/de/wohnung/feldeggstrasse-2-8942-oberrieden/85757637/,2026-05-17T01:50:05+00:00,37.245098039215684
85757647,"Via polar angolo vicolo concordia 2, 6932 Breganzona - CHF 950",950,1.5,30.0,6932,Breganzona,Ticino,Via polar angolo vicolo concordia 2,APARTMENT,46.01062768,8.93551589,https://flatfox.ch/de/wohnung/via-polar-angolo-vicolo-concordia-2-6932-breganzon/85757647/,2026-05-17T01:50:05+00:00,31.666666666666668
85757787,"Oberdorf 40, 9643 Krummenau - CHF 890",890,2.5,30.0,9643,Krummenau,St. Gallen,Oberdorf 40,APARTMENT,47.24743669,9.17227748,https://flatfox.ch/de/wohnung/oberdorf-40-9643-krummenau/85757787/,2026-05-17T01:50:05+00:00,29.666666666666668
85757795,"Via delle Grazie 4A, 6600 Muralto - CHF 2’250",2250,3.5,102.0,6600,Muralto,Ticino,Via delle Grazie 4A,APARTMENT,46.17643591,8.807558400000001,https://flatfox.ch/de/wohnung/via-delle-grazie-4a-6600-muralto/85757795/,2026-05-17T01:50:05+00:00,22.058823529411764
85757803,6803 Camignolo - CHF 1’600,1600,3.5,100.0,6803,Camignolo,Ticino,,APARTMENT,46.10545969486098,8.951621318044616,https://flatfox.ch/de/wohnung/6803-camignolo/85757803/,2026-05-17T01:50:05+00:00,16.0
85757827,"Via Sotto il Monte 6, 6934 Bioggio - CHF 1’290",1290,2.5,56.0,6934,Bioggio,Ticino,Via Sotto il Monte 6,APARTMENT,46.01632151,8.91164665,https://flatfox.ch/de/wohnung/via-sotto-il-monte-6-6934-bioggio/85757827/,2026-05-17T01:50:05+00:00,23.035714285714285
85757878,"Meiersmaadstrasse 106, 3657 Schwanden (Sigriswil) - CHF 600",600,2.5,51.0,3657,Schwanden (Sigriswil),Bern,Meiersmaadstrasse 106,APARTMENT,46.75634881,7.731049899999999,https://flatfox.ch/de/wohnung/meiersmaadstrasse-106-3657-schwanden-sigriswil/85757878/,2026-05-17T01:50:05+00:00,11.764705882352942
85757881,"Dorfstrasse 80, 3534 Signau - CHF 1’860",1860,5.5,105.0,3534,Signau,Bern,Dorfstrasse 80,APARTMENT,46.91735847,7.72104658,https://flatfox.ch/de/wohnung/dorfstrasse-80-3534-signau/85757881/,2026-05-17T01:50:05+00:00,17.714285714285715
85757882,"Agno, 6900 Lugano - CHF 650",650,1.0,20.0,6900,Lugano,Ticino,Agno,APARTMENT,46.00441611,8.910109499999999,https://flatfox.ch/de/wohnung/agno-6900-lugano/85757882/,2026-05-17T01:50:05+00:00,32.5
85757960,1950 Sitten - CHF 1’565,1565,5.0,105.0,1950,Sitten,Valais,,APARTMENT,46.22706820788186,7.3533290740901105,https://flatfox.ch/de/wohnung/1950-sitten/85757960/,2026-05-17T01:50:05+00:00,14.904761904761905
85757961,"Rue du Carroz 5a, 1169 Yens - CHF 1’950",1950,2.5,52.0,1169,Yens,Vaud,Rue du Carroz 5a,APARTMENT,46.51968221,6.41750332,https://flatfox.ch/de/wohnung/rue-du-carroz-5a-1169-yens/85757961/,2026-05-17T01:50:07+00:00,37.5
85757991,"Route de Vissigen 72, 1950 Sitten - CHF 1’750",1750,3.5,80.0,1950,Sitten,Valais,Route de Vissigen 72,APARTMENT,46.23480436,7.373146699999999,https://flatfox.ch/de/wohnung/route-de-vissigen-72-1950-sitten/85757991/,2026-05-17T01:50:07+00:00,21.875
85758033,"Grand Cerclet 21, 1852 Roche VD - CHF 1’860",1860,3.5,85.0,1852,Roche VD,Vaud,Grand Cerclet 21,APARTMENT,46.36050488,6.92863472,https://flatfox.ch/de/wohnung/grand-cerclet-21-1852-roche-vd/85758033/,2026-05-17T01:50:07+00:00,21.88235294117647
85758035,"Orbe, 1350 Orbe - CHF 1’690",1690,3.0,70.0,1350,Orbe,Vaud,Orbe,APARTMENT,46.73033718,6.54700981,https://flatfox.ch/de/wohnung/orbe-1350-orbe/85758035/,2026-05-17T01:50:07+00:00,24.142857142857142
85758039,"Rue du Centre 54, Saint Sulpice, 1025 St-Sulpice VD - CHF 1’200",1200,1.5,38.0,1025,St-Sulpice VD,Vaud,"Rue du Centre 54, Saint Sulpice",APARTMENT,46.51049564,6.55862854,https://flatfox.ch/de/wohnung/rue-du-centre-54-saint-sulpice-1025-st-sulpice-vd/85758039/,2026-05-17T01:50:07+00:00,31.57894736842105
85758042,"Rue Jospeh Reichlen 9, 1700 Freiburg - CHF 1’280",1280,3.5,65.0,1700,Freiburg,Fribourg,Rue Jospeh Reichlen 9,APARTMENT,46.79818632,7.15165188,https://flatfox.ch/de/wohnung/rue-jospeh-reichlen-9-1700-freiburg/85758042/,2026-05-17T01:50:07+00:00,19.692307692307693
85758145,"Konstanzerstrasse 76, 8280 Kreuzlingen - CHF 1’600 inkl. NK pro Monat",1600,3.5,97.0,8280,Kreuzlingen,Thurgau,Konstanzerstrasse 76,APARTMENT,47.64854352,9.16236291,https://flatfox.ch/de/wohnung/konstanzerstrasse-76-8280-kreuzlingen/85758145/,2026-05-17T01:50:07+00:00,16.49484536082474
85758226,"Rue de l'Evole 53, 2000 Neuchâtel - CHF 1’320 inkl. NK pro Monat",1320,2.0,51.0,2000,Neuchâtel,Neuchâtel,Rue de l'Evole 53,APARTMENT,46.988598400000015,6.919787,https://flatfox.ch/de/wohnung/rue-de-levole-53-2000-neuchatel/85758226/,2026-05-17T01:50:07+00:00,25.88235294117647
85758315,"Ramsteinerstrasse 16A, 4052 Basel - CHF 1’390 inkl. NK pro Monat",1390,2.5,72.0,4052,Basel,Basel-Stadt,Ramsteinerstrasse 16A,APARTMENT,47.55529867,7.61060498,https://flatfox.ch/de/wohnung/ramsteinerstrasse-16a-4052-basel/85758315/,2026-05-17T01:50:07+00:00,19.305555555555557
85758458,"Rue de Moillebeau 50, 1209 Genève - CHF 4’400",4400,5.5,130.0,1209,Genève,Geneva,Rue de Moillebeau 50,APARTMENT,46.22206527,6.13027969,https://flatfox.ch/de/wohnung/rue-de-moillebeau-50-1209-geneve/85758458/,2026-05-17T01:50:07+00:00,33.84615384615385
85758477,"Robert-Walserstrasse 9, 9100 Herisau - CHF 1’421 inkl. NK pro Monat",1421,2.5,85.0,9100,Herisau,Appenzell Ausserrhoden,Robert-Walserstrasse 9,APARTMENT,47.39690792,9.26550791,https://flatfox.ch/de/wohnung/robert-walserstrasse-9-9100-herisau/85758477/,2026-05-17T01:50:07+00:00,16.71764705882353
85758481,6976 Castagnola - CHF 3’600,3600,3.5,178.0,6976,Castagnola,Ticino,,APARTMENT,46.00356211484535,8.978075520610481,https://flatfox.ch/de/wohnung/6976-castagnola/85758481/,2026-05-17T01:50:07+00:00,20.224719101123597
85758484,"Schützengasse 90, 2540 Grenchen - CHF 1’520 inkl. NK pro Monat",1520,3.5,79.0,2540,Grenchen,Solothurn,Schützengasse 90,APARTMENT,47.19280012,7.38735634,https://flatfox.ch/de/wohnung/schutzengasse-90-2540-grenchen/85758484/,2026-05-17T01:50:07+00:00,19.240506329113924
85758593,1218 Le Grand-Saconnex - CHF 3’800,3800,4.0,132.0,1218,Le Grand-Saconnex,Geneva,,ATTIC_FLAT,46.234786553281566,6.122527510427561,https://flatfox.ch/de/wohnung/1218-le-grand-saconnex/85758593/,2026-05-17T01:50:07+00:00,28.78787878787879
85758599,1723 Marly - CHF 3’000 inkl. NK pro Monat,3000,4.5,160.0,1723,Marly,Fribourg,,FURNISHED_FLAT,46.778255803073655,7.156758954640648,https://flatfox.ch/de/wohnung/1723-marly/85758599/,2026-05-17T01:50:07+00:00,18.75
85758781,"Avenue de l'Elysée, 1006 Lausanne - CHF 4’675 inkl. NK pro Monat",4675,4.5,165.0,1006,Lausanne,Vaud,Avenue de l'Elysée,APARTMENT,46.51029342,6.63339657,https://flatfox.ch/de/wohnung/avenue-de-lelysee-1006-lausanne/85758781/,2026-05-17T01:50:07+00:00,28.333333333333332
85758785,"Prattelerstr. 9, 4052 Basel - CHF 2’150 inkl. NK pro Monat",2150,4.0,97.0,4052,Basel,Basel-Stadt,Prattelerstr. 9,APARTMENT,47.54566135,7.61435481,https://flatfox.ch/de/wohnung/prattelerstr-9-4052-basel/85758785/,2026-05-17T01:50:07+00:00,22.164948453608247
85758902,"Spitalstr. (Altbau) 7, 7130 Ilanz - CHF 1’955 inkl. NK pro Monat",1955,3.5,86.0,7130,Ilanz,Graubünden,Spitalstr. (Altbau) 7,APARTMENT,46.77660169,9.2050183,https://flatfox.ch/de/wohnung/spitalstr-altbau-7-7130-ilanz/85758902/,2026-05-17T01:50:07+00:00,22.732558139534884
85758926,"Hofmattweg 81, 4144 Arlesheim - CHF 1’800 inkl. NK pro Monat",1800,2.5,62.0,4144,Arlesheim,Basel-Landschaft,Hofmattweg 81,APARTMENT,47.50680673,7.61742378,https://flatfox.ch/de/wohnung/hofmattweg-81-4144-arlesheim/85758926/,2026-05-17T01:50:07+00:00,29.032258064516128
85758930,"Via Ceresio 55, 6963 Pregassona - CHF 1’970 inkl. NK pro Monat",1970,3.5,88.0,6963,Pregassona,Ticino,Via Ceresio 55,APARTMENT,46.02332318,8.96766477,https://flatfox.ch/de/wohnung/via-ceresio-55-6963-pregassona/85758930/,2026-05-17T01:50:07+00:00,22.386363636363637
85758980,"Wiedenhubstrasse 11, 4410 Liestal - CHF 1’640 inkl. NK pro Monat",1640,3.5,69.0,4410,Liestal,Basel-Landschaft,Wiedenhubstrasse 11,APARTMENT,47.486416100000014,7.72751449,https://flatfox.ch/de/wohnung/wiedenhubstrasse-11-4410-liestal/85758980/,2026-05-17T01:50:07+00:00,23.768115942028984
85759242,"Klybeckstrasse 190, 4057 Basel - CHF 2’495 inkl. NK pro Monat",2495,3.0,83.0,4057,Basel,Basel-Stadt,Klybeckstrasse 190,APARTMENT,47.57159791,7.590549500000002,https://flatfox.ch/de/wohnung/klybeckstrasse-190-4057-basel/85759242/,2026-05-17T01:50:07+00:00,30.06024096385542
85759331,"Bielstrasse 14B, 3294 Büren an der Aare - CHF 1’440",1440,4.5,75.0,3294,Büren an der Aare,Bern,Bielstrasse 14B,APARTMENT,47.14098973,7.36489466,https://flatfox.ch/de/wohnung/bielstrasse-14b-3294-buren-an-der-aare/85759331/,2026-05-17T01:50:07+00:00,19.2
85759595,6850 Mendrisio - CHF 1’050,1050,4.5,100.0,6850,Mendrisio,Ticino,,APARTMENT,45.87296988029597,8.978185666626828,https://flatfox.ch/de/wohnung/6850-mendrisio/85759595/,2026-05-17T01:50:07+00:00,10.5
85759612,"Ulmenweg 4, 4600 Olten - CHF 1’750",1750,2.5,66.0,4600,Olten,Solothurn,Ulmenweg 4,APARTMENT,47.341816,7.903447600000002,https://flatfox.ch/de/wohnung/ulmenweg-4-4600-olten/85759612/,2026-05-17T01:50:07+00:00,26.515151515151516
85759788,"Schützengartenstrasse 1, 9242 Oberuzwil - CHF 1’050",1050,1.5,33.0,9242,Oberuzwil,St. Gallen,Schützengartenstrasse 1,APARTMENT,47.43036197,9.12254847,https://flatfox.ch/de/wohnung/schutzengartenstrasse-1-9242-oberuzwil/85759788/,2026-05-17T01:50:09+00:00,31.818181818181817
85760069,"Theodor Kocher-Strasse 11, 2502 Biel/Bienne - CHF 2’170 inkl. NK pro Monat",2170,2.5,73.0,2502,Biel/Bienne,Bern,Theodor Kocher-Strasse 11,ATTIC_FLAT,47.13464791,7.242898199999999,https://flatfox.ch/de/wohnung/theodor-kocher-strasse-11-2502-bielbienne/85760069/,2026-05-17T01:50:09+00:00,29.726027397260275
85760348,"Kappelenbrücke 6a, 3032 Hinterkappelen - CHF 1’995",1995,3.5,81.0,3032,Hinterkappelen,Bern,Kappelenbrücke 6a,APARTMENT,46.96607965,7.3789385,https://flatfox.ch/de/wohnung/kappelenbrucke-6a-3032-hinterkappelen/85760348/,2026-05-17T01:50:09+00:00,24.62962962962963
85760382,"Zihlstrasse 46a, 8340 Hinwil - CHF 2’890 inkl. NK pro Monat",2890,3.5,87.0,8340,Hinwil,Zurich,Zihlstrasse 46a,ATTIC_FLAT,47.29651185,8.84078123,https://flatfox.ch/de/wohnung/zihlstrasse-46a-8340-hinwil/85760382/,2026-05-17T01:50:09+00:00,33.2183908045977
85760402,"Burghaldenweg 1a, 4435 Niederdorf - CHF 1’750 inkl. NK pro Monat",1750,3.5,82.0,4435,Niederdorf,Basel-Landschaft,Burghaldenweg 1a,APARTMENT,47.40913033,7.752849599999999,https://flatfox.ch/de/wohnung/burghaldenweg-1a-4435-niederdorf/85760402/,2026-05-17T01:50:09+00:00,21.341463414634145
85760405,"Burghaldenweg 1b, 4435 Niederdorf - CHF 2’970 inkl. NK pro Monat",2970,4.5,127.0,4435,Niederdorf,Basel-Landschaft,Burghaldenweg 1b,ATTIC_FLAT,47.40876736,7.75299917,https://flatfox.ch/de/wohnung/burghaldenweg-1b-4435-niederdorf/85760405/,2026-05-17T01:50:09+00:00,23.385826771653544
85760406,"Burghaldenweg 1a, 4435 Niederdorf - CHF 2’870 inkl. NK pro Monat",2870,4.5,123.0,4435,Niederdorf,Basel-Landschaft,Burghaldenweg 1a,ATTIC_FLAT,47.40913033,7.752849599999999,https://flatfox.ch/de/wohnung/burghaldenweg-1a-4435-niederdorf/85760406/,2026-05-17T01:50:09+00:00,23.333333333333332
85760407,"Burghaldenweg 1b, 4435 Niederdorf - CHF 1’970 inkl. NK pro Monat",1970,3.5,88.0,4435,Niederdorf,Basel-Landschaft,Burghaldenweg 1b,APARTMENT,47.40876736,7.75299917,https://flatfox.ch/de/wohnung/burghaldenweg-1b-4435-niederdorf/85760407/,2026-05-17T01:50:09+00:00,22.386363636363637
85760582,"Kleinhüningerstrasse 204, 4057 Basel - CHF 1’850 inkl. NK pro Monat",1850,3.5,72.0,4057,Basel,Basel-Stadt,Kleinhüningerstrasse 204,APARTMENT,47.58084813,7.59170541,https://flatfox.ch/de/wohnung/kleinhuningerstrasse-204-4057-basel/85760582/,2026-05-17T01:50:09+00:00,25.694444444444443
85760592,4057 Basel - CHF 2’400 inkl. NK pro Monat,2400,2.5,67.0,4057,Basel,Basel-Stadt,,FURNISHED_FLAT,47.57425937502556,7.593047346981717,https://flatfox.ch/de/wohnung/4057-basel/85760592/,2026-05-17T01:50:09+00:00,35.82089552238806
85760645,"Rue du Chasselas 16, 2000 Neuchâtel - CHF 1’263 inkl. NK pro Monat",1263,2.0,47.0,2000,Neuchâtel,Neuchâtel,Rue du Chasselas 16,APARTMENT,46.98587373,6.89350328,https://flatfox.ch/de/wohnung/rue-du-chasselas-16-2000-neuchatel/85760645/,2026-05-17T01:50:09+00:00,26.872340425531913
85760718,"Via Cantonale 28a, 6987 Caslano - CHF 1’430",1430,2.5,58.0,6987,Caslano,Ticino,Via Cantonale 28a,APARTMENT,45.97999556,8.87701698,https://flatfox.ch/de/wohnung/via-cantonale-28a-6987-caslano/85760718/,2026-05-17T01:50:09+00:00,24.655172413793103
85760778,"Avenue de Granges-Paccot 13, 1700 Fribourg - CHF 1’490 inkl. NK pro Monat",1490,3.5,78.0,1700,Fribourg,Fribourg,Avenue de Granges-Paccot 13,APARTMENT,46.8140177,7.1517622,https://flatfox.ch/de/wohnung/avenue-de-granges-paccot-13-1700-fribourg/85760778/,2026-05-17T01:50:09+00:00,19.102564102564102
85760818,"Via Cantonale 28a, 6987 Caslano - CHF 1’370",1370,2.5,54.0,6987,Caslano,Ticino,Via Cantonale 28a,APARTMENT,45.97999556,8.87701698,https://flatfox.ch/de/wohnung/via-cantonale-28a-6987-caslano/85760818/,2026-05-17T01:50:09+00:00,25.37037037037037
85760894,"Atrium 6, 3175 Flamatt - CHF 1’545 inkl. NK pro Monat",1545,4.5,82.0,3175,Flamatt,Fribourg,Atrium 6,APARTMENT,46.89134247,7.32532916,https://flatfox.ch/de/wohnung/atrium-6-3175-flamatt/85760894/,2026-05-17T01:50:09+00:00,18.841463414634145
85761090,"Av. de Lavaux 70b, 1009 Pully - CHF 1’310 inkl. NK pro Monat",1310,2.5,49.0,1009,Pully,Vaud,Av. de Lavaux 70b,APARTMENT,46.50835671,6.66716469,https://flatfox.ch/de/wohnung/av-de-lavaux-70b-1009-pully/85761090/,2026-05-17T01:50:09+00:00,26.73469387755102
85761092,"Rue de Lorette 20, 2900 Porrentruy - CHF 850",850,3.0,65.0,2900,Porrentruy,Jura,Rue de Lorette 20,APARTMENT,47.4218549,7.081595699999999,https://flatfox.ch/de/wohnung/rue-de-lorette-20-2900-porrentruy/85761092/,2026-05-17T01:50:09+00:00,13.076923076923077
85761106,"Bielstrasse 14B, 3294 Büren an der Aare - CHF 1’390",1390,4.5,75.0,3294,Büren an der Aare,Bern,Bielstrasse 14B,APARTMENT,47.14098973,7.36489466,https://flatfox.ch/de/wohnung/bielstrasse-14b-3294-buren-an-der-aare/85761106/,2026-05-17T01:50:09+00:00,18.533333333333335
85761304,"Vonwilstrasse 51, 9000 St.Gallen - CHF 970 inkl. NK pro Monat",970,1.0,32.0,9000,St.Gallen,St. Gallen,Vonwilstrasse 51,APARTMENT,47.41949828,9.35537397,https://flatfox.ch/de/wohnung/vonwilstrasse-51-9000-stgallen/85761304/,2026-05-17T01:50:09+00:00,30.3125
85761312,8640 Rapperswil-Jona SG - CHF 7’250 inkl. NK pro Monat,7250,4.5,150.0,8640,Rapperswil-Jona SG,St. Gallen,,APARTMENT,47.227933089888886,8.825616979278749,https://flatfox.ch/de/wohnung/8640-rapperswil-jona-sg/85761312/,2026-05-17T01:50:09+00:00,48.333333333333336
85761317,"Fasanenstr. 150, 4058 Basel - CHF 1’890 inkl. NK pro Monat",1890,3.5,81.0,4058,Basel,Basel-Stadt,Fasanenstr. 150,APARTMENT,47.57194746,7.61277878,https://flatfox.ch/de/wohnung/fasanenstr-150-4058-basel/85761317/,2026-05-17T01:50:09+00:00,23.333333333333332
85761367,"Casino Montreux, 1820 Montreux - CHF 1’549 inkl. NK pro Monat",1549,1.5,42.0,1820,Montreux,Vaud,Casino Montreux,APARTMENT,46.42963761,6.91168356,https://flatfox.ch/de/wohnung/casino-montreux-1820-montreux/85761367/,2026-05-17T01:50:09+00:00,36.88095238095238
85761378,"Fraumattstrasse 2, 4410 Liestal - CHF 1’670 inkl. NK pro Monat",1670,3.5,60.0,4410,Liestal,Basel-Landschaft,Fraumattstrasse 2,APARTMENT,47.49194848,7.729793099999999,https://flatfox.ch/de/wohnung/fraumattstrasse-2-4410-liestal/85761378/,2026-05-17T01:50:09+00:00,27.833333333333332
85761438,"Grenchen, 2540 Grenchen - CHF 1’790",1790,4.0,100.0,2540,Grenchen,Solothurn,Grenchen,APARTMENT,47.19660157,7.3831755,https://flatfox.ch/de/wohnung/grenchen-2540-grenchen/85761438/,2026-05-17T01:50:09+00:00,17.9
85761445,"Via Mola 5, 6877 Coldrerio - CHF 1’300",1300,5.0,100.0,6877,Coldrerio,Ticino,Via Mola 5,APARTMENT,45.85569842,8.98823119,https://flatfox.ch/de/wohnung/via-mola-5-6877-coldrerio/85761445/,2026-05-17T01:50:09+00:00,13.0
85761480,"Piotta, 6776 Piotta - CHF 770",770,2.5,41.0,6776,Piotta,Ticino,Piotta,APARTMENT,46.513291,8.674873,https://flatfox.ch/de/wohnung/piotta-6776-piotta/85761480/,2026-05-17T01:50:09+00:00,18.78048780487805
85761484,"Hauptstrasse 49, 8716 Schmerikon - CHF 2’050",2050,4.5,105.0,8716,Schmerikon,St. Gallen,Hauptstrasse 49,APARTMENT,47.22596649,8.94384444,https://flatfox.ch/de/wohnung/hauptstrasse-49-8716-schmerikon/85761484/,2026-05-17T01:50:09+00:00,19.523809523809526
85761485,"Solduno / Locarno, 6600 Locarno - CHF 960",960,2.0,40.0,6600,Locarno,Ticino,Solduno / Locarno,APARTMENT,46.16993681,8.77825787,https://flatfox.ch/de/wohnung/solduno-locarno-6600-locarno/85761485/,2026-05-17T01:50:09+00:00,24.0
85761494,"Dorfplatz 4, 6213 Knutwil - CHF 2’330",2330,4.5,129.0,6213,Knutwil,Lucerne,Dorfplatz 4,APARTMENT,47.19975549999999,8.07148294,https://flatfox.ch/de/wohnung/dorfplatz-4-6213-knutwil/85761494/,2026-05-17T01:50:11+00:00,18.06201550387597
85761523,"Via Vergiò 15, 6932 Breganzona - CHF 1’700",1700,3.5,88.0,6932,Breganzona,Ticino,Via Vergiò 15,APARTMENT,46.01121757,8.9339458,https://flatfox.ch/de/wohnung/via-vergio-15-6932-breganzona/85761523/,2026-05-17T01:50:11+00:00,19.318181818181817
85761535,"Piotta, 6776 Piotta - CHF 1’200",1200,3.5,78.0,6776,Piotta,Ticino,Piotta,APARTMENT,46.513291,8.674873,https://flatfox.ch/de/wohnung/piotta-6776-piotta/85761535/,2026-05-17T01:50:11+00:00,15.384615384615385
85761539,"San Bernardino, 6565 S. Bernardino - CHF 1’200",1200,2.5,60.0,6565,S. Bernardino,Graubünden,San Bernardino,APARTMENT,46.45058099,9.19973477,https://flatfox.ch/de/wohnung/san-bernardino-6565-s-bernardino/85761539/,2026-05-17T01:50:11+00:00,20.0
85761556,6900 Lugano - CHF 2’600,2600,5.0,190.0,6900,Lugano,Ticino,,APARTMENT,46.00934953256347,8.950679467340116,https://flatfox.ch/de/wohnung/6900-lugano/85761556/,2026-05-17T01:50:11+00:00,13.68421052631579
85761674,1295 Mies - CHF 1’850,1850,2.5,50.0,1295,Mies,Vaud,,APARTMENT,46.30343699688286,6.169634200478878,https://flatfox.ch/de/wohnung/1295-mies/85761674/,2026-05-17T01:50:11+00:00,37.0
85761696,"Av. de Granges Paccot 9, 1700 Freiburg - CHF 1’559",1559,4.5,89.0,1700,Freiburg,Fribourg,Av. de Granges Paccot 9,APARTMENT,46.81375637,7.1517353,https://flatfox.ch/de/wohnung/av-de-granges-paccot-9-1700-freiburg/85761696/,2026-05-17T01:50:11+00:00,17.51685393258427
85761709,1307 Lussery-Villars - CHF 2’850,2850,5.5,150.0,1307,Lussery-Villars,Vaud,,APARTMENT,46.63464293874982,6.5250430266761485,https://flatfox.ch/de/wohnung/1307-lussery-villars/85761709/,2026-05-17T01:50:11+00:00,19.0
85761751,"Chemin de la forge 15, 1863 Le Sépey - CHF 1’300",1300,3.5,75.0,1863,Le Sépey,Vaud,Chemin de la forge 15,APARTMENT,46.36269996,7.051986899999999,https://flatfox.ch/de/wohnung/chemin-de-la-forge-15-1863-le-sepey/85761751/,2026-05-17T01:50:11+00:00,17.333333333333332
85761754,"Rue Lombarde 14, 1964 Conthey - CHF 1’000",1000,3.5,70.0,1964,Conthey,Valais,Rue Lombarde 14,APARTMENT,46.23224694,7.30187253,https://flatfox.ch/de/wohnung/rue-lombarde-14-1964-conthey/85761754/,2026-05-17T01:50:11+00:00,14.285714285714286
85761992,"Chemin du Croset 8, 1024 Ecublens - CHF 1’310 inkl. NK pro Monat",1310,1.5,36.0,1024,Ecublens,Vaud,Chemin du Croset 8,APARTMENT,46.53597777,6.56311251,https://flatfox.ch/de/wohnung/chemin-du-croset-8-1024-ecublens/85761992/,2026-05-17T01:50:11+00:00,36.388888888888886
85762084,"Chemin de la Fin 2, 1803 Chardonne - CHF 2’830",2830,4.0,101.0,1803,Chardonne,Vaud,Chemin de la Fin 2,APARTMENT,46.47237076,6.82125189,https://flatfox.ch/de/wohnung/chemin-de-la-fin-2-1803-chardonne/85762084/,2026-05-17T01:50:11+00:00,28.019801980198018
85762085,"Impasse de la Forêt 8, 1700 Fribourg - CHF 1’350",1350,3.5,62.0,1700,Fribourg,Fribourg,Impasse de la Forêt 8,APARTMENT,46.81232684,7.17176021,https://flatfox.ch/de/wohnung/impasse-de-la-foret-8-1700-fribourg/85762085/,2026-05-17T01:50:11+00:00,21.774193548387096
85762405,"Dorfstrasse 8, 3123 Belp - CHF 1’590 inkl. NK pro Monat",1590,3.0,97.0,3123,Belp,Bern,Dorfstrasse 8,APARTMENT,46.89334537,7.498146699999999,https://flatfox.ch/de/wohnung/dorfstrasse-8-3123-belp/85762405/,2026-05-17T01:50:11+00:00,16.391752577319586
85763442,"Hinderdorf 20, 4424 Arboldswil - CHF 2’230 inkl. NK pro Monat",2230,3.5,124.0,4424,Arboldswil,Basel-Landschaft,Hinderdorf 20,DUPLEX,47.41496692,7.715294699999999,https://flatfox.ch/de/wohnung/hinderdorf-20-4424-arboldswil/85763442/,2026-05-17T01:50:11+00:00,17.983870967741936
85763632,"Hasenbühlweg 10, 8302 Kloten - CHF 5’300 inkl. NK pro Monat",5300,6.5,190.0,8302,Kloten,Zurich,Hasenbühlweg 10,APARTMENT,47.44361290000002,8.58065256,https://flatfox.ch/de/wohnung/hasenbuhlweg-10-8302-kloten/85763632/,2026-05-17T01:50:11+00:00,27.894736842105264
85763666,"Fritz Fleiner - Weg 11, 8044 Zürich - CHF 4’990 inkl. NK pro Monat",4990,3.5,114.0,8044,Zürich,Zurich,Fritz Fleiner - Weg 11,APARTMENT,47.38130778,8.56223573,https://flatfox.ch/de/wohnung/fritz-fleiner-weg-11-8044-zurich/85763666/,2026-05-17T01:50:11+00:00,43.771929824561404
85763674,"Rte Sainte Thérèse 2d, 1700 Fribourg - CHF 2’810 inkl. NK pro Monat",2810,4.5,131.0,1700,Fribourg,Fribourg,Rte Sainte Thérèse 2d,APARTMENT,46.81023758,7.149023499999999,https://flatfox.ch/de/wohnung/rte-sainte-therese-2d-1700-fribourg/85763674/,2026-05-17T01:50:11+00:00,21.450381679389313
85763677,"Pierrefleur 30, 1004 Lausanne - CHF 3’280 inkl. NK pro Monat",3280,6.0,122.0,1004,Lausanne,Vaud,Pierrefleur 30,APARTMENT,46.53488899,6.61666353,https://flatfox.ch/de/wohnung/pierrefleur-30-1004-lausanne/85763677/,2026-05-17T01:50:11+00:00,26.885245901639344
85763739,"Avenue Pictet-de-Rochemont 33, 1207 Genève - CHF 1’905 inkl. NK pro Monat",1905,1.0,50.0,1207,Genève,Geneva,Avenue Pictet-de-Rochemont 33,STUDIO,46.20037831,6.1628667,https://flatfox.ch/de/wohnung/avenue-pictet-de-rochemont-33-1207-geneve/85763739/,2026-05-17T01:50:11+00:00,38.1
85764090,"Bergacher, 8630 Rüti ZH - CHF 1’500",1500,1.5,35.0,8630,Rüti ZH,Zurich,Bergacher,APARTMENT,47.25096148,8.85572688,https://flatfox.ch/de/wohnung/bergacher-8630-ruti-zh/85764090/,2026-05-17T01:50:11+00:00,42.857142857142854
85764128,"Kiesacker, 8340 Hinwil - CHF 2’480",2480,4.5,130.0,8340,Hinwil,Zurich,Kiesacker,APARTMENT,47.28914939,8.85769792,https://flatfox.ch/de/wohnung/kiesacker-8340-hinwil/85764128/,2026-05-17T01:50:11+00:00,19.076923076923077
85764167,"Dorfstrasse 10, 8904 Aesch ZH - CHF 1’620",1620,2.0,55.0,8904,Aesch ZH,Zurich,Dorfstrasse 10,APARTMENT,47.3371938,8.437976599999999,https://flatfox.ch/de/wohnung/dorfstrasse-10-8904-aesch-zh/85764167/,2026-05-17T01:50:11+00:00,29.454545454545453
85764180,"Mülligerstrasse 4, 5413 Birmenstorf AG - CHF 2’600",2600,4.5,114.0,5413,Birmenstorf AG,Aargau,Mülligerstrasse 4,APARTMENT,47.46118663,8.24366188,https://flatfox.ch/de/wohnung/mulligerstrasse-4-5413-birmenstorf-ag/85764180/,2026-05-17T01:50:11+00:00,22.80701754385965
85764243,"Via Torrazza 49 Caslano, 6987 Caslano - CHF 2’600",2600,3.0,110.0,6987,Caslano,Ticino,Via Torrazza 49 Caslano,APARTMENT,45.9615177,8.8719791,https://flatfox.ch/de/wohnung/via-torrazza-49-caslano-6987-caslano/85764243/,2026-05-17T01:50:13+00:00,23.636363636363637
85764255,"Via Soldini 41, 6830 Chiasso - CHF 688",688,2.0,45.0,6830,Chiasso,Ticino,Via Soldini 41,APARTMENT,45.83425993,9.02039671,https://flatfox.ch/de/wohnung/via-soldini-41-6830-chiasso/85764255/,2026-05-17T01:50:13+00:00,15.28888888888889
85764299,1530 Payerne - CHF 1’730,1730,3.5,86.0,1530,Payerne,Vaud,,APARTMENT,46.834183328024864,6.928927005505984,https://flatfox.ch/de/wohnung/1530-payerne/85764299/,2026-05-17T01:50:13+00:00,20.11627906976744
85764326,"Avry-Bourg, 1754 Corjolens - CHF 1’400",1400,2.0,65.0,1754,Corjolens,Fribourg,Avry-Bourg,APARTMENT,46.78559341,7.045537899999999,https://flatfox.ch/de/wohnung/avry-bourg-1754-corjolens/85764326/,2026-05-17T01:50:13+00:00,21.53846153846154
85764334,"Rue du Progrès 6, 2300 La Cibourg - CHF 1’050",1050,2.5,60.0,2300,La Cibourg,Neuchâtel,Rue du Progrès 6,APARTMENT,47.10687161,6.82936328,https://flatfox.ch/de/wohnung/rue-du-progres-6-2300-la-cibourg/85764334/,2026-05-17T01:50:13+00:00,17.5
85764455,"Via Generale Guisan 10, 6710 Biasca - CHF 1’350 inkl. NK pro Monat",1350,3.5,70.0,6710,Biasca,Ticino,Via Generale Guisan 10,APARTMENT,46.35796980000001,8.96954927,https://flatfox.ch/de/wohnung/via-generale-guisan-10-6710-biasca/85764455/,2026-05-17T01:50:13+00:00,19.285714285714285
85764538,"Via Generale Guisan 10, 6710 Biasca - CHF 1’090 inkl. NK pro Monat",1090,2.5,60.0,6710,Biasca,Ticino,Via Generale Guisan 10,APARTMENT,46.35796980000001,8.96954927,https://flatfox.ch/de/wohnung/via-generale-guisan-10-6710-biasca/85764538/,2026-05-17T01:50:13+00:00,18.166666666666668
85764892,"Güterstrasse 1, 8406 Winterthur - CHF 1’980 inkl. NK pro Monat",1980,1.5,55.0,8406,Winterthur,Zurich,Güterstrasse 1,APARTMENT,47.49022710000001,8.71000496,https://flatfox.ch/de/wohnung/guterstrasse-1-8406-winterthur/85764892/,2026-05-17T01:50:13+00:00,36.0
85765438,"Via In Gradisceta 1, 6900 Lugano - CHF 1’700",1700,4.5,100.0,6900,Lugano,Ticino,Via In Gradisceta 1,APARTMENT,46.00283531,8.86260823,https://flatfox.ch/de/wohnung/via-in-gradisceta-1-6900-lugano/85765438/,2026-05-17T01:50:15+00:00,17.0
85765451,"Bisträssli 9, 7252 Klosters Dorf - CHF 1’950",1950,5.0,87.0,7252,Klosters Dorf,Graubünden,Bisträssli 9,APARTMENT,46.88429946,9.87402613,https://flatfox.ch/de/wohnung/bistrassli-9-7252-klosters-dorf/85765451/,2026-05-17T01:50:15+00:00,22.413793103448278
85765454,"piazza Filippo Franzoni 1, 6600 Muralto - CHF 2’100",2100,5.0,140.0,6600,Muralto,Ticino,piazza Filippo Franzoni 1,APARTMENT,46.1707519,8.799520099999999,https://flatfox.ch/de/wohnung/piazza-filippo-franzoni-1-6600-muralto/85765454/,2026-05-17T01:50:15+00:00,15.0
85765457,"via al Doyro 1 b, 6815 Melide - CHF 2’200",2200,3.5,98.0,6815,Melide,Ticino,via al Doyro 1 b,APARTMENT,45.95312382,8.94487615,https://flatfox.ch/de/wohnung/via-al-doyro-1-b-6815-melide/85765457/,2026-05-17T01:50:15+00:00,22.448979591836736
85765461,"Veltur 28, 9475 Sevelen - CHF 1’500",1500,3.5,70.0,9475,Sevelen,St. Gallen,Veltur 28,APARTMENT,47.1233491,9.4871814,https://flatfox.ch/de/wohnung/veltur-28-9475-sevelen/85765461/,2026-05-17T01:50:15+00:00,21.428571428571427
85765462,"Mühleweg 15, 3904 Naters - CHF 2’650",2650,5.0,127.0,3904,Naters,Valais,Mühleweg 15,APARTMENT,46.3214114,7.98475543,https://flatfox.ch/de/wohnung/muhleweg-15-3904-naters/85765462/,2026-05-17T01:50:15+00:00,20.866141732283463
85765488,8055 Zürich - CHF 2’441,2441,2.5,65.0,8055,Zürich,Zurich,,APARTMENT,47.3627740222904,8.493690106815334,https://flatfox.ch/de/wohnung/8055-zurich/85765488/,2026-05-17T01:50:15+00:00,37.55384615384615
85765493,6512 Giubiasco - CHF 2’100,2100,4.5,110.0,6512,Giubiasco,Ticino,,APARTMENT,46.17356946425296,9.002675002696433,https://flatfox.ch/de/wohnung/6512-giubiasco/85765493/,2026-05-17T01:50:15+00:00,19.09090909090909
85765499,"Via rascai 11, 6707 Iragna - CHF 1’100",1100,2.5,62.0,6707,Iragna,Ticino,Via rascai 11,APARTMENT,46.32863965,8.9681627,https://flatfox.ch/de/wohnung/via-rascai-11-6707-iragna/85765499/,2026-05-17T01:50:15+00:00,17.741935483870968
85765504,"Alter Schützenweg 2a, 5702 Niederlenz - CHF 1’450",1450,3.0,61.0,5702,Niederlenz,Aargau,Alter Schützenweg 2a,APARTMENT,47.4067098,8.17556399,https://flatfox.ch/de/wohnung/alter-schutzenweg-2a-5702-niederlenz/85765504/,2026-05-17T01:50:15+00:00,23.770491803278688
85765510,"Freiestrasse 54, 8570 Weinfelden - CHF 1’340",1340,3.0,65.0,8570,Weinfelden,Thurgau,Freiestrasse 54,APARTMENT,47.56254047,9.1195359,https://flatfox.ch/de/wohnung/freiestrasse-54-8570-weinfelden/85765510/,2026-05-17T01:50:15+00:00,20.615384615384617
85765516,"Kollikerstrasse 2A, 5036 Oberentfelden - CHF 1’500",1500,3.5,80.0,5036,Oberentfelden,Aargau,Kollikerstrasse 2A,APARTMENT,47.3559148,8.04610638,https://flatfox.ch/de/wohnung/kollikerstrasse-2a-5036-oberentfelden/85765516/,2026-05-17T01:50:15+00:00,18.75
85765538,"Rue pre fleuri, 1950 Sitten - CHF 1’950",1950,5.0,150.0,1950,Sitten,Valais,Rue pre fleuri,APARTMENT,46.22396059,7.28929718,https://flatfox.ch/de/wohnung/rue-pre-fleuri-1950-sitten/85765538/,2026-05-17T01:50:15+00:00,13.0
85765559,1762 Givisiez - CHF 1’100,1100,1.0,38.0,1762,Givisiez,Fribourg,,APARTMENT,46.81481482541079,7.124520288469714,https://flatfox.ch/de/wohnung/1762-givisiez/85765559/,2026-05-17T01:50:15+00:00,28.94736842105263
85765591,1800 Vevey - CHF 3’300,3300,4.5,120.0,1800,Vevey,Vaud,,APARTMENT,46.4633426164328,6.847824842915407,https://flatfox.ch/de/wohnung/1800-vevey/85765591/,2026-05-17T01:50:15+00:00,27.5
85765970,"Gerbergasse 26, 4051 Basel - CHF 1’670 inkl. NK pro Monat",1670,1.5,51.0,4051,Basel,Basel-Stadt,Gerbergasse 26,APARTMENT,47.556789,7.58815697,https://flatfox.ch/de/wohnung/gerbergasse-26-4051-basel/85765970/,2026-05-17T01:50:15+00:00,32.745098039215684
85766115,"Hegenheimermattweg 28, 4123 Allschwil - CHF 2’200 inkl. NK pro Monat",2200,4.5,82.0,4123,Allschwil,Basel-Landschaft,Hegenheimermattweg 28,APARTMENT,47.5531773,7.5416566,https://flatfox.ch/de/wohnung/hegenheimermattweg-28-4123-allschwil/85766115/,2026-05-17T01:50:15+00:00,26.829268292682926
85766332,"Fraumattstrasse 4, 4410 Liestal - CHF 1’990 inkl. NK pro Monat",1990,4.5,77.0,4410,Liestal,Basel-Landschaft,Fraumattstrasse 4,APARTMENT,47.49203865,7.729664799999999,https://flatfox.ch/de/wohnung/fraumattstrasse-4-4410-liestal/85766332/,2026-05-17T01:50:15+00:00,25.844155844155843
85766424,"Gutenbergstr. 39, 3011 Bern - CHF 1’845 inkl. NK pro Monat",1845,2.5,51.0,3011,Bern,Bern,Gutenbergstr. 39,APARTMENT,46.94324712,7.433970500000002,https://flatfox.ch/de/wohnung/gutenbergstr-39-3011-bern/85766424/,2026-05-17T01:50:15+00:00,36.1764705882353
85766822,"Schützengraben 7, 4051 Basel - CHF 2’705 inkl. NK pro Monat",2705,4.5,102.0,4051,Basel,Basel-Stadt,Schützengraben 7,APARTMENT,47.55555327,7.58307398,https://flatfox.ch/de/wohnung/schutzengraben-7-4051-basel/85766822/,2026-05-17T01:50:15+00:00,26.519607843137255
85767015,"Hauptstrasse 18, 8376 Fischingen - CHF 1’890 inkl. NK pro Monat",1890,3.5,103.0,8376,Fischingen,Thurgau,Hauptstrasse 18,APARTMENT,47.41645041,8.96885092,https://flatfox.ch/de/wohnung/hauptstrasse-18-8376-fischingen/85767015/,2026-05-17T01:50:15+00:00,18.349514563106798
85767031,"Hauptstrasse 18, 8376 Fischingen - CHF 2’070 inkl. NK pro Monat",2070,4.5,105.0,8376,Fischingen,Thurgau,Hauptstrasse 18,APARTMENT,47.41645041,8.96885092,https://flatfox.ch/de/wohnung/hauptstrasse-18-8376-fischingen/85767031/,2026-05-17T01:50:15+00:00,19.714285714285715
85767228,"Route d'Eguechaudens 12, 1030 Bussigny - CHF 2’050 inkl. NK pro Monat",2050,2.5,54.0,1030,Bussigny,Vaud,Route d'Eguechaudens 12,APARTMENT,46.54672165,6.55579184,https://flatfox.ch/de/wohnung/route-deguechaudens-12-1030-bussigny/85767228/,2026-05-17T01:50:16+00:00,37.96296296296296
85767348,"Steinentorstrasse 26, 4051 Basel - CHF 1’040 inkl. NK pro Monat",1040,1.0,28.0,4051,Basel,Basel-Stadt,Steinentorstrasse 26,APARTMENT,47.55167331,7.58847686,https://flatfox.ch/de/wohnung/steinentorstrasse-26-4051-basel/85767348/,2026-05-17T01:50:16+00:00,37.142857142857146
85767463,"Route de Freney 6b, 1898 St-Gingolph - CHF 1’490",1490,3.0,55.0,1898,St-Gingolph,Valais,Route de Freney 6b,APARTMENT,46.38993039,6.803208499999999,https://flatfox.ch/de/wohnung/route-de-freney-6b-1898-st-gingolph/85767463/,2026-05-17T01:50:16+00:00,27.09090909090909
85767475,7315 Vättis - CHF 1’875 inkl. NK pro Monat,1875,2.5,64.0,7315,Vättis,St. Gallen,,FURNISHED_FLAT,46.909320933798725,9.440247348111727,https://flatfox.ch/de/wohnung/7315-vattis/85767475/,2026-05-17T01:50:16+00:00,29.296875
85767579,"Via delle Aie 4, 6900 Lugano - CHF 840",840,1.0,20.0,6900,Lugano,Ticino,Via delle Aie 4,SINGLE_ROOM,46.01550418,8.957895599999999,https://flatfox.ch/de/wohnung/via-delle-aie-4-6900-lugano/85767579/,2026-05-17T01:50:16+00:00,42.0
85767580,"Via delle Aie 4, 6900 Lugano - CHF 840",840,1.0,20.0,6900,Lugano,Ticino,Via delle Aie 4,SINGLE_ROOM,46.01550418,8.957895599999999,https://flatfox.ch/de/wohnung/via-delle-aie-4-6900-lugano/85767580/,2026-05-17T01:50:16+00:00,42.0
85767592,"Schützengraben 9, 4051 Basel - CHF 2’060 inkl. NK pro Monat",2060,3.5,75.0,4051,Basel,Basel-Stadt,Schützengraben 9,APARTMENT,47.55555681,7.582787699999999,https://flatfox.ch/de/wohnung/schutzengraben-9-4051-basel/85767592/,2026-05-17T01:50:16+00:00,27.466666666666665
85767641,"Sägetstrasse 82a, 4802 Strengelbach - CHF 2’980 inkl. NK pro Monat",2980,4.5,170.0,4802,Strengelbach,Aargau,Sägetstrasse 82a,APARTMENT,47.28897052,7.92415229,https://flatfox.ch/de/wohnung/sagetstrasse-82a-4802-strengelbach/85767641/,2026-05-17T01:50:16+00:00,17.529411764705884
85767685,"Via San Gottardo 40, 6710 Biasca - CHF 1’440",1440,3.5,73.0,6710,Biasca,Ticino,Via San Gottardo 40,APARTMENT,46.36015489,8.9648346,https://flatfox.ch/de/wohnung/via-san-gottardo-40-6710-biasca/85767685/,2026-05-17T01:50:16+00:00,19.726027397260275
85767696,"Russenweg 5, 8008 Zürich - CHF 4’230",4230,3.5,130.0,8008,Zürich,Zurich,Russenweg 5,APARTMENT,47.35687242,8.57272457,https://flatfox.ch/de/wohnung/russenweg-5-8008-zurich/85767696/,2026-05-17T01:50:16+00:00,32.53846153846154
85767799,"Schönbühl, 3322 Urtenen-Schönbühl - CHF 450",450,1.0,15.0,3322,Urtenen-Schönbühl,Bern,Schönbühl,APARTMENT,47.0205678,7.499724,https://flatfox.ch/de/wohnung/schonbuhl-3322-urtenen-schonbuhl/85767799/,2026-05-17T01:50:16+00:00,30.0
85767824,"Via solaria 11, 6648 Minusio - CHF 1’230",1230,2.0,51.0,6648,Minusio,Ticino,Via solaria 11,APARTMENT,46.17645014,8.81301076,https://flatfox.ch/de/wohnung/via-solaria-11-6648-minusio/85767824/,2026-05-17T01:50:16+00:00,24.11764705882353
85767825,"Arbedo, 6500 Bellinzona - CHF 1’425",1425,3.5,100.0,6500,Bellinzona,Ticino,Arbedo,APARTMENT,46.19385147,9.02377041,https://flatfox.ch/de/wohnung/arbedo-6500-bellinzona/85767825/,2026-05-17T01:50:16+00:00,14.25
85767834,"Vicolo dei Saroli 1, 6944 Cureglia - CHF 1’500",1500,4.0,86.0,6944,Cureglia,Ticino,Vicolo dei Saroli 1,APARTMENT,46.03733783,8.94461981,https://flatfox.ch/de/wohnung/vicolo-dei-saroli-1-6944-cureglia/85767834/,2026-05-17T01:50:16+00:00,17.441860465116278
85767837,"Weiherweg 5, 3267 Seedorf BE - CHF 1’605",1605,4.5,120.0,3267,Seedorf BE,Bern,Weiherweg 5,APARTMENT,47.02884359,7.316836299999999,https://flatfox.ch/de/wohnung/weiherweg-5-3267-seedorf-be/85767837/,2026-05-17T01:50:16+00:00,13.375
85767916,"Dorfstrasse 4a, 8352 Ricketwil (Winterthur) - CHF 2’300",2300,4.0,115.0,8352,Ricketwil (Winterthur),Zurich,Dorfstrasse 4a,APARTMENT,47.50577741,8.80154991,https://flatfox.ch/de/wohnung/dorfstrasse-4a-8352-ricketwil-winterthur/85767916/,2026-05-17T01:50:16+00:00,20.0
85767935,"Betzikerstrasse 4, 8340 Hinwil - CHF 2’318",2318,3.5,90.0,8340,Hinwil,Zurich,Betzikerstrasse 4,APARTMENT,47.29775489,8.84921458,https://flatfox.ch/de/wohnung/betzikerstrasse-4-8340-hinwil/85767935/,2026-05-17T01:50:16+00:00,25.755555555555556
85767976,8586 Andwil TG - CHF 950,950,1.5,35.0,8586,Andwil TG,Thurgau,,APARTMENT,47.56700087464981,9.215349592871329,https://flatfox.ch/de/wohnung/8586-andwil-tg/85767976/,2026-05-17T01:50:18+00:00,27.142857142857142
85768013,"Krähenbergstrasse 1, 2543 Lengnau BE - CHF 2’200",2200,4.5,120.0,2543,Lengnau BE,Bern,Krähenbergstrasse 1,APARTMENT,47.18436351,7.369177899999999,https://flatfox.ch/de/wohnung/krahenbergstrasse-1-2543-lengnau-be/85768013/,2026-05-17T01:50:18+00:00,18.333333333333332
85768089,"Blattenstrasse 11, 3904 Naters - CHF 1’900",1900,4.5,90.0,3904,Naters,Valais,Blattenstrasse 11,APARTMENT,46.327188700000015,7.990227399999999,https://flatfox.ch/de/wohnung/blattenstrasse-11-3904-naters/85768089/,2026-05-17T01:50:18+00:00,21.11111111111111
85768096,"Blignou, 1966 Argnou (Ayent) - CHF 2’250",2250,3.5,120.0,1966,Argnou (Ayent),Valais,Blignou,APARTMENT,46.3174029,7.426239999999999,https://flatfox.ch/de/wohnung/blignou-1966-argnou-ayent/85768096/,2026-05-17T01:50:18+00:00,18.75
85768116,"Lehnrüttiweg 3, 4702 Oensingen - CHF 1’550 inkl. NK pro Monat",1550,3.5,85.0,4702,Oensingen,Solothurn,Lehnrüttiweg 3,APARTMENT,47.2835065,7.70403161,https://flatfox.ch/de/wohnung/lehnruttiweg-3-4702-oensingen/85768116/,2026-05-17T01:50:18+00:00,18.235294117647058
85768138,"Gitterlistrasse 7, 4410 Liestal - CHF 2’160 inkl. NK pro Monat",2160,4.5,116.0,4410,Liestal,Basel-Landschaft,Gitterlistrasse 7,APARTMENT,47.48003017,7.739676100000001,https://flatfox.ch/de/wohnung/gitterlistrasse-7-4410-liestal/85768138/,2026-05-17T01:50:18+00:00,18.620689655172413
85768186,"Burgerstrasse 21, 3600 Thun - CHF 1’790 inkl. NK pro Monat",1790,3.5,78.0,3600,Thun,Bern,Burgerstrasse 21,APARTMENT,46.74697397,7.61350289,https://flatfox.ch/de/wohnung/burgerstrasse-21-3600-thun/85768186/,2026-05-17T01:50:18+00:00,22.94871794871795
85768732,"Heuweg 3/5, 5032 Aarau Rohr - CHF 1’504 inkl. NK pro Monat",1504,2.5,69.0,5032,Aarau Rohr,Aargau,Heuweg 3/5,APARTMENT,47.39889695,8.07391262,https://flatfox.ch/de/wohnung/heuweg-35-5032-aarau-rohr/85768732/,2026-05-17T01:50:18+00:00,21.797101449275363
85768747,"Rte des Gouttes d'Or 20c, 2000 Neuchâtel - CHF 2’290 inkl. NK pro Monat",2290,2.5,70.0,2000,Neuchâtel,Neuchâtel,Rte des Gouttes d'Or 20c,ATTIC_FLAT,47.00618044,6.96496191,https://flatfox.ch/de/wohnung/rte-des-gouttes-dor-20c-2000-neuchatel/85768747/,2026-05-17T01:50:18+00:00,32.714285714285715
85768752,"Rte Sainte Thérèse 2a, 1700 Fribourg - CHF 2’390 inkl. NK pro Monat",2390,4.5,100.0,1700,Fribourg,Fribourg,Rte Sainte Thérèse 2a,APARTMENT,46.81007061,7.14804021,https://flatfox.ch/de/wohnung/rte-sainte-therese-2a-1700-fribourg/85768752/,2026-05-17T01:50:18+00:00,23.9
85768779,"Rte des Grives 7, 1763 Granges-Paccot - CHF 1’560 inkl. NK pro Monat",1560,2.5,59.0,1763,Granges-Paccot,Fribourg,Rte des Grives 7,APARTMENT,46.82049449,7.150146599999999,https://flatfox.ch/de/wohnung/rte-des-grives-7-1763-granges-paccot/85768779/,2026-05-17T01:50:18+00:00,26.440677966101696
85768838,"Lischenweg 21, 2500 Biel/Bienne - CHF 1’280 inkl. NK pro Monat",1280,3.0,66.0,2500,Biel/Bienne,Bern,Lischenweg 21,APARTMENT,47.12652564,7.25718647,https://flatfox.ch/de/wohnung/lischenweg-21-2500-bielbienne/85768838/,2026-05-17T01:50:21+00:00,19.393939393939394
85768908,1967 Bramois - CHF 1’500,1500,2.5,65.0,1967,Bramois,Valais,,APARTMENT,46.23344316393353,7.405692883868365,https://flatfox.ch/de/wohnung/1967-bramois/85768908/,2026-05-17T01:50:21+00:00,23.076923076923077
85769402,"Via San Gottardo 15, 6900 Lugano - CHF 1’350",1350,2.5,50.0,6900,Lugano,Ticino,Via San Gottardo 15,APARTMENT,46.00725718,8.947475899999999,https://flatfox.ch/de/wohnung/via-san-gottardo-15-6900-lugano/85769402/,2026-05-17T01:50:21+00:00,27.0
85769445,"Via San Nicolao, 6816 Bissone - CHF 1’780",1780,2.5,60.0,6816,Bissone,Ticino,Via San Nicolao,APARTMENT,45.9525462,8.96641661,https://flatfox.ch/de/wohnung/via-san-nicolao-6816-bissone/85769445/,2026-05-17T01:50:21+00:00,29.666666666666668
85769465,"Avenue des Gittaz 5, 1450 Sainte-Croix - CHF 1’050 inkl. NK pro Monat",1050,3.0,71.0,1450,Sainte-Croix,Vaud,Avenue des Gittaz 5,APARTMENT,46.82228527,6.496453499999999,https://flatfox.ch/de/wohnung/avenue-des-gittaz-5-1450-sainte-croix/85769465/,2026-05-17T01:50:21+00:00,14.788732394366198
85769800,"St. Georgenstrasse 100a, 9011 St. Gallen - CHF 1’400 inkl. NK pro Monat",1400,3.0,71.0,9011,St. Gallen,St. Gallen,St. Georgenstrasse 100a,APARTMENT,47.41540065,9.3830877,https://flatfox.ch/de/wohnung/st-georgenstrasse-100a-9011-st-gallen/85769800/,2026-05-17T01:50:21+00:00,19.718309859154928
85769895,"Im Gassacher 15, 8307 Effretikon - CHF 3’000",3000,4.5,115.0,8307,Effretikon,Zurich,Im Gassacher 15,APARTMENT,47.4261433,8.694965999999999,https://flatfox.ch/de/wohnung/im-gassacher-15-8307-effretikon/85769895/,2026-05-17T01:50:21+00:00,26.08695652173913
85769917,"Stockweg 6, 2557 Studen - CHF 1’780",1780,2.5,59.0,2557,Studen,Bern,Stockweg 6,ATTIC_FLAT,47.1179209,7.2936846,https://flatfox.ch/de/wohnung/stockweg-6-2557-studen/85769917/,2026-05-17T01:50:21+00:00,30.16949152542373
85770234,"Milcherweg 17, 4436 Oberdorf - CHF 1’390 inkl. NK pro Monat",1390,4.0,76.0,4436,Oberdorf,Basel-Landschaft,Milcherweg 17,APARTMENT,47.39397857,7.7546472,https://flatfox.ch/de/wohnung/milcherweg-17-4436-oberdorf/85770234/,2026-05-17T01:50:21+00:00,18.289473684210527
85770463,"Spinnereistrasse 14, 5210 Windisch - CHF 1’665",1665,2.5,55.0,5210,Windisch,Aargau,Spinnereistrasse 14,APARTMENT,47.48223822,8.2327096,https://flatfox.ch/de/wohnung/spinnereistrasse-14-5210-windisch/85770463/,2026-05-17T01:50:21+00:00,30.272727272727273
85770481,"St. Niklausstrasse , 2, 3425 Koppigen - CHF 1’780",1780,4.5,100.0,3425,Koppigen,Bern,"St. Niklausstrasse , 2",APARTMENT,47.13050091,7.60907237,https://flatfox.ch/de/wohnung/st-niklausstrasse-2-3425-koppigen/85770481/,2026-05-17T01:50:23+00:00,17.8
85770578,"Mettlenweg 100, 2500 Biel/Bienne - CHF 1’450 inkl. NK pro Monat",1450,4.0,77.0,2500,Biel/Bienne,Bern,Mettlenweg 100,APARTMENT,47.15284020000002,7.28612316,https://flatfox.ch/de/wohnung/mettlenweg-100-2500-bielbienne/85770578/,2026-05-17T01:50:23+00:00,18.83116883116883
85770673,"Daniel jean richard 15, 2400 Le Locle - CHF 890",890,3.5,80.0,2400,Le Locle,Neuchâtel,Daniel jean richard 15,APARTMENT,47.05807911,6.750326900000002,https://flatfox.ch/de/wohnung/daniel-jean-richard-15-2400-le-locle/85770673/,2026-05-17T01:50:23+00:00,11.125
85770917,"Niederbürerstrasse 38b, 9220 Bischofszell - CHF 1’680 inkl. NK pro Monat",1680,3.5,93.0,9220,Bischofszell,Thurgau,Niederbürerstrasse 38b,APARTMENT,47.48876299,9.23271021,https://flatfox.ch/de/wohnung/niederburerstrasse-38b-9220-bischofszell/85770917/,2026-05-17T01:50:23+00:00,18.06451612903226
85770989,"Beundenstrasse 1, 2543 Lengnau BE - CHF 1’190 inkl. NK pro Monat",1190,2.0,50.0,2543,Lengnau BE,Bern,Beundenstrasse 1,APARTMENT,47.18362498,7.36735829,https://flatfox.ch/de/wohnung/beundenstrasse-1-2543-lengnau-be/85770989/,2026-05-17T01:50:23+00:00,23.8
85771060,"Beundenstrasse 1, 2543 Lengnau BE - CHF 1’270 inkl. NK pro Monat",1270,3.0,72.0,2543,Lengnau BE,Bern,Beundenstrasse 1,APARTMENT,47.18362498,7.36735829,https://flatfox.ch/de/wohnung/beundenstrasse-1-2543-lengnau-be/85771060/,2026-05-17T01:50:23+00:00,17.63888888888889
85771114,8864 Reichenburg - CHF 1’680 inkl. NK pro Monat,1680,1.0,35.0,8864,Reichenburg,Schwyz,,FURNISHED_FLAT,47.16148344593339,8.970210694609795,https://flatfox.ch/de/wohnung/8864-reichenburg/85771114/,2026-05-17T01:50:23+00:00,48.0
85771299,"Gutenbergstrasse 33, 3011 Bern - CHF 2’720 inkl. NK pro Monat",2720,3.5,92.0,3011,Bern,Bern,Gutenbergstrasse 33,ROOF_FLAT,46.94372467,7.434705399999999,https://flatfox.ch/de/wohnung/gutenbergstrasse-33-3011-bern/85771299/,2026-05-17T01:50:23+00:00,29.565217391304348
85771416,"Vicolo Sasso Fenduto 3, 6596 Gordola - CHF 3’200",3200,5.5,150.0,6596,Gordola,Ticino,Vicolo Sasso Fenduto 3,APARTMENT,46.18103243,8.87992957,https://flatfox.ch/de/wohnung/vicolo-sasso-fenduto-3-6596-gordola/85771416/,2026-05-17T01:50:23+00:00,21.333333333333332
85771429,"Rehetobelstrasse 4, 8722 Kaltbrunn - CHF 550",550,1.0,24.0,8722,Kaltbrunn,St. Gallen,Rehetobelstrasse 4,SINGLE_ROOM,47.43298421,9.40020961,https://flatfox.ch/de/wohnung/rehetobelstrasse-4-8722-kaltbrunn/85771429/,2026-05-17T01:50:23+00:00,22.916666666666668
85771430,"Menzikerstrasse 16, 6221 Rickenbach LU - CHF 940",940,2.0,50.0,6221,Rickenbach LU,Lucerne,Menzikerstrasse 16,APARTMENT,47.22229336,8.15785626,https://flatfox.ch/de/wohnung/menzikerstrasse-16-6221-rickenbach-lu/85771430/,2026-05-17T01:50:23+00:00,18.8
85771433,"Hauptstrasse 74, 9658 Wildhaus - CHF 1’150",1150,2.5,54.0,9658,Wildhaus,St. Gallen,Hauptstrasse 74,APARTMENT,47.19863864,9.32040479,https://flatfox.ch/de/wohnung/hauptstrasse-74-9658-wildhaus/85771433/,2026-05-17T01:50:23+00:00,21.296296296296298
85771468,3076 Worb - CHF 1’390,1390,2.5,55.0,3076,Worb,Bern,,APARTMENT,46.93056467055655,7.561072093433907,https://flatfox.ch/de/wohnung/3076-worb/85771468/,2026-05-17T01:50:23+00:00,25.272727272727273
85771469,"Zilmattstrasse 103, 3255 Rapperswil BE - CHF 2’530",2530,4.0,120.0,3255,Rapperswil BE,Bern,Zilmattstrasse 103,APARTMENT,47.06492994,7.41103852,https://flatfox.ch/de/wohnung/zilmattstrasse-103-3255-rapperswil-be/85771469/,2026-05-17T01:50:23+00:00,21.083333333333332
85771471,"Via montarinetta 1A, 6900 Lugano - CHF 850",850,1.0,27.0,6900,Lugano,Ticino,Via montarinetta 1A,APARTMENT,46.00527861,8.94530733,https://flatfox.ch/de/wohnung/via-montarinetta-1a-6900-lugano/85771471/,2026-05-17T01:50:23+00:00,31.48148148148148
85771517,"Grand-Rue 3, 1188 St-George - CHF 2’500",2500,4.0,70.0,1188,St-George,Vaud,Grand-Rue 3,APARTMENT,46.51347531,6.260079999999999,https://flatfox.ch/de/wohnung/grand-rue-3-1188-st-george/85771517/,2026-05-17T01:50:23+00:00,35.714285714285715
85771546,"Rte de la Gare 26, 1785 Cressier FR - CHF 1’250",1250,3.0,50.0,1785,Cressier FR,Fribourg,Rte de la Gare 26,APARTMENT,46.89889241,7.14253324,https://flatfox.ch/de/wohnung/rte-de-la-gare-26-1785-cressier-fr/85771546/,2026-05-17T01:50:23+00:00,25.0
85771550,"Grünenbodenweg 17, 3004 Bern - CHF 2’050",2050,2.5,60.0,3004,Bern,Bern,Grünenbodenweg 17,APARTMENT,46.92512891,7.440028099999999,https://flatfox.ch/de/wohnung/grunenbodenweg-17-3004-bern/85771550/,2026-05-17T01:50:23+00:00,34.166666666666664
85771551,"Route du Lavapesson 23, 1763 Granges-Paccot - CHF 610",610,1.0,19.0,1763,Granges-Paccot,Fribourg,Route du Lavapesson 23,SINGLE_ROOM,46.82329530000001,7.14554222,https://flatfox.ch/de/wohnung/route-du-lavapesson-23-1763-granges-paccot/85771551/,2026-05-17T01:50:23+00:00,32.10526315789474
85771563,"route de la Combaz 15, 3963 Montana - CHF 1’430",1430,2.5,50.0,3963,Montana,Valais,route de la Combaz 15,APARTMENT,46.31432135,7.4920285999999985,https://flatfox.ch/de/wohnung/route-de-la-combaz-15-3963-montana/85771563/,2026-05-17T01:50:23+00:00,28.6
85771575,"lausanne, 1018 Lausanne - CHF 500",500,1.0,15.0,1018,Lausanne,Vaud,lausanne,SINGLE_ROOM,46.53415747,6.63032091,https://flatfox.ch/de/wohnung/lausanne-1018-lausanne/85771575/,2026-05-17T01:50:23+00:00,33.333333333333336
85771586,"Routes des emonets 23a, 1890 St-Maurice - CHF 900",900,1.0,45.0,1890,St-Maurice,Valais,Routes des emonets 23a,APARTMENT,46.19848791,7.0107201,https://flatfox.ch/de/wohnung/routes-des-emonets-23a-1890-st-maurice/85771586/,2026-05-17T01:50:23+00:00,20.0
85771594,"Chemin du milieu, 1963 Vétroz - CHF 2’290",2290,4.0,120.0,1963,Vétroz,Valais,Chemin du milieu,APARTMENT,46.22046642,7.276469,https://flatfox.ch/de/wohnung/chemin-du-milieu-1963-vetroz/85771594/,2026-05-17T01:50:23+00:00,19.083333333333332
85771596,"Route de Ballafache 6, 1978 Lens - CHF 850",850,1.5,26.0,1978,Lens,Valais,Route de Ballafache 6,APARTMENT,46.29103629,7.47926718,https://flatfox.ch/de/wohnung/route-de-ballafache-6-1978-lens/85771596/,2026-05-17T01:50:23+00:00,32.69230769230769
85771604,"Chemin de Renens 22, 1004 Lausanne - CHF 2’100",2100,3.5,70.0,1004,Lausanne,Vaud,Chemin de Renens 22,APARTMENT,46.52770531,6.60860899,https://flatfox.ch/de/wohnung/chemin-de-renens-22-1004-lausanne/85771604/,2026-05-17T01:50:23+00:00,30.0
85771606,"Grand Rue 52, 1180 Rolle - CHF 2’200",2200,3.5,80.0,1180,Rolle,Vaud,Grand Rue 52,APARTMENT,46.45832468,6.3387482,https://flatfox.ch/de/wohnung/grand-rue-52-1180-rolle/85771606/,2026-05-17T01:50:23+00:00,27.5
85771851,"Spittelhofring 8, 4665 Oftringen - CHF 1’540 inkl. NK pro Monat",1540,2.5,63.0,4665,Oftringen,Aargau,Spittelhofring 8,APARTMENT,47.30368113,7.934323300000002,https://flatfox.ch/de/wohnung/spittelhofring-8-4665-oftringen/85771851/,2026-05-17T01:50:23+00:00,24.444444444444443
85771928,"Achilles Bischoff-Strasse 4, 4053 Basel - CHF 2’235 inkl. NK pro Monat",2235,4.5,87.0,4053,Basel,Basel-Stadt,Achilles Bischoff-Strasse 4,APARTMENT,47.53999659999999,7.5940869000000015,https://flatfox.ch/de/wohnung/achilles-bischoff-strasse-4-4053-basel/85771928/,2026-05-17T01:50:23+00:00,25.689655172413794
85772011,"Vy d'Avenches 69, 1564 Domdidier - CHF 2’210 inkl. NK pro Monat",2210,4.5,105.0,1564,Domdidier,Fribourg,Vy d'Avenches 69,APARTMENT,46.86968212,7.01897645,https://flatfox.ch/de/wohnung/vy-davenches-69-1564-domdidier/85772011/,2026-05-17T01:50:23+00:00,21.047619047619047
85772146,"Hofwilstrasse 114, 3053 Münchenbuchsee - CHF 2’060 inkl. NK pro Monat",2060,5.5,99.0,3053,Münchenbuchsee,Bern,Hofwilstrasse 114,APARTMENT,47.01655311,7.45985861,https://flatfox.ch/de/wohnung/hofwilstrasse-114-3053-munchenbuchsee/85772146/,2026-05-17T01:50:23+00:00,20.80808080808081
85772220,"Staufergutstrasse 5, 4665 Oftringen - CHF 1’840 inkl. NK pro Monat",1840,3.5,84.0,4665,Oftringen,Aargau,Staufergutstrasse 5,APARTMENT,47.31515958,7.921917899999999,https://flatfox.ch/de/wohnung/staufergutstrasse-5-4665-oftringen/85772220/,2026-05-17T01:50:23+00:00,21.904761904761905
85772296,"Spittelhofring 2, 4665 Oftringen - CHF 1’540 inkl. NK pro Monat",1540,2.5,63.0,4665,Oftringen,Aargau,Spittelhofring 2,APARTMENT,47.30387947,7.935157999999999,https://flatfox.ch/de/wohnung/spittelhofring-2-4665-oftringen/85772296/,2026-05-17T01:50:25+00:00,24.444444444444443
85772300,"Murtenstrasse 143b, 3008 Bern - CHF 1’480 inkl. NK pro Monat",1480,2.0,48.0,3008,Bern,Bern,Murtenstrasse 143b,APARTMENT,46.9489473,7.409891699999999,https://flatfox.ch/de/wohnung/murtenstrasse-143b-3008-bern/85772300/,2026-05-17T01:50:25+00:00,30.833333333333332
85772374,"Via Monte Carmen 13, 6900 Lugano - CHF 2’040 inkl. NK pro Monat",2040,3.5,80.0,6900,Lugano,Ticino,Via Monte Carmen 13,APARTMENT,46.01348241,8.95284017,https://flatfox.ch/de/wohnung/via-monte-carmen-13-6900-lugano/85772374/,2026-05-17T01:50:25+00:00,25.5
85772388,"Spitalstr. (Neubau) 8, 7130 Ilanz - CHF 1’600 inkl. NK pro Monat",1600,2.5,61.0,7130,Ilanz,Graubünden,Spitalstr. (Neubau) 8,APARTMENT,46.77660169,9.2050183,https://flatfox.ch/de/wohnung/spitalstr-neubau-8-7130-ilanz/85772388/,2026-05-17T01:50:25+00:00,26.229508196721312
85772419,"rue du Clos 5, 2034 Peseux - CHF 2’400 inkl. NK pro Monat",2400,5.5,107.0,2034,Peseux,Neuchâtel,rue du Clos 5,APARTMENT,46.98895917,6.89150234,https://flatfox.ch/de/wohnung/rue-du-clos-5-2034-peseux/85772419/,2026-05-17T01:50:25+00:00,22.429906542056074
85772426,"Im Kehr 22, 8330 Pfäffikon - CHF 5’250 inkl. NK pro Monat",5250,4.5,171.0,8330,Pfäffikon,Zurich,Im Kehr 22,DUPLEX,47.36447995,8.78094984,https://flatfox.ch/de/wohnung/im-kehr-22-8330-pfaffikon/85772426/,2026-05-17T01:50:25+00:00,30.70175438596491
85772938,6816 Bissone - CHF 1’700,1700,2.5,65.0,6816,Bissone,Ticino,,APARTMENT,45.952411444294285,8.966464867086104,https://flatfox.ch/de/wohnung/6816-bissone/85772938/,2026-05-17T01:50:25+00:00,26.153846153846153
85773373,"Feldbergstrasse 96, 4057 Basel - CHF 1’850 inkl. NK pro Monat",1850,3.0,71.0,4057,Basel,Basel-Stadt,Feldbergstrasse 96,APARTMENT,47.56672773,7.5943507000000015,https://flatfox.ch/de/wohnung/feldbergstrasse-96-4057-basel/85773373/,2026-05-17T01:50:25+00:00,26.056338028169016
85773398,"Kirchstrasse 63, 9400 Rorschach - CHF 1’200 inkl. NK pro Monat",1200,2.5,45.0,9400,Rorschach,St. Gallen,Kirchstrasse 63,APARTMENT,47.47784326,9.4868792,https://flatfox.ch/de/wohnung/kirchstrasse-63-9400-rorschach/85773398/,2026-05-17T01:50:25+00:00,26.666666666666668
85773420,"Bachlettenstrasse 39, 4054 Basel - CHF 2’010 inkl. NK pro Monat",2010,3.0,66.0,4054,Basel,Basel-Stadt,Bachlettenstrasse 39,APARTMENT,47.54892029,7.57969314,https://flatfox.ch/de/wohnung/bachlettenstrasse-39-4054-basel/85773420/,2026-05-17T01:50:25+00:00,30.454545454545453
85773583,"Rue des Bâts 6, 2800 Delémont - CHF 1’300",1300,4.0,102.0,2800,Delémont,Jura,Rue des Bâts 6,APARTMENT,47.36502629,7.345907899999999,https://flatfox.ch/de/wohnung/rue-des-bats-6-2800-delemont/85773583/,2026-05-17T01:50:25+00:00,12.745098039215685
85773742,"Chemin du Ruttet 2, 1196 Gland - CHF 1’810 inkl. NK pro Monat",1810,3.5,72.0,1196,Gland,Vaud,Chemin du Ruttet 2,APARTMENT,46.42229395,6.273996299999999,https://flatfox.ch/de/wohnung/chemin-du-ruttet-2-1196-gland/85773742/,2026-05-17T01:50:25+00:00,25.13888888888889
85773758,"Walserstrasse 2, 9014 St. Gallen - CHF 1’410",1410,3.5,68.0,9014,St. Gallen,St. Gallen,Walserstrasse 2,APARTMENT,47.4076042,9.334207100000002,https://flatfox.ch/de/wohnung/walserstrasse-2-9014-st-gallen/85773758/,2026-05-17T01:50:25+00:00,20.735294117647058
85773764,"Birsigstrasse 82, 4054 Basel - CHF 1’804 inkl. NK pro Monat",1804,3.5,82.0,4054,Basel,Basel-Stadt,Birsigstrasse 82,APARTMENT,47.54985297,7.5803811,https://flatfox.ch/de/wohnung/birsigstrasse-82-4054-basel/85773764/,2026-05-17T01:50:25+00:00,22.0
85773772,"Mattaweg 15, 3930 Visp - CHF 1’711 inkl. NK pro Monat",1711,2.5,47.0,3930,Visp,Valais,Mattaweg 15,APARTMENT,46.29784859999999,7.88073917,https://flatfox.ch/de/wohnung/mattaweg-15-3930-visp/85773772/,2026-05-17T01:50:25+00:00,36.40425531914894
85773790,"Numa-Droz 127, 2300 La Chaux-de-Fonds - CHF 1’370 inkl. NK pro Monat",1370,2.5,59.0,2300,La Chaux-de-Fonds,Neuchâtel,Numa-Droz 127,APARTMENT,47.09949381,6.82015435,https://flatfox.ch/de/wohnung/numa-droz-127-2300-la-chaux-de-fonds/85773790/,2026-05-17T01:50:25+00:00,23.220338983050848
85773793,"Numa-Droz 127, 2300 La Chaux-de-Fonds - CHF 1’330 inkl. NK pro Monat",1330,2.5,59.0,2300,La Chaux-de-Fonds,Neuchâtel,Numa-Droz 127,APARTMENT,47.09949381,6.82015435,https://flatfox.ch/de/wohnung/numa-droz-127-2300-la-chaux-de-fonds/85773793/,2026-05-17T01:50:25+00:00,22.54237288135593
85773794,"Serre 45, 2300 La Chaux-de-Fonds - CHF 1’260 inkl. NK pro Monat",1260,3.0,84.0,2300,La Chaux-de-Fonds,Neuchâtel,Serre 45,APARTMENT,47.10132134,6.82613098,https://flatfox.ch/de/wohnung/serre-45-2300-la-chaux-de-fonds/85773794/,2026-05-17T01:50:25+00:00,15.0
85773795,"Serre 45, 2300 La Chaux-de-Fonds - CHF 1’260 inkl. NK pro Monat",1260,3.0,88.0,2300,La Chaux-de-Fonds,Neuchâtel,Serre 45,APARTMENT,47.10132134,6.82613098,https://flatfox.ch/de/wohnung/serre-45-2300-la-chaux-de-fonds/85773795/,2026-05-17T01:50:25+00:00,14.318181818181818
85774005,"Birsigstrasse 82, 4054 Basel - CHF 2’251 inkl. NK pro Monat",2251,3.5,102.0,4054,Basel,Basel-Stadt,Birsigstrasse 82,APARTMENT,47.54985297,7.5803811,https://flatfox.ch/de/wohnung/birsigstrasse-82-4054-basel/85774005/,2026-05-17T01:50:25+00:00,22.068627450980394
85774024,"Via San Gottardo 8, 6500 Bellinzona - CHF 750 inkl. NK pro Monat",750,1.0,25.0,6500,Bellinzona,Ticino,Via San Gottardo 8,STUDIO,46.19808741,9.02750511,https://flatfox.ch/de/wohnung/via-san-gottardo-8-6500-bellinzona/85774024/,2026-05-17T01:50:25+00:00,30.0
85774072,"Rue du Château 12, 1522 Lucens - CHF 1’900 inkl. NK pro Monat",1900,3.5,111.0,1522,Lucens,Vaud,Rue du Château 12,LOFT,46.71067948,6.83785362,https://flatfox.ch/de/wohnung/rue-du-chateau-12-1522-lucens/85774072/,2026-05-17T01:50:25+00:00,17.117117117117118
85774098,"Parkal. 10, 4123 Allschwil - CHF 1’770 inkl. NK pro Monat",1770,4.5,94.0,4123,Allschwil,Basel-Landschaft,Parkal. 10,APARTMENT,47.54116363,7.533236499999999,https://flatfox.ch/de/wohnung/parkal-10-4123-allschwil/85774098/,2026-05-17T01:50:27+00:00,18.829787234042552
85774102,"Nidaugasse 14, 2502 Biel/Bienne - CHF 1’700 inkl. NK pro Monat",1700,2.5,60.0,2502,Biel/Bienne,Bern,Nidaugasse 14,APARTMENT,47.13983928,7.2454371,https://flatfox.ch/de/wohnung/nidaugasse-14-2502-bielbienne/85774102/,2026-05-17T01:50:27+00:00,28.333333333333332
85774148,"Schlossstrasse 34, 3098 Köniz - CHF 1’800 inkl. NK pro Monat",1800,1.5,50.0,3098,Köniz,Bern,Schlossstrasse 34,APARTMENT,46.92369521,7.417303200000001,https://flatfox.ch/de/wohnung/schlossstrasse-34-3098-koniz/85774148/,2026-05-17T01:50:27+00:00,36.0
85774157,"Schulstrasse 3, 5706 Boniswil - CHF 2’180 inkl. NK pro Monat",2180,3.5,90.0,5706,Boniswil,Aargau,Schulstrasse 3,APARTMENT,47.31538423,8.18720372,https://flatfox.ch/de/wohnung/schulstrasse-3-5706-boniswil/85774157/,2026-05-17T01:50:27+00:00,24.22222222222222
85774251,"Hubelweg 10, 2503 Biel - CHF 1’200 inkl. NK pro Monat",1200,2.5,60.0,2503,Biel,Bern,Hubelweg 10,APARTMENT,47.13478587,7.25713936,https://flatfox.ch/de/wohnung/hubelweg-10-2503-biel/85774251/,2026-05-17T01:50:27+00:00,20.0
85774328,"Avenue des Roses 16, 1009 Pully - CHF 3’270 inkl. NK pro Monat",3270,4.5,97.0,1009,Pully,Vaud,Avenue des Roses 16,APARTMENT,46.51622813,6.65536655,https://flatfox.ch/de/wohnung/avenue-des-roses-16-1009-pully/85774328/,2026-05-17T01:50:27+00:00,33.71134020618557
85774357,"Via San Gottardo 8, 6500 Bellinzona - CHF 880 inkl. NK pro Monat",880,1.5,35.0,6500,Bellinzona,Ticino,Via San Gottardo 8,STUDIO,46.19808741,9.02750511,https://flatfox.ch/de/wohnung/via-san-gottardo-8-6500-bellinzona/85774357/,2026-05-17T01:50:27+00:00,25.142857142857142
85774406,"Jurastrasse 29, 3422 Alchenflüh - CHF 1’300 inkl. NK pro Monat",1300,3.5,57.0,3422,Alchenflüh,Bern,Jurastrasse 29,APARTMENT,47.08514690000002,7.57614171,https://flatfox.ch/de/wohnung/jurastrasse-29-3422-alchenfluh/85774406/,2026-05-17T01:50:27+00:00,22.80701754385965
85774410,"Via San Gottardo 8, 6500 Bellinzona - CHF 970 inkl. NK pro Monat",970,2.0,35.0,6500,Bellinzona,Ticino,Via San Gottardo 8,STUDIO,46.19808741,9.02750511,https://flatfox.ch/de/wohnung/via-san-gottardo-8-6500-bellinzona/85774410/,2026-05-17T01:50:27+00:00,27.714285714285715
85774426,"Marcetto, 6883 Novazzano - CHF 769",769,3.0,85.0,6883,Novazzano,Ticino,Marcetto,APARTMENT,45.83953889,8.98130143,https://flatfox.ch/de/wohnung/marcetto-6883-novazzano/85774426/,2026-05-17T01:50:27+00:00,9.047058823529412
85774482,"Rosenweg 1, 3063 Ittigen - CHF 1’700",1700,3.5,57.0,3063,Ittigen,Bern,Rosenweg 1,APARTMENT,46.97536270000001,7.47670129,https://flatfox.ch/de/wohnung/rosenweg-1-3063-ittigen/85774482/,2026-05-17T01:50:27+00:00,29.82456140350877
85774501,"Via Giorgio Salvadè 9, 6962 Viganello - CHF 1’250",1250,2.5,65.0,6962,Viganello,Ticino,Via Giorgio Salvadè 9,APARTMENT,46.01214511,8.9624991,https://flatfox.ch/de/wohnung/via-giorgio-salvade-9-6962-viganello/85774501/,2026-05-17T01:50:27+00:00,19.23076923076923
85774506,"Via dei Cipressi, 6600 Muralto - CHF 1’000",1000,1.0,30.0,6600,Muralto,Ticino,Via dei Cipressi,APARTMENT,46.17397115,8.80771631,https://flatfox.ch/de/wohnung/via-dei-cipressi-6600-muralto/85774506/,2026-05-17T01:50:27+00:00,33.333333333333336
85774536,"Pregassona, 6963 Pregassona - CHF 1’900",1900,4.5,92.0,6963,Pregassona,Ticino,Pregassona,APARTMENT,46.02080468,8.9755895,https://flatfox.ch/de/wohnung/pregassona-6963-pregassona/85774536/,2026-05-17T01:50:27+00:00,20.652173913043477
85774566,"Via San Gottardo 8, 6500 Bellinzona - CHF 940 inkl. NK pro Monat",940,2.0,36.0,6500,Bellinzona,Ticino,Via San Gottardo 8,STUDIO,46.19808741,9.02750511,https://flatfox.ch/de/wohnung/via-san-gottardo-8-6500-bellinzona/85774566/,2026-05-17T01:50:27+00:00,26.11111111111111
85774588,"Rue de Baumettaz 7, 1023 Crissier - CHF 3’155",3155,4.0,107.0,1023,Crissier,Vaud,Rue de Baumettaz 7,APARTMENT,46.54774489,6.58745171,https://flatfox.ch/de/wohnung/rue-de-baumettaz-7-1023-crissier/85774588/,2026-05-17T01:50:27+00:00,29.485981308411215
85774620,1260 Nyon - CHF 3’300,3300,3.5,110.0,1260,Nyon,Vaud,,APARTMENT,46.38049734078092,6.229889119517226,https://flatfox.ch/de/wohnung/1260-nyon/85774620/,2026-05-17T01:50:27+00:00,30.0
85774624,"Farvagny, 1726 Posat - CHF 2’000",2000,4.5,106.0,1726,Posat,Fribourg,Farvagny,APARTMENT,46.71932578,7.0508962,https://flatfox.ch/de/wohnung/farvagny-1726-posat/85774624/,2026-05-17T01:50:27+00:00,18.867924528301888
85774638,"Drône Savièse, 1965 Savièse - CHF 2’000",2000,4.5,115.0,1965,Savièse,Valais,Drône Savièse,APARTMENT,46.2596381,7.3670039,https://flatfox.ch/de/wohnung/drone-saviese-1965-saviese/85774638/,2026-05-17T01:50:27+00:00,17.391304347826086
85774646,"Rue des Frères-Lumière 39, 1723 Villarsel-sur-Marly - CHF 2’005",2005,3.5,81.0,1723,Villarsel-sur-Marly,Fribourg,Rue des Frères-Lumière 39,APARTMENT,46.7745315,7.15674951,https://flatfox.ch/de/wohnung/rue-des-freres-lumiere-39-1723-villarsel-sur-marly/85774646/,2026-05-17T01:50:27+00:00,24.753086419753085
85774688,8155 Niederhasli - CHF 1’800 inkl. NK pro Monat,1800,2.5,80.0,8155,Niederhasli,Zurich,,APARTMENT,47.47469260796424,8.481513146944875,https://flatfox.ch/de/wohnung/8155-niederhasli/85774688/,2026-05-17T01:50:27+00:00,22.5
85774764,"Burgstrasse 25, 8037 Zürich - CHF 2’650 inkl. NK pro Monat",2650,2.5,63.0,8037,Zürich,Zurich,Burgstrasse 25,APARTMENT,47.39156188,8.52593741,https://flatfox.ch/de/wohnung/burgstrasse-25-8037-zurich/85774764/,2026-05-17T01:50:27+00:00,42.06349206349206
85774869,"via Gen. E. Guisan 21a, 6830 Chiasso - CHF 936",936,3.5,63.0,6830,Chiasso,Ticino,via Gen. E. Guisan 21a,APARTMENT,45.83302854,9.02078199,https://flatfox.ch/de/wohnung/via-gen-e-guisan-21a-6830-chiasso/85774869/,2026-05-17T01:50:27+00:00,14.857142857142858
85775055,"Tiergartenstrasse 10, 3400 Burgdorf - CHF 1’580 inkl. NK pro Monat",1580,4.0,76.0,3400,Burgdorf,Bern,Tiergartenstrasse 10,APARTMENT,47.06183762,7.6165454000000015,https://flatfox.ch/de/wohnung/tiergartenstrasse-10-3400-burgdorf/85775055/,2026-05-17T01:50:29+00:00,20.789473684210527
85775181,"Hauptstrasse 90, 4718 Holderbank SO - CHF 1’390 inkl. NK pro Monat",1390,3.5,119.0,4718,Holderbank SO,Solothurn,Hauptstrasse 90,ROOF_FLAT,47.33247572,7.75365971,https://flatfox.ch/de/wohnung/hauptstrasse-90-4718-holderbank-so/85775181/,2026-05-17T01:50:29+00:00,11.680672268907562
85775476,"Im Langacker 13, 8304 Wallisellen - CHF 2’070 inkl. NK pro Monat",2070,2.5,70.0,8304,Wallisellen,Zurich,Im Langacker 13,APARTMENT,47.40935486,8.606983399999999,https://flatfox.ch/de/wohnung/im-langacker-13-8304-wallisellen/85775476/,2026-05-17T01:50:29+00:00,29.571428571428573
85775589,"Route Saint-Nicolas-de-Flüe 3, 1700 Fribourg - CHF 1’810 inkl. NK pro Monat",1810,3.5,72.0,1700,Fribourg,Fribourg,Route Saint-Nicolas-de-Flüe 3,APARTMENT,46.79466088,7.15009615,https://flatfox.ch/de/wohnung/route-saint-nicolas-de-flue-3-1700-fribourg/85775589/,2026-05-17T01:50:29+00:00,25.13888888888889
85775903,"Hollenweg 7, 4243 Dittingen - CHF 1’490",1490,3.5,76.0,4243,Dittingen,Basel-Landschaft,Hollenweg 7,APARTMENT,47.437137,7.50285031,https://flatfox.ch/de/wohnung/hollenweg-7-4243-dittingen/85775903/,2026-05-17T01:50:29+00:00,19.605263157894736
85776244,"Rütmattstrasse 5, 5004 Aarau - CHF 3’250 inkl. NK pro Monat",3250,4.5,123.0,5004,Aarau,Aargau,Rütmattstrasse 5,ATTIC_FLAT,47.39985851,8.05914014,https://flatfox.ch/de/wohnung/rutmattstrasse-5-5004-aarau/85776244/,2026-05-17T01:50:29+00:00,26.422764227642276
85776488,"Bergellerstrasse 32, 8049 Zürich - CHF 3’100 inkl. NK pro Monat",3100,3.5,92.0,8049,Zürich,Zurich,Bergellerstrasse 32,APARTMENT,47.40649132,8.492882999999999,https://flatfox.ch/de/wohnung/bergellerstrasse-32-8049-zurich/85776488/,2026-05-17T01:50:29+00:00,33.69565217391305
85776669,"Brunnmattstrasse 14, 4528 Zuchwil - CHF 1’510 inkl. NK pro Monat",1510,4.0,90.0,4528,Zuchwil,Solothurn,Brunnmattstrasse 14,APARTMENT,47.20183597,7.5589522,https://flatfox.ch/de/wohnung/brunnmattstrasse-14-4528-zuchwil/85776669/,2026-05-17T01:50:29+00:00,16.77777777777778
85776819,"Chemin du Fau-Blanc 2c, 1009 Pully - CHF 3’100 inkl. NK pro Monat",3100,4.5,85.0,1009,Pully,Vaud,Chemin du Fau-Blanc 2c,APARTMENT,46.51379065,6.66290736,https://flatfox.ch/de/wohnung/chemin-du-fau-blanc-2c-1009-pully/85776819/,2026-05-17T01:50:29+00:00,36.470588235294116
85776821,"Chemin du Fau-Blanc 2c, 1009 Pully - CHF 3’135 inkl. NK pro Monat",3135,4.5,85.0,1009,Pully,Vaud,Chemin du Fau-Blanc 2c,APARTMENT,46.51379065,6.66290736,https://flatfox.ch/de/wohnung/chemin-du-fau-blanc-2c-1009-pully/85776821/,2026-05-17T01:50:29+00:00,36.88235294117647
85776902,"Neufeldstrasse 11, 3012 Bern - CHF 2’265 inkl. NK pro Monat",2265,4.0,93.0,3012,Bern,Bern,Neufeldstrasse 11,APARTMENT,46.95578693,7.4309605,https://flatfox.ch/de/wohnung/neufeldstrasse-11-3012-bern/85776902/,2026-05-17T01:50:29+00:00,24.35483870967742
85776972,"Rue de l'Orgerie 2L, 2742 Perrefitte - CHF 720",720,2.5,70.0,2742,Perrefitte,Bern,Rue de l'Orgerie 2L,APARTMENT,47.27909059,7.3216786,https://flatfox.ch/de/wohnung/rue-de-lorgerie-2l-2742-perrefitte/85776972/,2026-05-17T01:50:29+00:00,10.285714285714286
85777188,"Roggächerweg 5, 5642 Mühlau - CHF 3’326",3326,5.5,166.0,5642,Mühlau,Aargau,Roggächerweg 5,APARTMENT,47.23256456,8.38844751,https://flatfox.ch/de/wohnung/roggacherweg-5-5642-muhlau/85777188/,2026-05-17T01:50:30+00:00,20.03614457831325
85777222,"Rue des Collèges 21/23, 2340 Le Noirmont - CHF 990",990,4.5,97.0,2340,Le Noirmont,Jura,Rue des Collèges 21/23,APARTMENT,47.22683840000001,6.962208899999999,https://flatfox.ch/de/wohnung/rue-des-colleges-2123-2340-le-noirmont/85777222/,2026-05-17T01:50:30+00:00,10.206185567010309
85777422,"Rue du Jura 7, 1196 Gland - CHF 2’667 inkl. NK pro Monat",2667,4.0,95.0,1196,Gland,Vaud,Rue du Jura 7,APARTMENT,46.42419457,6.26339049,https://flatfox.ch/de/wohnung/rue-du-jura-7-1196-gland/85777422/,2026-05-17T01:50:30+00:00,28.073684210526316
85777553,"Corso san Gottardo 10, 6830 Chiasso - CHF 1’700",1700,5.5,145.0,6830,Chiasso,Ticino,Corso san Gottardo 10,APARTMENT,45.83312851,9.03224245,https://flatfox.ch/de/wohnung/corso-san-gottardo-10-6830-chiasso/85777553/,2026-05-17T01:50:30+00:00,11.724137931034482
85777565,"Via al Chioso, 6900 Lugano - CHF 1’450",1450,2.0,70.0,6900,Lugano,Ticino,Via al Chioso,APARTMENT,46.00896195,8.96217024,https://flatfox.ch/de/wohnung/via-al-chioso-6900-lugano/85777565/,2026-05-17T01:50:30+00:00,20.714285714285715
85777659,"Steimet 573, 5063 Wölflinswil - CHF 1’810",1810,3.5,90.0,5063,Wölflinswil,Aargau,Steimet 573,APARTMENT,47.46587451,7.994221299999999,https://flatfox.ch/de/wohnung/steimet-573-5063-wolflinswil/85777659/,2026-05-17T01:50:30+00:00,20.11111111111111
85777669,"Chavannes près Renens, 1022 Chavannes-près-Renens - CHF 1’885",1885,3.5,86.0,1022,Chavannes-près-Renens,Vaud,Chavannes près Renens,APARTMENT,46.527866900000014,6.57182396,https://flatfox.ch/de/wohnung/chavannes-pres-renens-1022-chavannes-pres-renens/85777669/,2026-05-17T01:50:30+00:00,21.91860465116279
85777712,"Bahnhofstraße 1, 8560 Märstetten - CHF 600",600,1.0,15.0,8560,Märstetten,Thurgau,Bahnhofstraße 1,SINGLE_ROOM,47.58395021,9.05945569,https://flatfox.ch/de/wohnung/bahnhofstrae-1-8560-marstetten/85777712/,2026-05-17T01:50:30+00:00,40.0
85777731,"Hollernscheuer 513, 3551 Oberfrittenbach - CHF 950",950,2.5,52.0,3551,Oberfrittenbach,Bern,Hollernscheuer 513,APARTMENT,46.98145294,7.79451055,https://flatfox.ch/de/wohnung/hollernscheuer-513-3551-oberfrittenbach/85777731/,2026-05-17T01:50:30+00:00,18.26923076923077
85777733,"Mühledorfstrasse 23, 3018 Bern - CHF 1’465",1465,2.5,53.0,3018,Bern,Bern,Mühledorfstrasse 23,APARTMENT,46.9450994,7.389521999999999,https://flatfox.ch/de/wohnung/muhledorfstrasse-23-3018-bern/85777733/,2026-05-17T01:50:30+00:00,27.641509433962263
85777737,"Via Cantonale, 6525 Gnosca - CHF 950",950,2.0,40.0,6525,Gnosca,Ticino,Via Cantonale,APARTMENT,46.23838998,9.01834991,https://flatfox.ch/de/wohnung/via-cantonale-6525-gnosca/85777737/,2026-05-17T01:50:30+00:00,23.75
85777747,"in der Breite 1, 8914 Aeugstertal - CHF 2’050",2050,3.0,120.0,8914,Aeugstertal,Zurich,in der Breite 1,APARTMENT,47.28316891,8.4918493,https://flatfox.ch/de/wohnung/in-der-breite-1-8914-aeugstertal/85777747/,2026-05-17T01:50:30+00:00,17.083333333333332
85777780,"Romanshornerstr. 80, 9320 Stachen - CHF 1’295",1295,3.5,71.0,9320,Stachen,Thurgau,Romanshornerstr. 80,APARTMENT,47.51967746,9.42100933,https://flatfox.ch/de/wohnung/romanshornerstr-80-9320-stachen/85777780/,2026-05-17T01:50:30+00:00,18.239436619718308
85777918,"Romanshornerstr. 80, 9320 Stachen - CHF 1’295",1295,3.5,71.0,9320,Stachen,Thurgau,Romanshornerstr. 80,APARTMENT,47.51967746,9.42100933,https://flatfox.ch/de/wohnung/romanshornerstr-80-9320-stachen/85777918/,2026-05-17T01:50:30+00:00,18.239436619718308
85777919,"Rue du Jura, 3, 1443 Champvent - CHF 2’100",2100,4.0,120.0,1443,Champvent,Vaud,"Rue du Jura, 3",APARTMENT,46.78250123,6.5713754,https://flatfox.ch/de/wohnung/rue-du-jura-3-1443-champvent/85777919/,2026-05-17T01:50:30+00:00,17.5
85777945,"Belfaux, 1782 Belfaux - CHF 1’500",1500,2.5,75.0,1782,Belfaux,Fribourg,Belfaux,APARTMENT,46.82283993,7.10800255,https://flatfox.ch/de/wohnung/belfaux-1782-belfaux/85777945/,2026-05-17T01:50:30+00:00,20.0
85777969,"Rue du Parc, 2300 La Cibourg - CHF 900",900,3.5,95.0,2300,La Cibourg,Neuchâtel,Rue du Parc,APARTMENT,47.09946371,6.82203867,https://flatfox.ch/de/wohnung/rue-du-parc-2300-la-cibourg/85777969/,2026-05-17T01:50:30+00:00,9.473684210526315
85778005,1204 Genf - CHF 4’308,4308,5.0,120.0,1204,Genf,Geneva,,APARTMENT,46.20358796049989,6.145184623637105,https://flatfox.ch/de/wohnung/1204-genf/85778005/,2026-05-17T01:50:30+00:00,35.9
85778053,"Staatsstrasse 121, 9445 Rebstein - CHF 1’010",1010,1.0,23.0,9445,Rebstein,St. Gallen,Staatsstrasse 121,STUDIO,47.3971065,9.58178945,https://flatfox.ch/de/wohnung/staatsstrasse-121-9445-rebstein/85778053/,2026-05-17T01:50:30+00:00,43.91304347826087
85778326,"Feldstrasse 10, 9450 Altstätten - CHF 2’680",2680,4.5,109.0,9450,Altstätten,St. Gallen,Feldstrasse 10,ATTIC_FLAT,47.37828339,9.5469091,https://flatfox.ch/de/wohnung/feldstrasse-10-9450-altstatten/85778326/,2026-05-17T01:50:30+00:00,24.587155963302752
85778334,"Feldstrasse 10, 9450 Altstätten SG - CHF 2’390",2390,4.5,119.0,9450,Altstätten SG,St. Gallen,Feldstrasse 10,APARTMENT,47.37828339,9.5469091,https://flatfox.ch/de/wohnung/feldstrasse-10-9450-altstatten-sg/85778334/,2026-05-17T01:50:30+00:00,20.084033613445378
85778335,"Feldstrasse 10, 9450 Altstätten - CHF 1’890",1890,3.5,82.0,9450,Altstätten,St. Gallen,Feldstrasse 10,APARTMENT,47.37828339,9.5469091,https://flatfox.ch/de/wohnung/feldstrasse-10-9450-altstatten/85778335/,2026-05-17T01:50:30+00:00,23.048780487804876
85778339,"Feldstrasse 10, 9450 Altstätten - CHF 1’960",1960,3.5,95.0,9450,Altstätten,St. Gallen,Feldstrasse 10,APARTMENT,47.37828339,9.5469091,https://flatfox.ch/de/wohnung/feldstrasse-10-9450-altstatten/85778339/,2026-05-17T01:50:30+00:00,20.63157894736842
85778479,"Nunningerstrasse 5, 4203 Grellingen - CHF 2’190 inkl. NK pro Monat",2190,4.5,106.0,4203,Grellingen,Basel-Landschaft,Nunningerstrasse 5,APARTMENT,47.44042161,7.595344000000001,https://flatfox.ch/de/wohnung/nunningerstrasse-5-4203-grellingen/85778479/,2026-05-17T01:50:33+00:00,20.660377358490567
85778529,"Lerchenweg 43, 4123 Allschwil - CHF 2’030 inkl. NK pro Monat",2030,3.5,74.0,4123,Allschwil,Basel-Landschaft,Lerchenweg 43,APARTMENT,47.55408476,7.558720699999999,https://flatfox.ch/de/wohnung/lerchenweg-43-4123-allschwil/85778529/,2026-05-17T01:50:33+00:00,27.43243243243243
85778716,"Oberstrasse 18, 9000 St. Gallen - CHF 1’435 inkl. NK pro Monat",1435,3.5,92.0,9000,St. Gallen,St. Gallen,Oberstrasse 18,APARTMENT,47.41839824,9.36742311,https://flatfox.ch/de/wohnung/oberstrasse-18-9000-st-gallen/85778716/,2026-05-17T01:50:33+00:00,15.597826086956522
85778945,"Ch. de Vuichardaz 4, 1030 Bussigny - CHF 2’688 inkl. NK pro Monat",2688,3.5,81.0,1030,Bussigny,Vaud,Ch. de Vuichardaz 4,APARTMENT,46.55057041,6.555551299999999,https://flatfox.ch/de/wohnung/ch-de-vuichardaz-4-1030-bussigny/85778945/,2026-05-17T01:50:33+00:00,33.18518518518518
85778964,"Sonnenbergstr. 16, 4127 Birsfelden - CHF 1’295 inkl. NK pro Monat",1295,2.0,46.0,4127,Birsfelden,Basel-Landschaft,Sonnenbergstr. 16,APARTMENT,47.55574361,7.627518999999999,https://flatfox.ch/de/wohnung/sonnenbergstr-16-4127-birsfelden/85778964/,2026-05-17T01:50:33+00:00,28.152173913043477
85778968,"Grüttbachstr. 6, 4542 Luterbach - CHF 1’990 inkl. NK pro Monat",1990,4.5,108.0,4542,Luterbach,Solothurn,Grüttbachstr. 6,APARTMENT,47.2189052,7.589100699999999,https://flatfox.ch/de/wohnung/gruttbachstr-6-4542-luterbach/85778968/,2026-05-17T01:50:33+00:00,18.425925925925927
85778972,"Quai du Cheval - Blanc 19, 1227 Genève - CHF 3’305 inkl. NK pro Monat",3305,5.0,86.0,1227,Genève,Geneva,Quai du Cheval - Blanc 19,APARTMENT,46.19177443,6.13925983,https://flatfox.ch/de/wohnung/quai-du-cheval-blanc-19-1227-geneve/85778972/,2026-05-17T01:50:33+00:00,38.43023255813954
85778976,"Rainal. 12, 4125 Riehen - CHF 1’680 inkl. NK pro Monat",1680,3.0,63.0,4125,Riehen,Basel-Stadt,Rainal. 12,APARTMENT,47.582659000000014,7.6524344,https://flatfox.ch/de/wohnung/rainal-12-4125-riehen/85778976/,2026-05-17T01:50:33+00:00,26.666666666666668
85778997,"Rue des Crêtets 118, 2300 La Chaux-de-Fonds - CHF 1’175 inkl. NK pro Monat",1175,3.5,73.0,2300,La Chaux-de-Fonds,Neuchâtel,Rue des Crêtets 118,APARTMENT,47.09238418,6.818142399999999,https://flatfox.ch/de/wohnung/rue-des-cretets-118-2300-la-chaux-de-fonds/85778997/,2026-05-17T01:50:33+00:00,16.095890410958905
85779022,"Bleichemattstr. 1, 4562 Biberist - CHF 1’890 inkl. NK pro Monat",1890,3.5,85.0,4562,Biberist,Solothurn,Bleichemattstr. 1,APARTMENT,47.18142779,7.55808841,https://flatfox.ch/de/wohnung/bleichemattstr-1-4562-biberist/85779022/,2026-05-17T01:50:33+00:00,22.235294117647058
85779029,"Pleerweg 11d, 3400 Burgdorf - CHF 985 inkl. NK pro Monat",985,1.5,35.0,3400,Burgdorf,Bern,Pleerweg 11d,APARTMENT,47.04604216,7.621058899999999,https://flatfox.ch/de/wohnung/pleerweg-11d-3400-burgdorf/85779029/,2026-05-17T01:50:33+00:00,28.142857142857142
85779126,"Schmittengasse 4, 8955 Oetwil an der Limmat - CHF 2’660",2660,3.5,80.0,8955,Oetwil an der Limmat,Zurich,Schmittengasse 4,APARTMENT,47.42879979,8.39478221,https://flatfox.ch/de/wohnung/schmittengasse-4-8955-oetwil-an-der-limmat/85779126/,2026-05-17T01:50:33+00:00,33.25
85780162,"Neubergstrasse 18, 5330 Bad Zurzach - CHF 1’590 inkl. NK pro Monat",1590,3.0,67.0,5330,Bad Zurzach,Aargau,Neubergstrasse 18,APARTMENT,47.58348,8.29569126,https://flatfox.ch/de/wohnung/neubergstrasse-18-5330-bad-zurzach/85780162/,2026-05-17T01:50:33+00:00,23.73134328358209
85781222,"Loretostrasse 4, 9620 Lichtensteig - CHF 891 inkl. NK pro Monat",891,1.5,44.0,9620,Lichtensteig,St. Gallen,Loretostrasse 4,APARTMENT,47.32426262,9.0876002,https://flatfox.ch/de/wohnung/loretostrasse-4-9620-lichtensteig/85781222/,2026-05-17T01:50:35+00:00,20.25
85781225,"Grubenstrasse 4, 3322 Urtenen-Schönbühl - CHF 1’440",1440,3.0,62.0,3322,Urtenen-Schönbühl,Bern,Grubenstrasse 4,APARTMENT,47.0194235,7.50314011,https://flatfox.ch/de/wohnung/grubenstrasse-4-3322-urtenen-schonbuhl/85781225/,2026-05-17T01:50:35+00:00,23.225806451612904
85781458,"Poststrasse 3, 2552 Orpund - CHF 1’350",1350,3.0,64.0,2552,Orpund,Bern,Poststrasse 3,APARTMENT,47.14054452,7.30017867,https://flatfox.ch/de/wohnung/poststrasse-3-2552-orpund/85781458/,2026-05-17T01:50:35+00:00,21.09375
85781511,"Place Bel-Air 1, 1003 Lausanne - CHF 5’610 inkl. NK pro Monat",5610,5.5,144.0,1003,Lausanne,Vaud,Place Bel-Air 1,APARTMENT,46.5220724,6.62889613,https://flatfox.ch/de/wohnung/place-bel-air-1-1003-lausanne/85781511/,2026-05-17T01:50:35+00:00,38.958333333333336
85781912,"Massagno, 6900 Massagno - CHF 1’650",1650,2.0,60.0,6900,Massagno,Ticino,Massagno,APARTMENT,46.01297137,8.94186244,https://flatfox.ch/de/wohnung/massagno-6900-massagno/85781912/,2026-05-17T01:50:35+00:00,27.5
85781972,"Via Ligornetto 17A, 6854 S. Pietro - CHF 1’100",1100,2.5,60.0,6854,S. Pietro,Ticino,Via Ligornetto 17A,APARTMENT,45.85705167,8.941056999999999,https://flatfox.ch/de/wohnung/via-ligornetto-17a-6854-s-pietro/85781972/,2026-05-17T01:50:35+00:00,18.333333333333332
85781978,"Sädelstrasse 42, 3115 Gerzensee - CHF 1’750",1750,2.5,80.0,3115,Gerzensee,Bern,Sädelstrasse 42,APARTMENT,46.84916378,7.527295100000001,https://flatfox.ch/de/wohnung/sadelstrasse-42-3115-gerzensee/85781978/,2026-05-17T01:50:35+00:00,21.875
85782002,"Via Lisora 5, 6998 Monteggio - CHF 1’400",1400,3.0,100.0,6998,Monteggio,Ticino,Via Lisora 5,APARTMENT,45.99180013,8.82330491,https://flatfox.ch/de/wohnung/via-lisora-5-6998-monteggio/85782002/,2026-05-17T01:50:35+00:00,14.0
85782245,"Rue du Moutier 16, 1337 Vallorbe - CHF 2’200",2200,3.0,95.0,1337,Vallorbe,Vaud,Rue du Moutier 16,APARTMENT,46.71114323,6.37397666,https://flatfox.ch/de/wohnung/rue-du-moutier-16-1337-vallorbe/85782245/,2026-05-17T01:50:35+00:00,23.157894736842106
85782258,1721 Cormérod - CHF 1’412,1412,2.0,61.0,1721,Cormérod,Fribourg,,APARTMENT,46.86661001714239,7.083288702795351,https://flatfox.ch/de/wohnung/1721-cormerod/85782258/,2026-05-17T01:50:35+00:00,23.147540983606557
85782281,"Meyrin, 1217 Meyrin - CHF 2’065",2065,5.0,110.0,1217,Meyrin,Geneva,Meyrin,APARTMENT,46.23490754,6.074979099999999,https://flatfox.ch/de/wohnung/meyrin-1217-meyrin/85782281/,2026-05-17T01:50:35+00:00,18.772727272727273
85782284,"Route du Chatelard 56, 1018 Lausanne - CHF 850",850,1.0,31.0,1018,Lausanne,Vaud,Route du Chatelard 56,APARTMENT,46.54431761,6.62430562,https://flatfox.ch/de/wohnung/route-du-chatelard-56-1018-lausanne/85782284/,2026-05-17T01:50:35+00:00,27.419354838709676
85782327,1873 Les Crosets - CHF 1’550,1550,3.0,88.0,1873,Les Crosets,Valais,,APARTMENT,46.18512309591463,6.836764669772422,https://flatfox.ch/de/wohnung/1873-les-crosets/85782327/,2026-05-17T01:50:35+00:00,17.613636363636363
85782430,"Florastrasse 15, 2540 Grenchen - CHF 1’210 inkl. NK pro Monat",1210,3.0,65.0,2540,Grenchen,Solothurn,Florastrasse 15,APARTMENT,47.18593117,7.397456699999999,https://flatfox.ch/de/wohnung/florastrasse-15-2540-grenchen/85782430/,2026-05-17T01:50:35+00:00,18.615384615384617
85782529,"Hartolfingen 6, 6463 Bürglen/UR - CHF 1’730 inkl. NK pro Monat",1730,4.5,82.0,6463,Bürglen/UR,Uri,Hartolfingen 6,APARTMENT,46.8741266,8.658530599999999,https://flatfox.ch/de/wohnung/hartolfingen-6-6463-burglenur/85782529/,2026-05-17T01:50:35+00:00,21.097560975609756
85782960,"Chemin du Furet 12, 1018 Lausanne - CHF 1’787 inkl. NK pro Monat",1787,2.0,55.0,1018,Lausanne,Vaud,Chemin du Furet 12,APARTMENT,46.54007853,6.62636246,https://flatfox.ch/de/wohnung/chemin-du-furet-12-1018-lausanne/85782960/,2026-05-17T01:50:35+00:00,32.49090909090909
85783335,"Im Albantal 9, 4147 Aesch BL - CHF 1’580 inkl. NK pro Monat",1580,3.0,68.0,4147,Aesch BL,Basel-Landschaft,Im Albantal 9,APARTMENT,47.46796294,7.599562700000001,https://flatfox.ch/de/wohnung/im-albantal-9-4147-aesch-bl/85783335/,2026-05-17T01:50:36+00:00,23.235294117647058
85783338,"Bottmingerstr. 11, 4102 Binningen - CHF 3’180 inkl. NK pro Monat",3180,5.5,108.0,4102,Binningen,Basel-Landschaft,Bottmingerstr. 11,APARTMENT,47.53615566,7.57626271,https://flatfox.ch/de/wohnung/bottmingerstr-11-4102-binningen/85783338/,2026-05-17T01:50:36+00:00,29.444444444444443
85783339,"Etzmattrain 22, 3322 Urtenen-Schönbühl - CHF 1’800 inkl. NK pro Monat",1800,3.5,81.0,3322,Urtenen-Schönbühl,Bern,Etzmattrain 22,APARTMENT,47.02527711,7.50281899,https://flatfox.ch/de/wohnung/etzmattrain-22-3322-urtenen-schonbuhl/85783339/,2026-05-17T01:50:36+00:00,22.22222222222222
85783340,"Etzmattrain 19, 3322 Urtenen-Schönbühl - CHF 1’920 inkl. NK pro Monat",1920,3.5,89.0,3322,Urtenen-Schönbühl,Bern,Etzmattrain 19,APARTMENT,47.02588125,7.5029838,https://flatfox.ch/de/wohnung/etzmattrain-19-3322-urtenen-schonbuhl/85783340/,2026-05-17T01:50:36+00:00,21.573033707865168
85783341,"Bodelenweg 107, 3172 Niederwangen b. Bern - CHF 1’910 inkl. NK pro Monat",1910,3.5,75.0,3172,Niederwangen b. Bern,Bern,Bodelenweg 107,APARTMENT,46.92821791,7.36851441,https://flatfox.ch/de/wohnung/bodelenweg-107-3172-niederwangen-b-bern/85783341/,2026-05-17T01:50:36+00:00,25.466666666666665
85783342,"Bodelenweg 107, 3172 Niederwangen b. Bern - CHF 1’890 inkl. NK pro Monat",1890,3.5,75.0,3172,Niederwangen b. Bern,Bern,Bodelenweg 107,APARTMENT,46.92821791,7.36851441,https://flatfox.ch/de/wohnung/bodelenweg-107-3172-niederwangen-b-bern/85783342/,2026-05-17T01:50:36+00:00,25.2
85783477,"Passerellenweg 34, 2503 Bienne - CHF 1’850 inkl. NK pro Monat",1850,3.5,68.0,2503,Bienne,Bern,Passerellenweg 34,APARTMENT,47.13380376,7.25884653,https://flatfox.ch/de/wohnung/passerellenweg-34-2503-bienne/85783477/,2026-05-17T01:50:36+00:00,27.205882352941178
85783484,"Bettlachstrasse 64, 2540 Grenchen - CHF 2’120 inkl. NK pro Monat",2120,4.5,110.0,2540,Grenchen,Solothurn,Bettlachstrasse 64,APARTMENT,47.19421299,7.401535399999999,https://flatfox.ch/de/wohnung/bettlachstrasse-64-2540-grenchen/85783484/,2026-05-17T01:50:36+00:00,19.272727272727273
85783503,"Rue des Terreaux 11, 1003 Lausanne - CHF 3’305 inkl. NK pro Monat",3305,3.0,107.0,1003,Lausanne,Vaud,Rue des Terreaux 11,APARTMENT,46.52257211,6.62784634,https://flatfox.ch/de/wohnung/rue-des-terreaux-11-1003-lausanne/85783503/,2026-05-17T01:50:36+00:00,30.88785046728972
85783929,"Ch. des Eterpeys 23, 1010 Lausanne - CHF 2’260 inkl. NK pro Monat",2260,3.5,82.0,1010,Lausanne,Vaud,Ch. des Eterpeys 23,APARTMENT,46.53496133,6.66209381,https://flatfox.ch/de/wohnung/ch-des-eterpeys-23-1010-lausanne/85783929/,2026-05-17T01:50:36+00:00,27.5609756097561
85784012,"Freihofstr. 10, 8575 Bürglen TG - CHF 1’640 inkl. NK pro Monat",1640,4.5,76.0,8575,Bürglen TG,Thurgau,Freihofstr. 10,APARTMENT,47.55067886,9.154476700000004,https://flatfox.ch/de/wohnung/freihofstr-10-8575-burglen-tg/85784012/,2026-05-17T01:50:36+00:00,21.57894736842105
85784276,"Mühleweg 2, 4245 Kleinlützel - CHF 2’750",2750,4.5,135.0,4245,Kleinlützel,Solothurn,Mühleweg 2,APARTMENT,47.42625068,7.420327099999999,https://flatfox.ch/de/wohnung/muhleweg-2-4245-kleinlutzel/85784276/,2026-05-17T01:50:36+00:00,20.37037037037037
85784302,"via arona, 7500 St. Moritz - CHF 2’200",2200,2.0,50.0,7500,St. Moritz,Graubünden,via arona,APARTMENT,46.49433865,9.83685296,https://flatfox.ch/de/wohnung/via-arona-7500-st-moritz/85784302/,2026-05-17T01:50:36+00:00,44.0
85784323,3203 Mühleberg - CHF 1’720,1720,3.0,83.0,3203,Mühleberg,Bern,,APARTMENT,46.95967524004743,7.263234792359698,https://flatfox.ch/de/wohnung/3203-muhleberg/85784323/,2026-05-17T01:50:36+00:00,20.72289156626506
85784325,"via delle scuole 3c, 6900 Paradiso - CHF 1’700",1700,2.5,75.0,6900,Paradiso,Ticino,via delle scuole 3c,APARTMENT,45.99015777,8.94592417,https://flatfox.ch/de/wohnung/via-delle-scuole-3c-6900-paradiso/85784325/,2026-05-17T01:50:36+00:00,22.666666666666668
85784326,"Waldeggstrasse, 3097 Liebefeld - CHF 2’200",2200,4.0,110.0,3097,Liebefeld,Bern,Waldeggstrasse,APARTMENT,46.93260215,7.41898596,https://flatfox.ch/de/wohnung/waldeggstrasse-3097-liebefeld/85784326/,2026-05-17T01:50:36+00:00,20.0
85784331,"Via San Bernardo 15, 6952 Canobbio - CHF 1’320",1320,2.5,85.0,6952,Canobbio,Ticino,Via San Bernardo 15,APARTMENT,46.0355381,8.96526981,https://flatfox.ch/de/wohnung/via-san-bernardo-15-6952-canobbio/85784331/,2026-05-17T01:50:36+00:00,15.529411764705882
85784346,"Blüemlisalpstrasse THUN, 3600 Thun - CHF 690",690,1.0,25.0,3600,Thun,Bern,Blüemlisalpstrasse THUN,SINGLE_ROOM,46.74954191,7.62708821,https://flatfox.ch/de/wohnung/bluemlisalpstrasse-thun-3600-thun/85784346/,2026-05-17T01:50:36+00:00,27.6
85784357,"via delle scuole 3b, 6900 Paradiso - CHF 2’756",2756,4.5,121.0,6900,Paradiso,Ticino,via delle scuole 3b,APARTMENT,45.99034684,8.94621633,https://flatfox.ch/de/wohnung/via-delle-scuole-3b-6900-paradiso/85784357/,2026-05-17T01:50:36+00:00,22.776859504132233
85784370,"Via Luigi Taddei 1, 6962 Viganello - CHF 950",950,1.0,45.0,6962,Viganello,Ticino,Via Luigi Taddei 1,SINGLE_ROOM,46.011887,8.96375731,https://flatfox.ch/de/wohnung/via-luigi-taddei-1-6962-viganello/85784370/,2026-05-17T01:50:36+00:00,21.11111111111111
85784386,"Ru Perret 4, 1475 Autavaux - CHF 1’880",1880,4.0,107.0,1475,Autavaux,Fribourg,Ru Perret 4,APARTMENT,46.86394967,6.88318278,https://flatfox.ch/de/wohnung/ru-perret-4-1475-autavaux/85784386/,2026-05-17T01:50:36+00:00,17.570093457943926
85784397,"Route des Agites 1, 1860 Aigle - CHF 1’450",1450,2.5,60.0,1860,Aigle,Vaud,Route des Agites 1,APARTMENT,46.31996226,6.96605055,https://flatfox.ch/de/wohnung/route-des-agites-1-1860-aigle/85784397/,2026-05-17T01:50:36+00:00,24.166666666666668
85784430,"Rue de la dôle 16, 1203 Genf - CHF 2’900",2900,5.0,123.0,1203,Genf,Geneva,Rue de la dôle 16,APARTMENT,46.2078775,6.13192081,https://flatfox.ch/de/wohnung/rue-de-la-dole-16-1203-genf/85784430/,2026-05-17T01:50:36+00:00,23.577235772357724
85784438,"La Grand Vy 13, 1268 Burtigny - CHF 1’870",1870,2.0,50.0,1268,Burtigny,Vaud,La Grand Vy 13,APARTMENT,46.44129154,6.252943200000001,https://flatfox.ch/de/wohnung/la-grand-vy-13-1268-burtigny/85784438/,2026-05-17T01:50:36+00:00,37.4
85784445,"Rue de Neuchâtel 13, 2072 St-Blaise - CHF 1’565",1565,3.5,65.0,2072,St-Blaise,Neuchâtel,Rue de Neuchâtel 13,APARTMENT,47.0132666,6.98295381,https://flatfox.ch/de/wohnung/rue-de-neuchatel-13-2072-st-blaise/85784445/,2026-05-17T01:50:36+00:00,24.076923076923077
85784446,"rue neuve 9, 1003 Lausanne - CHF 1’600",1600,2.0,40.0,1003,Lausanne,Vaud,rue neuve 9,APARTMENT,46.52326619999999,6.63032348,https://flatfox.ch/de/wohnung/rue-neuve-9-1003-lausanne/85784446/,2026-05-17T01:50:36+00:00,40.0
85784789,"Hegenheimerstrasse 69, 4055 Basel - CHF 2’280 inkl. NK pro Monat",2280,3.5,69.0,4055,Basel,Basel-Stadt,Hegenheimerstrasse 69,APARTMENT,47.56069517,7.57071877,https://flatfox.ch/de/wohnung/hegenheimerstrasse-69-4055-basel/85784789/,2026-05-17T01:50:38+00:00,33.04347826086956
85785920,"Mareshall joffre beaulie Sur mer, 6900 Lugano - CHF 2’200",2200,2.0,57.0,6900,Lugano,Ticino,Mareshall joffre beaulie Sur mer,APARTMENT,46.0093664,8.95078519,https://flatfox.ch/de/wohnung/mareshall-joffre-beaulie-sur-mer-6900-lugano/85785920/,2026-05-17T01:50:38+00:00,38.59649122807018
85785932,"Lungolago P.  Roncaioli, 6827 Brusino Arsizio - CHF 1’300",1300,4.5,95.0,6827,Brusino Arsizio,Ticino,Lungolago P.  Roncaioli,APARTMENT,45.92993191,8.93830727,https://flatfox.ch/de/wohnung/lungolago-p-roncaioli-6827-brusino-arsizio/85785932/,2026-05-17T01:50:38+00:00,13.68421052631579
85785943,6942 Savosa - CHF 2’700,2700,4.5,120.0,6942,Savosa,Ticino,,APARTMENT,46.019078713899695,8.942463201288401,https://flatfox.ch/de/wohnung/6942-savosa/85785943/,2026-05-17T01:50:38+00:00,22.5
85785974,9325 Roggwil TG - CHF 980,980,2.0,38.0,9325,Roggwil TG,Thurgau,,APARTMENT,47.50253257245353,9.388372033521328,https://flatfox.ch/de/wohnung/9325-roggwil-tg/85785974/,2026-05-17T01:50:38+00:00,25.789473684210527
85785977,"Chiasso, 6830 Chiasso - CHF 520",520,1.0,20.0,6830,Chiasso,Ticino,Chiasso,SINGLE_ROOM,45.83575364,9.02515861,https://flatfox.ch/de/wohnung/chiasso-6830-chiasso/85785977/,2026-05-17T01:50:38+00:00,26.0
85785987,"Chemin du Midi 19C, 1260 Nyon - CHF 3’515",3515,4.0,140.0,1260,Nyon,Vaud,Chemin du Midi 19C,APARTMENT,46.38192069,6.235159599999999,https://flatfox.ch/de/wohnung/chemin-du-midi-19c-1260-nyon/85785987/,2026-05-17T01:50:38+00:00,25.107142857142858
85786009,2000 Neuenburg - CHF 2’200,2200,3.5,90.0,2000,Neuenburg,Neuchâtel,,APARTMENT,46.99960698439852,6.934474328732128,https://flatfox.ch/de/wohnung/2000-neuenburg/85786009/,2026-05-17T01:50:38+00:00,24.444444444444443
85786022,"Grand-Rue 29, 1170 Aubonne - CHF 820",820,1.0,20.0,1170,Aubonne,Vaud,Grand-Rue 29,APARTMENT,46.495568800000015,6.39009831,https://flatfox.ch/de/wohnung/grand-rue-29-1170-aubonne/85786022/,2026-05-17T01:50:38+00:00,41.0
85786035,3960 Siders - CHF 1’000,1000,1.5,30.0,3960,Siders,Valais,,APARTMENT,46.29164025176512,7.542957929747793,https://flatfox.ch/de/wohnung/3960-siders/85786035/,2026-05-17T01:50:38+00:00,33.333333333333336
85786039,"Route de Domdidier, 1566 St-Aubin FR - CHF 2’000",2000,4.5,120.0,1566,St-Aubin FR,Fribourg,Route de Domdidier,APARTMENT,46.88281423,6.98725161,https://flatfox.ch/de/wohnung/route-de-domdidier-1566-st-aubin-fr/85786039/,2026-05-17T01:50:38+00:00,16.666666666666668
85786048,"Route clos soleil, 1854 Leysin - CHF 1’800",1800,3.0,102.0,1854,Leysin,Vaud,Route clos soleil,APARTMENT,46.34597318,7.0185247,https://flatfox.ch/de/wohnung/route-clos-soleil-1854-leysin/85786048/,2026-05-17T01:50:38+00:00,17.647058823529413
85786059,"Avenue de la gare 7, 1890 St-Maurice - CHF 1’630",1630,3.5,82.0,1890,St-Maurice,Valais,Avenue de la gare 7,APARTMENT,46.21680153,7.003515,https://flatfox.ch/de/wohnung/avenue-de-la-gare-7-1890-st-maurice/85786059/,2026-05-17T01:50:38+00:00,19.878048780487806
85786168,6962 Viganello - CHF 1’400,1400,2.5,45.0,6962,Viganello,Ticino,,APARTMENT,46.012327106161,8.969049468757945,https://flatfox.ch/de/wohnung/6962-viganello/85786168/,2026-05-17T01:50:38+00:00,31.11111111111111
85786172,6932 Lugano - CHF 4’300,4300,4.5,140.0,6932,Lugano,Ticino,,APARTMENT,46.01114680346857,8.92772883739566,https://flatfox.ch/de/wohnung/6932-lugano/85786172/,2026-05-17T01:50:38+00:00,30.714285714285715
85786259,3963 Crans-Montana - CHF 3’800 inkl. NK pro Monat,3800,4.5,100.0,3963,Crans-Montana,Valais,,APARTMENT,46.3566866680807,7.508050373411954,https://flatfox.ch/de/wohnung/3963-crans-montana/85786259/,2026-05-17T01:50:38+00:00,38.0
85786439,"Kleingschneit 314 3096 Oberbalm, 3096 Oberbalm, CH - CHF 2’000 inkl. NK pro Monat",2000,5.5,150.0,3096,"Oberbalm, CH",Bern,Kleingschneit 314 3096 Oberbalm,APARTMENT,46.87255641,7.38641747,https://flatfox.ch/de/wohnung/kleingschneit-314-3096-oberbalm-3096-oberbalm-ch/85786439/,2026-05-17T01:50:38+00:00,13.333333333333334
85786722,"Sandgrubenstr. 63, 4058 Basel - CHF 1’970 inkl. NK pro Monat",1970,3.5,91.0,4058,Basel,Basel-Stadt,Sandgrubenstr. 63,APARTMENT,47.56510396,7.605199199999999,https://flatfox.ch/de/wohnung/sandgrubenstr-63-4058-basel/85786722/,2026-05-17T01:50:38+00:00,21.64835164835165
85786738,"Mattaweg 13, 3930 Visp - CHF 1’716 inkl. NK pro Monat",1716,3.5,88.0,3930,Visp,Valais,Mattaweg 13,APARTMENT,46.29743287,7.880174899999999,https://flatfox.ch/de/wohnung/mattaweg-13-3930-visp/85786738/,2026-05-17T01:50:38+00:00,19.5
85786746,"Chemin des Semailles 9A, 1212 Grand-Lancy - CHF 2’235 inkl. NK pro Monat",2235,3.0,48.0,1212,Grand-Lancy,Geneva,Chemin des Semailles 9A,APARTMENT,46.1796013,6.12039739,https://flatfox.ch/de/wohnung/chemin-des-semailles-9a-1212-grand-lancy/85786746/,2026-05-17T01:50:38+00:00,46.5625
85787019,"Holzackerweg 16, 3073 Gümligen - CHF 2’000 inkl. NK pro Monat",2000,4.0,78.0,3073,Gümligen,Bern,Holzackerweg 16,APARTMENT,46.94044041,7.49932911,https://flatfox.ch/de/wohnung/holzackerweg-16-3073-gumligen/85787019/,2026-05-17T01:50:38+00:00,25.641025641025642
85787256,"Route de Villars-Vert 16, 1752 Villars-sur-Glâne - CHF 870 inkl. NK pro Monat",870,1.5,31.0,1752,Villars-sur-Glâne,Fribourg,Route de Villars-Vert 16,APARTMENT,46.79944620000001,7.12982573,https://flatfox.ch/de/wohnung/route-de-villars-vert-16-1752-villars-sur-glane/85787256/,2026-05-17T01:50:38+00:00,28.06451612903226
85787257,"Rue du Câro 8, 1630 BULLE - CHF 1’685",1685,3.5,77.0,1630,BULLE,Fribourg,Rue du Câro 8,APARTMENT,46.62663614,7.06154541,https://flatfox.ch/de/wohnung/rue-du-caro-8-1630-bulle/85787257/,2026-05-17T01:50:38+00:00,21.883116883116884
85787327,"Bachtelstrasse 22a, 8630 Rüti ZH - CHF 1’645 inkl. NK pro Monat",1645,3.0,62.0,8630,Rüti ZH,Zurich,Bachtelstrasse 22a,APARTMENT,47.2658185,8.86670476,https://flatfox.ch/de/wohnung/bachtelstrasse-22a-8630-ruti-zh/85787327/,2026-05-17T01:50:38+00:00,26.532258064516128
85787414,"Schlossplatz 1, 5000 Aarau - CHF 1’595",1595,1.5,45.0,5000,Aarau,Aargau,Schlossplatz 1,APARTMENT,47.39342491,8.04504153,https://flatfox.ch/de/wohnung/schlossplatz-1-5000-aarau/85787414/,2026-05-17T01:50:40+00:00,35.44444444444444
85787601,"Seidenweg 70, 3012 Bern - CHF 1’559",1559,2.5,50.0,3012,Bern,Bern,Seidenweg 70,APARTMENT,46.95656061,7.43395539,https://flatfox.ch/de/wohnung/seidenweg-70-3012-bern/85787601/,2026-05-17T01:50:40+00:00,31.18
85787648,"Entenweidstrasse 80, 4056 Basel - CHF 1’400",1400,2.0,45.0,4056,Basel,Basel-Stadt,Entenweidstrasse 80,APARTMENT,47.56913141,7.573791699999999,https://flatfox.ch/de/wohnung/entenweidstrasse-80-4056-basel/85787648/,2026-05-17T01:50:40+00:00,31.11111111111111
85787715,"Madretschstrasse 124, 2503 Biel/Bienne - CHF 1’480",1480,4.5,90.0,2503,Biel/Bienne,Bern,Madretschstrasse 124,APARTMENT,47.13691524,7.25880416,https://flatfox.ch/de/wohnung/madretschstrasse-124-2503-bielbienne/85787715/,2026-05-17T01:50:40+00:00,16.444444444444443
85787801,"A Lausanne, 1010 Lausanne - CHF 2’880",2880,4.5,138.0,1010,Lausanne,Vaud,A Lausanne,APARTMENT,46.53761859999999,6.65396657,https://flatfox.ch/de/wohnung/a-lausanne-1010-lausanne/85787801/,2026-05-17T01:50:40+00:00,20.869565217391305
85787884,"via Crösa caraccio 4, 6874 Castel San Pietro - CHF 980",980,1.0,45.0,6874,Castel San Pietro,Ticino,via Crösa caraccio 4,APARTMENT,45.85678368,9.00385231,https://flatfox.ch/de/wohnung/via-crosa-caraccio-4-6874-castel-san-pietro/85787884/,2026-05-17T01:50:40+00:00,21.77777777777778
85787918,"Taubenloch 3, 3273 Kappelen - CHF 1’850",1850,2.0,105.0,3273,Kappelen,Bern,Taubenloch 3,APARTMENT,47.07398171,7.2654876,https://flatfox.ch/de/wohnung/taubenloch-3-3273-kappelen/85787918/,2026-05-17T01:50:40+00:00,17.61904761904762
85787922,"via dei Fiori 6, 6600 Muralto - CHF 2’190",2190,4.5,112.0,6600,Muralto,Ticino,via dei Fiori 6,APARTMENT,46.17364892,8.798524900000002,https://flatfox.ch/de/wohnung/via-dei-fiori-6-6600-muralto/85787922/,2026-05-17T01:50:40+00:00,19.553571428571427
85787929,"Reismühlestrasse 5, 8409 Winterthur - CHF 2’150",2150,3.5,78.0,8409,Winterthur,Zurich,Reismühlestrasse 5,APARTMENT,47.50669948,8.76821825,https://flatfox.ch/de/wohnung/reismuhlestrasse-5-8409-winterthur/85787929/,2026-05-17T01:50:40+00:00,27.564102564102566
85787938,4415 Lausen - CHF 2’079,2079,4.5,100.0,4415,Lausen,Basel-Landschaft,,APARTMENT,47.47284582443932,7.759425742203599,https://flatfox.ch/de/wohnung/4415-lausen/85787938/,2026-05-17T01:50:40+00:00,20.79
85787946,"Via Somazzi 1, 6932 Breganzona - CHF 1’800",1800,4.0,94.0,6932,Breganzona,Ticino,Via Somazzi 1,APARTMENT,46.00632098,8.92853678,https://flatfox.ch/de/wohnung/via-somazzi-1-6932-breganzona/85787946/,2026-05-17T01:50:40+00:00,19.148936170212767
85787958,"Spitalstrasse 2, 5080 Laufenburg - CHF 1’720",1720,3.0,89.0,5080,Laufenburg,Aargau,Spitalstrasse 2,APARTMENT,47.5619264,8.06224786,https://flatfox.ch/de/wohnung/spitalstrasse-2-5080-laufenburg/85787958/,2026-05-17T01:50:40+00:00,19.325842696629213
85787961,"zona stadio, 6500 Bellinzona - CHF 700",700,1.0,20.0,6500,Bellinzona,Ticino,zona stadio,SINGLE_ROOM,46.1987436,9.02354669,https://flatfox.ch/de/wohnung/zona-stadio-6500-bellinzona/85787961/,2026-05-17T01:50:40+00:00,35.0
85787996,6713 Malvaglia - CHF 1’800,1800,4.5,150.0,6713,Malvaglia,Ticino,,APARTMENT,46.40976466081381,9.039110689893109,https://flatfox.ch/de/wohnung/6713-malvaglia/85787996/,2026-05-17T01:50:40+00:00,12.0
85788043,"Chemin de l'Orée 22, 2208 Les Hauts-Geneveys - CHF 950",950,1.5,42.0,2208,Les Hauts-Geneveys,Neuchâtel,Chemin de l'Orée 22,APARTMENT,47.0480669,6.87168458,https://flatfox.ch/de/wohnung/chemin-de-loree-22-2208-les-hauts-geneveys/85788043/,2026-05-17T01:50:40+00:00,22.61904761904762
85788057,"Rue Daubin 27, 1203 Genf - CHF 3’040",3040,4.0,80.0,1203,Genf,Geneva,Rue Daubin 27,APARTMENT,46.20712462,6.129878499999999,https://flatfox.ch/de/wohnung/rue-daubin-27-1203-genf/85788057/,2026-05-17T01:50:40+00:00,38.0
85788093,"Rue des Epetys 3C Ardon, 1957 Ardon - CHF 1’340",1340,2.5,55.0,1957,Ardon,Valais,Rue des Epetys 3C Ardon,APARTMENT,46.20800131,7.265827499999999,https://flatfox.ch/de/wohnung/rue-des-epetys-3c-ardon-1957-ardon/85788093/,2026-05-17T01:50:40+00:00,24.363636363636363
85788099,"Chemin du Vieux Collège, 1008 Jouxtens-Mézery - CHF 1’560",1560,3.0,59.0,1008,Jouxtens-Mézery,Vaud,Chemin du Vieux Collège,APARTMENT,46.534491,6.608421,https://flatfox.ch/de/wohnung/chemin-du-vieux-college-1008-jouxtens-mezery/85788099/,2026-05-17T01:50:40+00:00,26.440677966101696
85788108,"Grand'Rue 54, 1373 Chavornay - CHF 1’680",1680,2.5,75.0,1373,Chavornay,Vaud,Grand'Rue 54,APARTMENT,46.7063635,6.56951446,https://flatfox.ch/de/wohnung/grandrue-54-1373-chavornay/85788108/,2026-05-17T01:50:40+00:00,22.4
85788120,"route de chaulin 85, 1832 Chamby - CHF 1’400",1400,1.5,71.0,1832,Chamby,Vaud,route de chaulin 85,APARTMENT,46.45362882,6.90900065,https://flatfox.ch/de/wohnung/route-de-chaulin-85-1832-chamby/85788120/,2026-05-17T01:50:40+00:00,19.718309859154928
85788127,"Rue de la Gare, Bevaix, 2022 Bevaix - CHF 650",650,1.0,35.0,2022,Bevaix,Neuchâtel,"Rue de la Gare, Bevaix",APARTMENT,46.92883131,6.81233097,https://flatfox.ch/de/wohnung/rue-de-la-gare-bevaix-2022-bevaix/85788127/,2026-05-17T01:50:40+00:00,18.571428571428573
85788140,"Kranichweg 34, 3074 Muri b. Bern - CHF 2’240 inkl. NK pro Monat",2240,3.5,101.0,3074,Muri b. Bern,Bern,Kranichweg 34,APARTMENT,46.93583952,7.4860863,https://flatfox.ch/de/wohnung/kranichweg-34-3074-muri-b-bern/85788140/,2026-05-17T01:50:40+00:00,22.178217821782177
85788262,"Plattenstrasse 6, 8810 Horgen - CHF 1’733 inkl. NK pro Monat",1733,2.5,45.0,8810,Horgen,Zurich,Plattenstrasse 6,APARTMENT,47.26581968,8.587421899999999,https://flatfox.ch/de/wohnung/plattenstrasse-6-8810-horgen/85788262/,2026-05-17T01:50:40+00:00,38.51111111111111
85788485,"Chemin du Contournement 18, 1337 Vallorbe - CHF 2’500",2500,4.5,96.0,1337,Vallorbe,Vaud,Chemin du Contournement 18,ROOF_FLAT,46.71791753,6.39966656,https://flatfox.ch/de/wohnung/chemin-du-contournement-18-1337-vallorbe/85788485/,2026-05-17T01:50:43+00:00,26.041666666666668
85788538,"Haselrain 75, 4125 Riehen - CHF 1’950 inkl. NK pro Monat",1950,3.5,80.0,4125,Riehen,Basel-Stadt,Haselrain 75,APARTMENT,47.59299751,7.65607266,https://flatfox.ch/de/wohnung/haselrain-75-4125-riehen/85788538/,2026-05-17T01:50:43+00:00,24.375
85788550,"Talstrasse 41, 3122 Kehrsatz - CHF 1’450 inkl. NK pro Monat",1450,3.5,60.0,3122,Kehrsatz,Bern,Talstrasse 41,APARTMENT,46.90731688,7.46239171,https://flatfox.ch/de/wohnung/talstrasse-41-3122-kehrsatz/85788550/,2026-05-17T01:50:43+00:00,24.166666666666668
85788628,"Aeulistrasse 1, 8570 Weinfelden - CHF 1’680",1680,3.0,82.0,8570,Weinfelden,Thurgau,Aeulistrasse 1,APARTMENT,47.56510411,9.1210105,https://flatfox.ch/de/wohnung/aeulistrasse-1-8570-weinfelden/85788628/,2026-05-17T01:50:43+00:00,20.48780487804878
85788719,"Klostergasse 23, 4143 Dornach - CHF 2’080 inkl. NK pro Monat",2080,3.5,116.0,4143,Dornach,Solothurn,Klostergasse 23,APARTMENT,47.48706884,7.61111784,https://flatfox.ch/de/wohnung/klostergasse-23-4143-dornach/85788719/,2026-05-17T01:50:43+00:00,17.93103448275862
85789011,"Dörnliackerstrasse 7, 8952 Schlieren - CHF 1’890",1890,2.5,52.0,8952,Schlieren,Zurich,Dörnliackerstrasse 7,APARTMENT,47.39529821,8.43865831,https://flatfox.ch/de/wohnung/dornliackerstrasse-7-8952-schlieren/85789011/,2026-05-17T01:50:43+00:00,36.34615384615385
85789017,"Forellenweg 16, 2500 Biel/Bienne - CHF 1’540 inkl. NK pro Monat",1540,4.5,78.0,2500,Biel/Bienne,Bern,Forellenweg 16,APARTMENT,47.14614827,7.26898912,https://flatfox.ch/de/wohnung/forellenweg-16-2500-bielbienne/85789017/,2026-05-17T01:50:43+00:00,19.743589743589745
85789333,"Route du Village 24, 1847 Rennaz - CHF 1’490",1490,3.5,77.0,1847,Rennaz,Vaud,Route du Village 24,APARTMENT,46.37515577,6.91878354,https://flatfox.ch/de/wohnung/route-du-village-24-1847-rennaz/85789333/,2026-05-17T01:50:43+00:00,19.350649350649352
85789620,"Rue des Terreaux 11, 1003 Lausanne - CHF 1’944 inkl. NK pro Monat",1944,2.0,70.0,1003,Lausanne,Vaud,Rue des Terreaux 11,APARTMENT,46.52257211,6.62784634,https://flatfox.ch/de/wohnung/rue-des-terreaux-11-1003-lausanne/85789620/,2026-05-17T01:50:43+00:00,27.771428571428572
85789656,"Route de la Pierra 8, 1678 Siviriez - CHF 1’940",1940,3.5,92.0,1678,Siviriez,Fribourg,Route de la Pierra 8,APARTMENT,46.65967788,6.8861385,https://flatfox.ch/de/wohnung/route-de-la-pierra-8-1678-siviriez/85789656/,2026-05-17T01:50:43+00:00,21.08695652173913
85790260,"Rue des Lattes 51, 1217 Meyrin - CHF 2’600 inkl. NK pro Monat",2600,5.0,86.0,1217,Meyrin,Geneva,Rue des Lattes 51,APARTMENT,46.23942897,6.07933644,https://flatfox.ch/de/wohnung/rue-des-lattes-51-1217-meyrin/85790260/,2026-05-17T01:50:45+00:00,30.232558139534884
85790270,"Rue Basse 20, 2610 Saint-Imier - CHF 770",770,2.5,64.0,2610,Saint-Imier,Bern,Rue Basse 20,APARTMENT,47.1525272,6.9989487000000015,https://flatfox.ch/de/wohnung/rue-basse-20-2610-saint-imier/85790270/,2026-05-17T01:50:45+00:00,12.03125
85790291,"Steinweg 12, 3250 Lyss - CHF 1’935 inkl. NK pro Monat",1935,3.5,84.0,3250,Lyss,Bern,Steinweg 12,APARTMENT,47.07856995,7.30334838,https://flatfox.ch/de/wohnung/steinweg-12-3250-lyss/85790291/,2026-05-17T01:50:45+00:00,23.035714285714285
85790293,"Huebzelg 3, 8590 Romanshorn - CHF 1’450 inkl. NK pro Monat",1450,2.5,63.0,8590,Romanshorn,Thurgau,Huebzelg 3,APARTMENT,47.56369015,9.3691127,https://flatfox.ch/de/wohnung/huebzelg-3-8590-romanshorn/85790293/,2026-05-17T01:50:45+00:00,23.015873015873016
85790403,"Seefeldstrasse 239, 8008 Zürich - CHF 3’850 inkl. NK pro Monat",3850,3.5,99.0,8008,Zürich,Zurich,Seefeldstrasse 239,APARTMENT,47.35050969,8.56200131,https://flatfox.ch/de/wohnung/seefeldstrasse-239-8008-zurich/85790403/,2026-05-17T01:50:45+00:00,38.888888888888886
85790426,"Mitteldorfweg 5, 5243 Mülligen - CHF 1’700 inkl. NK pro Monat",1700,1.5,54.0,5243,Mülligen,Aargau,Mitteldorfweg 5,APARTMENT,47.45728357,8.23846173,https://flatfox.ch/de/wohnung/mitteldorfweg-5-5243-mulligen/85790426/,2026-05-17T01:50:45+00:00,31.48148148148148
85790445,"Hauptstrasse 13a, 8280 Kreuzlingen - CHF 2’505 inkl. NK pro Monat",2505,5.5,139.0,8280,Kreuzlingen,Thurgau,Hauptstrasse 13a,APARTMENT,47.65333753,9.1738738,https://flatfox.ch/de/wohnung/hauptstrasse-13a-8280-kreuzlingen/85790445/,2026-05-17T01:50:45+00:00,18.02158273381295
85790718,"Chemin des Marrais 27, 1784 Courtepin - CHF 1’580",1580,2.5,74.0,1784,Courtepin,Fribourg,Chemin des Marrais 27,APARTMENT,46.86048327,7.12314399,https://flatfox.ch/de/wohnung/chemin-des-marrais-27-1784-courtepin/85790718/,2026-05-17T01:50:45+00:00,21.35135135135135
85790770,"Bleichenstrasse 27, 4058 Basel - CHF 1’520 inkl. NK pro Monat",1520,1.5,53.0,4058,Basel,Basel-Stadt,Bleichenstrasse 27,APARTMENT,47.56626350000002,7.601554600000002,https://flatfox.ch/de/wohnung/bleichenstrasse-27-4058-basel/85790770/,2026-05-17T01:50:45+00:00,28.67924528301887
85790792,"Löwenstrasse 57, 9400 Rorschach - CHF 1’620 inkl. NK pro Monat",1620,2.5,64.0,9400,Rorschach,St. Gallen,Löwenstrasse 57,APARTMENT,47.47786126,9.48313844,https://flatfox.ch/de/wohnung/lowenstrasse-57-9400-rorschach/85790792/,2026-05-17T01:50:45+00:00,25.3125
85790796,"Hubelhüsistrasse 5, 3147 Mittelhäusern - CHF 1’590 inkl. NK pro Monat",1590,2.5,56.0,3147,Mittelhäusern,Bern,Hubelhüsistrasse 5,APARTMENT,46.87550021,7.367680300000001,https://flatfox.ch/de/wohnung/hubelhusistrasse-5-3147-mittelhausern/85790796/,2026-05-17T01:50:45+00:00,28.392857142857142
85790821,"Nordring 42, 3013 Bern - CHF 2’150 inkl. NK pro Monat",2150,3.0,57.0,3013,Bern,Bern,Nordring 42,APARTMENT,46.95838854,7.447101699999998,https://flatfox.ch/de/wohnung/nordring-42-3013-bern/85790821/,2026-05-17T01:50:45+00:00,37.719298245614034
85791041,"Hagenbuchstrasse 25, 8192 Zweidlen - CHF 2’700 inkl. NK pro Monat",2700,4.5,107.0,8192,Zweidlen,Zurich,Hagenbuchstrasse 25,APARTMENT,47.56969864,8.46953571,https://flatfox.ch/de/wohnung/hagenbuchstrasse-25-8192-zweidlen/85791041/,2026-05-17T01:50:45+00:00,25.233644859813083
85791054,"Ländtestrasse 2, 3626 Hilterfingen - CHF 1’680 inkl. NK pro Monat",1680,4.5,82.0,3626,Hilterfingen,Bern,Ländtestrasse 2,APARTMENT,46.74531998,7.64362268,https://flatfox.ch/de/wohnung/landtestrasse-2-3626-hilterfingen/85791054/,2026-05-17T01:50:45+00:00,20.48780487804878
85791057,"Ringstrasse 2A, Olten, 4600 Olten - CHF 2’290 inkl. NK pro Monat",2290,4.5,115.0,4600,Olten,Solothurn,"Ringstrasse 2A, Olten",APARTMENT,47.35213186,7.9022497,https://flatfox.ch/de/wohnung/ringstrasse-2a-olten-4600-olten/85791057/,2026-05-17T01:50:45+00:00,19.91304347826087
85791061,"Fliederweg 5, 4612 Wangen b. Olten - CHF 850",850,1.0,28.0,4612,Wangen b. Olten,Solothurn,Fliederweg 5,APARTMENT,47.34558798,7.872324000000002,https://flatfox.ch/de/wohnung/fliederweg-5-4612-wangen-b-olten/85791061/,2026-05-17T01:50:45+00:00,30.357142857142858
85791129,"Rebwiesstr. 64, 8702 Zollikon - CHF 4’240 inkl. NK pro Monat",4240,4.5,144.0,8702,Zollikon,Zurich,Rebwiesstr. 64,APARTMENT,47.34619369,8.58797885,https://flatfox.ch/de/wohnung/rebwiesstr-64-8702-zollikon/85791129/,2026-05-17T01:50:45+00:00,29.444444444444443
85791179,"Kohlplatzweg 24, 4310 Rheinfelden - CHF 2’050 inkl. NK pro Monat",2050,3.5,74.0,4310,Rheinfelden,Aargau,Kohlplatzweg 24,APARTMENT,47.55289015,7.80227162,https://flatfox.ch/de/wohnung/kohlplatzweg-24-4310-rheinfelden/85791179/,2026-05-17T01:50:45+00:00,27.7027027027027
85791360,"Seetalstrasse 117, 5503 Schafisheim - CHF 1’390 inkl. NK pro Monat",1390,2.5,53.0,5503,Schafisheim,Aargau,Seetalstrasse 117,APARTMENT,47.37616318,8.14319021,https://flatfox.ch/de/wohnung/seetalstrasse-117-5503-schafisheim/85791360/,2026-05-17T01:50:45+00:00,26.22641509433962
85791664,"Zentralstrasse 68, 2503 Biel/Bienne - CHF 1’904 inkl. NK pro Monat",1904,3.5,93.0,2503,Biel/Bienne,Bern,Zentralstrasse 68,APARTMENT,47.13366279,7.24975686,https://flatfox.ch/de/wohnung/zentralstrasse-68-2503-bielbienne/85791664/,2026-05-17T01:50:45+00:00,20.473118279569892
85791695,"Rue Juste-Olivier 13, 1260 Nyon - CHF 2’560 inkl. NK pro Monat",2560,3.0,90.0,1260,Nyon,Vaud,Rue Juste-Olivier 13,APARTMENT,46.3844559,6.23793438,https://flatfox.ch/de/wohnung/rue-juste-olivier-13-1260-nyon/85791695/,2026-05-17T01:50:45+00:00,28.444444444444443
85791858,"Via Lunghi 1, 6802 Rivera - CHF 1’600",1600,4.5,116.0,6802,Rivera,Ticino,Via Lunghi 1,APARTMENT,46.12283781,8.92258494,https://flatfox.ch/de/wohnung/via-lunghi-1-6802-rivera/85791858/,2026-05-17T01:50:46+00:00,13.793103448275861
85791866,"Langmattweg 2, 5616 Meisterschwanden - CHF 1’700",1700,4.0,95.0,5616,Meisterschwanden,Aargau,Langmattweg 2,APARTMENT,47.28916922,8.226428199999999,https://flatfox.ch/de/wohnung/langmattweg-2-5616-meisterschwanden/85791866/,2026-05-17T01:50:46+00:00,17.894736842105264
85791873,4127 Birsfelden - CHF 1’188,1188,1.0,30.0,4127,Birsfelden,Basel-Landschaft,,APARTMENT,47.55167921508591,7.627298122848911,https://flatfox.ch/de/wohnung/4127-birsfelden/85791873/,2026-05-17T01:50:46+00:00,39.6
85791879,"Via Zurigo 30, 6900 Lugano - CHF 700",700,1.0,30.0,6900,Lugano,Ticino,Via Zurigo 30,APARTMENT,46.01121557,8.95116598,https://flatfox.ch/de/wohnung/via-zurigo-30-6900-lugano/85791879/,2026-05-17T01:50:46+00:00,23.333333333333332
85791886,"Gotthardstrasse 35, 6484 Wassen UR - CHF 1’390",1390,3.5,65.0,6484,Wassen UR,Uri,Gotthardstrasse 35,APARTMENT,46.70639911,8.59985933,https://flatfox.ch/de/wohnung/gotthardstrasse-35-6484-wassen-ur/85791886/,2026-05-17T01:50:46+00:00,21.384615384615383
85791910,3000 Bern - CHF 2’280,2280,4.5,120.0,3000,Bern,Bern,,APARTMENT,46.94802875977389,7.447467137914487,https://flatfox.ch/de/wohnung/3000-bern/85791910/,2026-05-17T01:50:46+00:00,19.0
85791916,"Bosco Gurin, 6685 Bosco/Gurin - CHF 900",900,3.0,75.0,6685,Bosco/Gurin,Ticino,Bosco Gurin,APARTMENT,46.32707623,8.479987399999999,https://flatfox.ch/de/wohnung/bosco-gurin-6685-boscogurin/85791916/,2026-05-17T01:50:46+00:00,12.0
85791923,"Via Tesserete 21 Massagno, 6900 Massagno - CHF 1’300",1300,1.5,55.0,6900,Massagno,Ticino,Via Tesserete 21 Massagno,APARTMENT,46.01194951,8.949044400000002,https://flatfox.ch/de/wohnung/via-tesserete-21-massagno-6900-massagno/85791923/,2026-05-17T01:50:46+00:00,23.636363636363637
85791932,"Zentrum, 6285 Retschwil - CHF 850",850,1.0,26.0,6285,Retschwil,Lucerne,Zentrum,APARTMENT,47.19291458,8.25356381,https://flatfox.ch/de/wohnung/zentrum-6285-retschwil/85791932/,2026-05-17T01:50:46+00:00,32.69230769230769
85791986,"Rue d'Octodure 4, Martigny, 1920 Martigny - CHF 850",850,1.0,79.0,1920,Martigny,Valais,"Rue d'Octodure 4, Martigny",SINGLE_ROOM,46.10007644,7.07406497,https://flatfox.ch/de/wohnung/rue-doctodure-4-martigny-1920-martigny/85791986/,2026-05-17T01:50:46+00:00,10.759493670886076
85792014,"Rue du Moutier 16, 1337 Vallorbe - CHF 2’200",2200,3.0,100.0,1337,Vallorbe,Vaud,Rue du Moutier 16,APARTMENT,46.71114323,6.37397666,https://flatfox.ch/de/wohnung/rue-du-moutier-16-1337-vallorbe/85792014/,2026-05-17T01:50:46+00:00,22.0
85792041,"Chemin du goilly, 1926 Fully - CHF 860",860,1.5,35.0,1926,Fully,Valais,Chemin du goilly,APARTMENT,46.12744969,7.08916819,https://flatfox.ch/de/wohnung/chemin-du-goilly-1926-fully/85792041/,2026-05-17T01:50:46+00:00,24.571428571428573
85792045,"Avenue d'Ouchy 18, 1006 Lausanne - CHF 3’450",3450,4.5,118.0,1006,Lausanne,Vaud,Avenue d'Ouchy 18,APARTMENT,46.51314981,6.630279799999999,https://flatfox.ch/de/wohnung/avenue-douchy-18-1006-lausanne/85792045/,2026-05-17T01:50:46+00:00,29.23728813559322
85792062,"Avenches, 1580 Avenches - CHF 590",590,1.0,16.0,1580,Avenches,Vaud,Avenches,SINGLE_ROOM,46.88060095,7.04270754,https://flatfox.ch/de/wohnung/avenches-1580-avenches/85792062/,2026-05-17T01:50:46+00:00,36.875
85792081,"Attalens, 1616 Attalens - CHF 3’300",3300,5.5,150.0,1616,Attalens,Fribourg,Attalens,APARTMENT,46.50909031,6.850272599999999,https://flatfox.ch/de/wohnung/attalens-1616-attalens/85792081/,2026-05-17T01:50:46+00:00,22.0
85792085,"Rue de Soleure 21, 2525 Le Landeron - CHF 2’170",2170,3.5,102.0,2525,Le Landeron,Neuchâtel,Rue de Soleure 21,APARTMENT,47.05500599,7.06608715,https://flatfox.ch/de/wohnung/rue-de-soleure-21-2525-le-landeron/85792085/,2026-05-17T01:50:46+00:00,21.274509803921568
85792088,"Rue des Corbes 25, 2065 Savagnier - CHF 1’900",1900,4.5,150.0,2065,Savagnier,Neuchâtel,Rue des Corbes 25,APARTMENT,47.05227595,6.95390377,https://flatfox.ch/de/wohnung/rue-des-corbes-25-2065-savagnier/85792088/,2026-05-17T01:50:46+00:00,12.666666666666666
85792143,"Mittelstrasse 17, 2558 Aegerten - CHF 2’240 inkl. NK pro Monat",2240,4.5,114.0,2558,Aegerten,Bern,Mittelstrasse 17,APARTMENT,47.12036056,7.291546,https://flatfox.ch/de/wohnung/mittelstrasse-17-2558-aegerten/85792143/,2026-05-17T01:50:46+00:00,19.649122807017545
85792178,"Seemoosholzstrasse 20, 9320 Arbon - CHF 2’060 inkl. NK pro Monat",2060,4.5,101.0,9320,Arbon,Thurgau,Seemoosholzstrasse 20,APARTMENT,47.52085942,9.4239621,https://flatfox.ch/de/wohnung/seemoosholzstrasse-20-9320-arbon/85792178/,2026-05-17T01:50:46+00:00,20.396039603960396
85792366,"Schmelzirain 4, 2540 Grenchen - CHF 1’450 inkl. NK pro Monat",1450,4.0,85.0,2540,Grenchen,Solothurn,Schmelzirain 4,APARTMENT,47.19936814,7.389033100000002,https://flatfox.ch/de/wohnung/schmelzirain-4-2540-grenchen/85792366/,2026-05-17T01:50:46+00:00,17.058823529411764
85792535,"Metzerstrasse 21, 4056 Basel - CHF 2’170 inkl. NK pro Monat",2170,3.0,78.0,4056,Basel,Basel-Stadt,Metzerstrasse 21,APARTMENT,47.56416645,7.5777334,https://flatfox.ch/de/wohnung/metzerstrasse-21-4056-basel/85792535/,2026-05-17T01:50:49+00:00,27.82051282051282
85792681,"Strengenfeldweg 23, 4222 Zwingen - CHF 1’630 inkl. NK pro Monat",1630,2.5,60.0,4222,Zwingen,Basel-Landschaft,Strengenfeldweg 23,APARTMENT,47.4379215,7.53751494,https://flatfox.ch/de/wohnung/strengenfeldweg-23-4222-zwingen/85792681/,2026-05-17T01:50:49+00:00,27.166666666666668
85792758,"Nässistrasse 2, 8215 Hallau - CHF 1’850",1850,3.5,78.0,8215,Hallau,Schaffhausen,Nässistrasse 2,ATTIC_FLAT,47.69564551,8.461852499999999,https://flatfox.ch/de/wohnung/nassistrasse-2-8215-hallau/85792758/,2026-05-17T01:50:49+00:00,23.71794871794872
85792881,6816 Bissone - CHF 8’500,8500,5.5,238.0,6816,Bissone,Ticino,,APARTMENT,45.95248998507816,8.966438230594145,https://flatfox.ch/de/wohnung/6816-bissone/85792881/,2026-05-17T01:50:49+00:00,35.714285714285715
85792891,6816 Bissone - CHF 9’840,9840,5.0,238.0,6816,Bissone,Ticino,,APARTMENT,45.95241015391485,8.966499390787046,https://flatfox.ch/de/wohnung/6816-bissone/85792891/,2026-05-17T01:50:49+00:00,41.34453781512605
85792911,6816 Bissone - CHF 8’500,8500,5.5,238.0,6816,Bissone,Ticino,,APARTMENT,45.95246616149242,8.966525560403353,https://flatfox.ch/de/wohnung/6816-bissone/85792911/,2026-05-17T01:50:49+00:00,35.714285714285715
85792951,"Envers 45, 2400 Le Locle - CHF 1’490",1490,4.5,156.0,2400,Le Locle,Neuchâtel,Envers 45,APARTMENT,47.05637147,6.74927526,https://flatfox.ch/de/wohnung/envers-45-2400-le-locle/85792951/,2026-05-17T01:50:49+00:00,9.551282051282051
85792956,"Envers 45, 2400 Le Locle - CHF 1’490 inkl. NK pro Monat",1490,4.5,156.0,2400,Le Locle,Neuchâtel,Envers 45,APARTMENT,47.05637147,6.74927526,https://flatfox.ch/de/wohnung/envers-45-2400-le-locle/85792956/,2026-05-17T01:50:49+00:00,9.551282051282051
85793419,6600 Locarno - CHF 1’100,1100,1.0,30.0,6600,Locarno,Ticino,,APARTMENT,46.166277645179136,8.787564869705331,https://flatfox.ch/de/wohnung/6600-locarno/85793419/,2026-05-17T01:50:49+00:00,36.666666666666664
85793633,"Stampfenbachstr. 67, 8006 Zürich - CHF 2’760 inkl. NK pro Monat",2760,2.5,90.0,8006,Zürich,Zurich,Stampfenbachstr. 67,APARTMENT,47.38139126,8.54185041,https://flatfox.ch/de/wohnung/stampfenbachstr-67-8006-zurich/85793633/,2026-05-17T01:50:49+00:00,30.666666666666668
85793669,"Zieglerstrasse 36, 3007 Bern - CHF 1’160 inkl. NK pro Monat",1160,1.0,31.0,3007,Bern,Bern,Zieglerstrasse 36,APARTMENT,46.94408535,7.429684399999999,https://flatfox.ch/de/wohnung/zieglerstrasse-36-3007-bern/85793669/,2026-05-17T01:50:49+00:00,37.41935483870968
85793701,"Chemin du Château-Sec 9A, 1009 Pully - CHF 3’590 inkl. NK pro Monat",3590,5.5,105.0,1009,Pully,Vaud,Chemin du Château-Sec 9A,APARTMENT,46.51065265,6.648162999999999,https://flatfox.ch/de/wohnung/chemin-du-chateau-sec-9a-1009-pully/85793701/,2026-05-17T01:50:49+00:00,34.19047619047619
85793824,"Hirschengraben 33B, 6003 Luzern - CHF 4’200",4200,4.5,128.0,6003,Luzern,Lucerne,Hirschengraben 33B,FURNISHED_FLAT,47.04972249,8.30167063,https://flatfox.ch/de/wohnung/hirschengraben-33b-6003-luzern/85793824/,2026-05-17T01:50:49+00:00,32.8125
85793840,"Avenue Charles-Naine 14, 2300 La Chaux-de-Fonds - CHF 1’660",1660,4.0,72.0,2300,La Chaux-de-Fonds,Neuchâtel,Avenue Charles-Naine 14,FURNISHED_FLAT,47.0928624,6.80868789,https://flatfox.ch/de/wohnung/avenue-charles-naine-14-2300-la-chaux-de-fonds/85793840/,2026-05-17T01:50:49+00:00,23.055555555555557
85793844,"Hauptstrasse 164, 1791 Courtaman - CHF 1’670 inkl. NK pro Monat",1670,4.5,74.0,1791,Courtaman,Fribourg,Hauptstrasse 164,APARTMENT,46.87352061,7.13783725,https://flatfox.ch/de/wohnung/hauptstrasse-164-1791-courtaman/85793844/,2026-05-17T01:50:49+00:00,22.56756756756757
85794017,"Impasse du Castel 26, 1700 FRIBOURG - CHF 1’520",1520,2.5,66.0,1700,FRIBOURG,Fribourg,Impasse du Castel 26,APARTMENT,46.81670541,7.17501272,https://flatfox.ch/de/wohnung/impasse-du-castel-26-1700-fribourg/85794017/,2026-05-17T01:50:49+00:00,23.03030303030303
85794021,"Chemin Montrevers 25, 1700 FRIBOURG - CHF 1’830",1830,4.0,84.0,1700,FRIBOURG,Fribourg,Chemin Montrevers 25,APARTMENT,46.81049947,7.15468697,https://flatfox.ch/de/wohnung/chemin-montrevers-25-1700-fribourg/85794021/,2026-05-17T01:50:49+00:00,21.785714285714285
85794033,"Leonhardsgraben 8, 4051 Basel - CHF 2’320 inkl. NK pro Monat",2320,3.5,84.0,4051,Basel,Basel-Stadt,Leonhardsgraben 8,APARTMENT,47.55652613,7.583971999999999,https://flatfox.ch/de/wohnung/leonhardsgraben-8-4051-basel/85794033/,2026-05-17T01:50:51+00:00,27.61904761904762
85794089,"Lagergasse 6, 6330 Cham - CHF 3’780 inkl. NK pro Monat",3780,2.5,80.0,6330,Cham,Zug,Lagergasse 6,APARTMENT,47.2004258,8.46025656,https://flatfox.ch/de/wohnung/lagergasse-6-6330-cham/85794089/,2026-05-17T01:50:51+00:00,47.25
85794358,"Weiherweg 18, 4153 Reinach - CHF 2’480",2480,4.5,117.0,4153,Reinach,Basel-Landschaft,Weiherweg 18,APARTMENT,47.50089995,7.6015517,https://flatfox.ch/de/wohnung/weiherweg-18-4153-reinach/85794358/,2026-05-17T01:50:51+00:00,21.196581196581196
85794370,"Bubenbergstrasse 26, 3604 Thun - CHF 1’895 inkl. NK pro Monat",1895,4.5,140.0,3604,Thun,Bern,Bubenbergstrasse 26,APARTMENT,46.73476861,7.61581916,https://flatfox.ch/de/wohnung/bubenbergstrasse-26-3604-thun/85794370/,2026-05-17T01:50:51+00:00,13.535714285714286
85794433,"Rue des Jeanneret 51, 2400 Le Locle - CHF 990 inkl. NK pro Monat",990,3.5,60.0,2400,Le Locle,Neuchâtel,Rue des Jeanneret 51,APARTMENT,47.05061656,6.73896934,https://flatfox.ch/de/wohnung/rue-des-jeanneret-51-2400-le-locle/85794433/,2026-05-17T01:50:51+00:00,16.5
85794497,"Place du Vallon 18, 1005 Lausanne - CHF 1’010 inkl. NK pro Monat",1010,1.0,24.0,1005,Lausanne,Vaud,Place du Vallon 18,APARTMENT,46.52765012,6.6401072,https://flatfox.ch/de/wohnung/place-du-vallon-18-1005-lausanne/85794497/,2026-05-17T01:50:51+00:00,42.083333333333336
85794520,4900 Langenthal - CHF 1’938 inkl. NK pro Monat,1938,4.0,90.0,4900,Langenthal,Bern,,FURNISHED_FLAT,47.21402931304088,7.785821608628481,https://flatfox.ch/de/wohnung/4900-langenthal/85794520/,2026-05-17T01:50:51+00:00,21.533333333333335
85794649,"Friedhofstrasse 16, 8702 Zollikon - CHF 4’007 inkl. NK pro Monat",4007,3.5,101.0,8702,Zollikon,Zurich,Friedhofstrasse 16,APARTMENT,47.33656376,8.57859861,https://flatfox.ch/de/wohnung/friedhofstrasse-16-8702-zollikon/85794649/,2026-05-17T01:50:51+00:00,39.67326732673267
85794764,"In den Seewiesen 2, 8132 Egg b. Zürich - CHF 1’990",1990,4.0,100.0,8132,Egg b. Zürich,Zurich,In den Seewiesen 2,APARTMENT,47.29496623,8.69586922,https://flatfox.ch/de/wohnung/in-den-seewiesen-2-8132-egg-b-zurich/85794764/,2026-05-17T01:50:51+00:00,19.9
85794803,"Via alla Piana 5, 6815 Melide - CHF 1’450",1450,3.5,70.0,6815,Melide,Ticino,Via alla Piana 5,APARTMENT,45.95443437,8.9458413,https://flatfox.ch/de/wohnung/via-alla-piana-5-6815-melide/85794803/,2026-05-17T01:50:51+00:00,20.714285714285715
85794861,"Hauptstrase 4, 9434 Au SG - CHF 1’350",1350,3.0,54.0,9434,Au SG,St. Gallen,Hauptstrase 4,APARTMENT,47.44074831,9.6439046,https://flatfox.ch/de/wohnung/hauptstrase-4-9434-au-sg/85794861/,2026-05-17T01:50:51+00:00,25.0
85794871,"Sennheimerstrasse 48, 4054 Basel - CHF 1’500",1500,3.0,68.0,4054,Basel,Basel-Stadt,Sennheimerstrasse 48,APARTMENT,47.554218700000014,7.5698279999999984,https://flatfox.ch/de/wohnung/sennheimerstrasse-48-4054-basel/85794871/,2026-05-17T01:50:51+00:00,22.058823529411764
85794947,"Gundeldingerstrasse 365, 4053 Basel - CHF 2’930 inkl. NK pro Monat",2930,3.5,88.0,4053,Basel,Basel-Stadt,Gundeldingerstrasse 365,APARTMENT,47.53919794,7.59677374,https://flatfox.ch/de/wohnung/gundeldingerstrasse-365-4053-basel/85794947/,2026-05-17T01:50:51+00:00,33.29545454545455
85794986,"Avenue du Delay 9, 1110 Morges - CHF 1’160",1160,1.0,30.0,1110,Morges,Vaud,Avenue du Delay 9,APARTMENT,46.51527391,6.48737016,https://flatfox.ch/de/wohnung/avenue-du-delay-9-1110-morges/85794986/,2026-05-17T01:50:51+00:00,38.666666666666664
85794994,1112 Echichens - CHF 2’800,2800,4.0,120.0,1112,Echichens,Vaud,,APARTMENT,46.53201276691999,6.4986535878963485,https://flatfox.ch/de/wohnung/1112-echichens/85794994/,2026-05-17T01:50:51+00:00,23.333333333333332
85795014,"Gare 10, 1038 Bercher - CHF 1’420",1420,3.0,65.0,1038,Bercher,Vaud,Gare 10,APARTMENT,46.69175727,6.70305281,https://flatfox.ch/de/wohnung/gare-10-1038-bercher/85795014/,2026-05-17T01:50:51+00:00,21.846153846153847
85795022,"avenue d'Echallens, 40, 1004 Lausanne - CHF 2’100",2100,3.0,68.0,1004,Lausanne,Vaud,"avenue d'Echallens, 40",APARTMENT,46.5264748,6.6191763,https://flatfox.ch/de/wohnung/avenue-dechallens-40-1004-lausanne/85795022/,2026-05-17T01:50:51+00:00,30.88235294117647
85795029,"Route dAnzère 22b, 1964 Conthey - CHF 1’530",1530,2.0,82.0,1964,Conthey,Valais,Route dAnzère 22b,APARTMENT,46.22135584,7.30014587,https://flatfox.ch/de/wohnung/route-danzere-22b-1964-conthey/85795029/,2026-05-17T01:50:51+00:00,18.658536585365855
85795035,"route de grinchon 37, 3963 Aminona - CHF 950",950,1.5,40.0,3963,Aminona,Valais,route de grinchon 37,APARTMENT,46.31196383,7.50296582,https://flatfox.ch/de/wohnung/route-de-grinchon-37-3963-aminona/85795035/,2026-05-17T01:50:51+00:00,23.75
85795083,"Huepel 8, 3665 Wattenwil - CHF 2’900",2900,4.5,160.0,3665,Wattenwil,Bern,Huepel 8,APARTMENT,46.760475100000015,7.50303461,https://flatfox.ch/de/wohnung/huepel-8-3665-wattenwil/85795083/,2026-05-17T01:50:51+00:00,18.125
85795085,"avenue du Léman 8, 1005 Lausanne - CHF 3’900",3900,6.0,165.0,1005,Lausanne,Vaud,avenue du Léman 8,APARTMENT,46.51720618,6.643681399999999,https://flatfox.ch/de/wohnung/avenue-du-leman-8-1005-lausanne/85795085/,2026-05-17T01:50:51+00:00,23.636363636363637
85795086,1807 Blonay - CHF 1’590,1590,3.0,73.0,1807,Blonay,Vaud,,APARTMENT,46.47644862888568,6.911139348147449,https://flatfox.ch/de/wohnung/1807-blonay/85795086/,2026-05-17T01:50:51+00:00,21.78082191780822
85795178,"Laufenstrasse 40, 4246 Wahlen b. Laufen - CHF 1’790",1790,4.5,84.0,4246,Wahlen b. Laufen,Basel-Landschaft,Laufenstrasse 40,APARTMENT,47.40419715,7.514289499999999,https://flatfox.ch/de/wohnung/laufenstrasse-40-4246-wahlen-b-laufen/85795178/,2026-05-17T01:50:52+00:00,21.30952380952381
85795213,"Laufenstrasse 38, 4246 Wahlen b. Laufen - CHF 1’200",1200,2.5,55.0,4246,Wahlen b. Laufen,Basel-Landschaft,Laufenstrasse 38,APARTMENT,47.40408735,7.513941399999999,https://flatfox.ch/de/wohnung/laufenstrasse-38-4246-wahlen-b-laufen/85795213/,2026-05-17T01:50:52+00:00,21.818181818181817
85795407,"Engelgasse 6, 9435 Heerbrugg - CHF 1’090 inkl. NK pro Monat",1090,1.5,34.0,9435,Heerbrugg,St. Gallen,Engelgasse 6,APARTMENT,47.41187987,9.62625362,https://flatfox.ch/de/wohnung/engelgasse-6-9435-heerbrugg/85795407/,2026-05-17T01:50:52+00:00,32.05882352941177
85795639,"Dielsdorferstrasse 26, 8107 Buchs ZH - CHF 1’910 inkl. NK pro Monat",1910,3.5,77.0,8107,Buchs ZH,Zurich,Dielsdorferstrasse 26,APARTMENT,47.46030961,8.442760999999999,https://flatfox.ch/de/wohnung/dielsdorferstrasse-26-8107-buchs-zh/85795639/,2026-05-17T01:50:52+00:00,24.805194805194805
85795675,"Hofjüngerstrasse 7, 9630 Wattwil - CHF 990 inkl. NK pro Monat",990,2.0,39.0,9630,Wattwil,St. Gallen,Hofjüngerstrasse 7,APARTMENT,47.3046015,9.08595683,https://flatfox.ch/de/wohnung/hofjungerstrasse-7-9630-wattwil/85795675/,2026-05-17T01:50:52+00:00,25.384615384615383
85795722,"Dorfplatz 1, 8913 Ottenbach - CHF 3’850",3850,7.5,175.0,8913,Ottenbach,Zurich,Dorfplatz 1,APARTMENT,47.28169065,8.40412596,https://flatfox.ch/de/wohnung/dorfplatz-1-8913-ottenbach/85795722/,2026-05-17T01:50:52+00:00,22.0
85795736,"Treuackerstrasse 21, 9000 St. Gallen - CHF 695 inkl. NK pro Monat",695,1.0,20.0,9000,St. Gallen,St. Gallen,Treuackerstrasse 21,APARTMENT,47.41560276,9.36401894,https://flatfox.ch/de/wohnung/treuackerstrasse-21-9000-st-gallen/85795736/,2026-05-17T01:50:52+00:00,34.75
85795870,"Bleichestrasse 32, 8400 Winterthur - CHF 4’060 inkl. NK pro Monat",4060,4.5,161.0,8400,Winterthur,Zurich,Bleichestrasse 32,APARTMENT,47.50522113,8.71928789,https://flatfox.ch/de/wohnung/bleichestrasse-32-8400-winterthur/85795870/,2026-05-17T01:50:52+00:00,25.217391304347824
85796417,"Läui 7a, 9466 Sennwald - CHF 2’560 inkl. NK pro Monat",2560,4.5,121.0,9466,Sennwald,St. Gallen,Läui 7a,APARTMENT,47.261476500000015,9.5026582,https://flatfox.ch/de/wohnung/laui-7a-9466-sennwald/85796417/,2026-05-17T01:50:52+00:00,21.15702479338843
85796418,"Hechtliacker 44, 4053 Basel - CHF 1’940 inkl. NK pro Monat",1940,3.5,73.0,4053,Basel,Basel-Stadt,Hechtliacker 44,APARTMENT,47.53607158,7.60208671,https://flatfox.ch/de/wohnung/hechtliacker-44-4053-basel/85796418/,2026-05-17T01:50:52+00:00,26.575342465753426
85796545,"Poststrasse 14, 8620 Wetzikon ZH - CHF 3’000 inkl. NK pro Monat",3000,4.5,131.0,8620,Wetzikon ZH,Zurich,Poststrasse 14,APARTMENT,47.31953321,8.791282599999999,https://flatfox.ch/de/wohnung/poststrasse-14-8620-wetzikon-zh/85796545/,2026-05-17T01:50:54+00:00,22.900763358778626
85796593,"Doktorsträssli 5, 4704 Niederbipp - CHF 1’650 inkl. NK pro Monat",1650,4.0,103.0,4704,Niederbipp,Bern,Doktorsträssli 5,DUPLEX,47.2719927,7.692391499999999,https://flatfox.ch/de/wohnung/doktorstrassli-5-4704-niederbipp/85796593/,2026-05-17T01:50:54+00:00,16.019417475728154
85796612,"Luxweg 5, 5000 Aarau - CHF 2’060 inkl. NK pro Monat",2060,2.5,68.0,5000,Aarau,Aargau,Luxweg 5,APARTMENT,47.3908258,8.05414539,https://flatfox.ch/de/wohnung/luxweg-5-5000-aarau/85796612/,2026-05-17T01:50:54+00:00,30.294117647058822
85796673,"Tübacherstrasse 7, 9403 Goldach - CHF 1’850 inkl. NK pro Monat",1850,4.5,97.0,9403,Goldach,St. Gallen,Tübacherstrasse 7,APARTMENT,47.47939034,9.46806568,https://flatfox.ch/de/wohnung/tubacherstrasse-7-9403-goldach/85796673/,2026-05-17T01:50:54+00:00,19.072164948453608
85796688,5735 Pfeffikon LU - CHF 2’125 inkl. NK pro Monat,2125,5.5,150.0,5735,Pfeffikon LU,Lucerne,,FURNISHED_FLAT,47.24422472374546,8.162683148655217,https://flatfox.ch/de/wohnung/5735-pfeffikon-lu/85796688/,2026-05-17T01:50:54+00:00,14.166666666666666
85796779,"Rue Paul-Bouvier 10, 2000 Neuchâtel - CHF 2’320 inkl. NK pro Monat",2320,3.5,87.0,2000,Neuchâtel,Neuchâtel,Rue Paul-Bouvier 10,APARTMENT,47.00484445,6.9583352,https://flatfox.ch/de/wohnung/rue-paul-bouvier-10-2000-neuchatel/85796779/,2026-05-17T01:50:54+00:00,26.666666666666668
85796839,"Hinterwies 15, 9042 Speicher - CHF 1’740 inkl. NK pro Monat",1740,3.5,93.0,9042,Speicher,Appenzell Ausserrhoden,Hinterwies 15,DUPLEX,47.416294600000015,9.43617749,https://flatfox.ch/de/wohnung/hinterwies-15-9042-speicher/85796839/,2026-05-17T01:50:54+00:00,18.70967741935484
85796862,"Tempelackerstrasse 20, 9000 St. Gallen - CHF 661 inkl. NK pro Monat",661,1.5,32.0,9000,St. Gallen,St. Gallen,Tempelackerstrasse 20,APARTMENT,47.42859521,9.38985048,https://flatfox.ch/de/wohnung/tempelackerstrasse-20-9000-st-gallen/85796862/,2026-05-17T01:50:54+00:00,20.65625
85797006,"Blotzheimerstr. 31, 4055 Basel - CHF 1’890 inkl. NK pro Monat",1890,3.5,82.0,4055,Basel,Basel-Stadt,Blotzheimerstr. 31,APARTMENT,47.56128678,7.56623091,https://flatfox.ch/de/wohnung/blotzheimerstr-31-4055-basel/85797006/,2026-05-17T01:50:54+00:00,23.048780487804876
85797154,"Kramgasse 72, 3011 Bern - CHF 3’450 inkl. NK pro Monat",3450,2.5,105.0,3011,Bern,Bern,Kramgasse 72,DUPLEX,46.94758179,7.44850524,https://flatfox.ch/de/wohnung/kramgasse-72-3011-bern/85797154/,2026-05-17T01:50:54+00:00,32.857142857142854
85797156,"Hardstrasse 10, 8105 Regensdorf - CHF 2’290 inkl. NK pro Monat",2290,2.5,68.0,8105,Regensdorf,Zurich,Hardstrasse 10,APARTMENT,47.4385881,8.47157931,https://flatfox.ch/de/wohnung/hardstrasse-10-8105-regensdorf/85797156/,2026-05-17T01:50:54+00:00,33.6764705882353
85797208,"Bahnhofstrasse 99k, 8620 Wetzikon - CHF 1’640 inkl. NK pro Monat",1640,1.5,42.0,8620,Wetzikon,Zurich,Bahnhofstrasse 99k,APARTMENT,47.32457961,8.79757159,https://flatfox.ch/de/wohnung/bahnhofstrasse-99k-8620-wetzikon/85797208/,2026-05-17T01:50:54+00:00,39.04761904761905
85797235,"Oberstrasse 101, 9000 St. Gallen - CHF 1’925 inkl. NK pro Monat",1925,4.5,74.0,9000,St. Gallen,St. Gallen,Oberstrasse 101,APARTMENT,47.41576756,9.3614174,https://flatfox.ch/de/wohnung/oberstrasse-101-9000-st-gallen/85797235/,2026-05-17T01:50:54+00:00,26.013513513513512
85797458,"Bahnhofstrasse 6, 3507 Biglen - CHF 2’190 inkl. NK pro Monat",2190,4.5,114.0,3507,Biglen,Bern,Bahnhofstrasse 6,APARTMENT,46.92507941,7.628197,https://flatfox.ch/de/wohnung/bahnhofstrasse-6-3507-biglen/85797458/,2026-05-17T01:50:54+00:00,19.210526315789473
85797532,"Glatttalstr. 118e, 8052 Zürich - CHF 2’100 inkl. NK pro Monat",2100,2.5,79.0,8052,Zürich,Zurich,Glatttalstr. 118e,APARTMENT,47.43069469,8.545826100000001,https://flatfox.ch/de/wohnung/glatttalstr-118e-8052-zurich/85797532/,2026-05-17T01:50:54+00:00,26.582278481012658
85797551,"Lagerweg 8b, 4932 Lotzwil - CHF 2’190 inkl. NK pro Monat",2190,4.5,111.0,4932,Lotzwil,Bern,Lagerweg 8b,APARTMENT,47.19039672,7.7870861,https://flatfox.ch/de/wohnung/lagerweg-8b-4932-lotzwil/85797551/,2026-05-17T01:50:54+00:00,19.72972972972973
85797874,"Sonnenrainstrasse 11, 8134 Adliswil - CHF 2’180 inkl. NK pro Monat",2180,2.5,52.0,8134,Adliswil,Zurich,Sonnenrainstrasse 11,APARTMENT,47.31094295,8.52351462,https://flatfox.ch/de/wohnung/sonnenrainstrasse-11-8134-adliswil/85797874/,2026-05-17T01:50:56+00:00,41.92307692307692
85797875,"Sonnenrainstrasse 11, 8134 Adliswil - CHF 2’790 inkl. NK pro Monat",2790,4.0,72.0,8134,Adliswil,Zurich,Sonnenrainstrasse 11,APARTMENT,47.31094295,8.52351462,https://flatfox.ch/de/wohnung/sonnenrainstrasse-11-8134-adliswil/85797875/,2026-05-17T01:50:56+00:00,38.75
85797916,"Hofmatte 19, 6162 Entlebuch - CHF 1’470 inkl. NK pro Monat",1470,4.0,78.0,6162,Entlebuch,Lucerne,Hofmatte 19,APARTMENT,46.99633899,8.06594945,https://flatfox.ch/de/wohnung/hofmatte-19-6162-entlebuch/85797916/,2026-05-17T01:50:56+00:00,18.846153846153847
85797990,"Südstrasse 4, 8570 Weinfelden - CHF 1’550 inkl. NK pro Monat",1550,3.5,81.0,8570,Weinfelden,Thurgau,Südstrasse 4,APARTMENT,47.56048192,9.10721538,https://flatfox.ch/de/wohnung/sudstrasse-4-8570-weinfelden/85797990/,2026-05-17T01:50:56+00:00,19.135802469135804
85798030,"Spisergasse 10, 9000 St. Gallen - CHF 2’390 inkl. NK pro Monat",2390,2.5,92.0,9000,St. Gallen,St. Gallen,Spisergasse 10,APARTMENT,47.42479632,9.37722151,https://flatfox.ch/de/wohnung/spisergasse-10-9000-st-gallen/85798030/,2026-05-17T01:50:56+00:00,25.97826086956522
85798058,"Zürcherstrasse 31, 8004 Zürich - CHF 3’150",3150,4.5,96.0,8004,Zürich,Zurich,Zürcherstrasse 31,APARTMENT,47.3983343,8.4513163,https://flatfox.ch/de/wohnung/zurcherstrasse-31-8004-zurich/85798058/,2026-05-17T01:50:56+00:00,32.8125
85798060,"Via Casenzano 76, 6575 S. Nazzaro - CHF 1’650",1650,2.0,48.0,6575,S. Nazzaro,Ticino,Via Casenzano 76,APARTMENT,46.12994741,8.80562041,https://flatfox.ch/de/wohnung/via-casenzano-76-6575-s-nazzaro/85798060/,2026-05-17T01:50:56+00:00,34.375
85798097,"Biasca, 6710 Biasca - CHF 1’190",1190,3.0,80.0,6710,Biasca,Ticino,Biasca,APARTMENT,46.36105827,8.98192281,https://flatfox.ch/de/wohnung/biasca-6710-biasca/85798097/,2026-05-17T01:50:56+00:00,14.875
85798103,"Lugano Paradiso, 6900 Lugano - CHF 3’750",3750,5.0,140.0,6900,Lugano,Ticino,Lugano Paradiso,APARTMENT,45.99071741,8.945261799999999,https://flatfox.ch/de/wohnung/lugano-paradiso-6900-lugano/85798103/,2026-05-17T01:50:56+00:00,26.785714285714285
85798112,5036 Oberentfelden - CHF 1’700,1700,2.0,75.0,5036,Oberentfelden,Aargau,,APARTMENT,47.355972610955966,8.044098486118129,https://flatfox.ch/de/wohnung/5036-oberentfelden/85798112/,2026-05-17T01:50:56+00:00,22.666666666666668
85798138,"Jupiterstrasse 3, 3015 Bern - CHF 2’395",2395,4.5,100.0,3015,Bern,Bern,Jupiterstrasse 3,APARTMENT,46.93936659,7.479111899999999,https://flatfox.ch/de/wohnung/jupiterstrasse-3-3015-bern/85798138/,2026-05-17T01:50:56+00:00,23.95
85798141,"Hauptstrasse 67, 3904 Naters - CHF 2’150",2150,3.5,85.0,3904,Naters,Valais,Hauptstrasse 67,APARTMENT,46.31977267,7.97014755,https://flatfox.ch/de/wohnung/hauptstrasse-67-3904-naters/85798141/,2026-05-17T01:50:56+00:00,25.294117647058822
85798175,6648 Minusio - CHF 1’150,1150,4.0,49.0,6648,Minusio,Ticino,,APARTMENT,46.17052069316821,8.827365412030334,https://flatfox.ch/de/wohnung/6648-minusio/85798175/,2026-05-17T01:50:56+00:00,23.46938775510204
85798180,"Via sotto il monte 6, 6934 Bioggio - CHF 1’520",1520,3.0,66.0,6934,Bioggio,Ticino,Via sotto il monte 6,APARTMENT,46.01632151,8.91164665,https://flatfox.ch/de/wohnung/via-sotto-il-monte-6-6934-bioggio/85798180/,2026-05-17T01:50:56+00:00,23.03030303030303
85798198,"Laufenstrasse 40, 4246 Wahlen b. Laufen - CHF 1’790",1790,3.0,84.0,4246,Wahlen b. Laufen,Basel-Landschaft,Laufenstrasse 40,APARTMENT,47.40419715,7.514289499999999,https://flatfox.ch/de/wohnung/laufenstrasse-40-4246-wahlen-b-laufen/85798198/,2026-05-17T01:50:56+00:00,21.30952380952381
85798251,"Ch. de la Villette 40, 1400 Yverdon-les-Bains - CHF 2’570 inkl. NK pro Monat",2570,4.5,105.0,1400,Yverdon-les-Bains,Vaud,Ch. de la Villette 40,APARTMENT,46.77657183,6.65705484,https://flatfox.ch/de/wohnung/ch-de-la-villette-40-1400-yverdon-les-bains/85798251/,2026-05-17T01:50:56+00:00,24.476190476190474
85798270,"Plantaud 19, 1870 Monthey - CHF 2’100",2100,5.0,90.0,1870,Monthey,Valais,Plantaud 19,APARTMENT,46.25103788,6.9517075,https://flatfox.ch/de/wohnung/plantaud-19-1870-monthey/85798270/,2026-05-17T01:50:56+00:00,23.333333333333332
85798301,"Rue des Iles, 1994 Aproz (Nendaz) - CHF 1’600",1600,4.0,110.0,1994,Aproz (Nendaz),Valais,Rue des Iles,APARTMENT,46.20488224,7.31017396,https://flatfox.ch/de/wohnung/rue-des-iles-1994-aproz-nendaz/85798301/,2026-05-17T01:50:56+00:00,14.545454545454545
85798307,"rue leschot 7, 1205 Genf - CHF 2’335",2335,3.5,55.0,1205,Genf,Geneva,rue leschot 7,APARTMENT,46.1969865,6.14388434,https://flatfox.ch/de/wohnung/rue-leschot-7-1205-genf/85798307/,2026-05-17T01:50:56+00:00,42.45454545454545
85798310,"Farvagny, 1726 Posat - CHF 1’590",1590,2.5,58.0,1726,Posat,Fribourg,Farvagny,APARTMENT,46.71932578,7.0508962,https://flatfox.ch/de/wohnung/farvagny-1726-posat/85798310/,2026-05-17T01:50:56+00:00,27.413793103448278
85798314,"Alexis-Marie Piaget 49, La Chaux-de-Fonds, 2300 La Chaux-de-Fonds - CHF 1’200",1200,3.5,85.0,2300,La Chaux-de-Fonds,Neuchâtel,"Alexis-Marie Piaget 49, La Chaux-de-Fonds",APARTMENT,47.10736189,6.8267345000000015,https://flatfox.ch/de/wohnung/alexis-marie-piaget-49-la-chaux-de-fonds-2300-la-c/85798314/,2026-05-17T01:50:56+00:00,14.117647058823529
85798324,1756 Onnens FR - CHF 1’850,1850,4.0,110.0,1756,Onnens FR,Fribourg,,APARTMENT,46.775426878132855,7.038698065487377,https://flatfox.ch/de/wohnung/1756-onnens-fr/85798324/,2026-05-17T01:50:56+00:00,16.818181818181817
85798329,"Grand-Lancy, 1212 Grand-Lancy - CHF 1’970",1970,3.0,63.0,1212,Grand-Lancy,Geneva,Grand-Lancy,APARTMENT,46.17810483,6.12337262,https://flatfox.ch/de/wohnung/grand-lancy-1212-grand-lancy/85798329/,2026-05-17T01:50:56+00:00,31.26984126984127
85798333,"Ruelle du Carroz 2A, 1168 Villars-sous-Yens - CHF 850",850,3.5,100.0,1168,Villars-sous-Yens,Vaud,Ruelle du Carroz 2A,APARTMENT,46.51024192,6.4297389,https://flatfox.ch/de/wohnung/ruelle-du-carroz-2a-1168-villars-sous-yens/85798333/,2026-05-17T01:50:56+00:00,8.5
85798341,"Rue du Centre, 1025 St-Sulpice VD - CHF 4’500",4500,4.5,145.0,1025,St-Sulpice VD,Vaud,Rue du Centre,APARTMENT,46.510729,6.55218623,https://flatfox.ch/de/wohnung/rue-du-centre-1025-st-sulpice-vd/85798341/,2026-05-17T01:50:56+00:00,31.03448275862069
85798348,"Doubs 19, 2336 Les Bois - CHF 1’380",1380,3.5,90.0,2336,Les Bois,Jura,Doubs 19,APARTMENT,47.17763784,6.90078714,https://flatfox.ch/de/wohnung/doubs-19-2336-les-bois/85798348/,2026-05-17T01:50:58+00:00,15.333333333333334
85798362,"Chemin des mosaïques, 1565 Missy - CHF 1’600",1600,3.0,77.0,1565,Missy,Fribourg,Chemin des mosaïques,APARTMENT,46.87693621,6.95667895,https://flatfox.ch/de/wohnung/chemin-des-mosaiques-1565-missy/85798362/,2026-05-17T01:50:58+00:00,20.77922077922078
85798390,1076 Ferlens VD - CHF 1’650,1650,3.0,90.0,1076,Ferlens VD,Vaud,,APARTMENT,46.58759824320989,6.791633540305574,https://flatfox.ch/de/wohnung/1076-ferlens-vd/85798390/,2026-05-17T01:50:58+00:00,18.333333333333332
85798560,"Untere Schwandenstrasse 23, 8805 Richterswil - CHF 3’500 inkl. NK pro Monat",3500,4.5,100.0,8805,Richterswil,Zurich,Untere Schwandenstrasse 23,APARTMENT,47.20637825,8.68812721,https://flatfox.ch/de/wohnung/untere-schwandenstrasse-23-8805-richterswil/85798560/,2026-05-17T01:50:58+00:00,35.0
85798563,"Höhenstrasse West 2C, 4600 Olten - CHF 3’540 inkl. NK pro Monat",3540,5.0,168.0,4600,Olten,Solothurn,Höhenstrasse West 2C,APARTMENT,47.34274315,7.915149599999999,https://flatfox.ch/de/wohnung/hohenstrasse-west-2c-4600-olten/85798563/,2026-05-17T01:50:58+00:00,21.071428571428573
85798590,4052 Basel - CHF 1’400 inkl. NK pro Monat,1400,1.0,32.0,4052,Basel,Basel-Stadt,,FURNISHED_FLAT,47.54839764619734,7.610121218350819,https://flatfox.ch/de/wohnung/4052-basel/85798590/,2026-05-17T01:50:58+00:00,43.75
85798661,3943 Eischoll - CHF 1’850 inkl. NK pro Monat,1850,4.5,95.0,3943,Eischoll,Valais,,APARTMENT,46.286612448717385,7.761397834818571,https://flatfox.ch/de/wohnung/3943-eischoll/85798661/,2026-05-17T01:50:58+00:00,19.473684210526315
85798675,"Allée des Cèdres 4, 1022 Chavannes-près-Renens - CHF 2’580 inkl. NK pro Monat",2580,3.5,76.0,1022,Chavannes-près-Renens,Vaud,Allée des Cèdres 4,APARTMENT,46.53043076,6.57250548,https://flatfox.ch/de/wohnung/allee-des-cedres-4-1022-chavannes-pres-renens/85798675/,2026-05-17T01:50:58+00:00,33.94736842105263
85798704,"Am Kreuzbach 28, 4612 Wangen bei Olten - CHF 1’235 inkl. NK pro Monat",1235,1.5,71.0,4612,Wangen bei Olten,Solothurn,Am Kreuzbach 28,DUPLEX,47.33665631,7.86806485,https://flatfox.ch/de/wohnung/am-kreuzbach-28-4612-wangen-bei-olten/85798704/,2026-05-17T01:50:58+00:00,17.3943661971831
85798786,"Badhausstrasse 15, 2503 Biel/Bienne - CHF 1’988 inkl. NK pro Monat",1988,4.0,79.0,2503,Biel/Bienne,Bern,Badhausstrasse 15,APARTMENT,47.132324900000015,7.237163199999999,https://flatfox.ch/de/wohnung/badhausstrasse-15-2503-bielbienne/85798786/,2026-05-17T01:50:58+00:00,25.164556962025316
85799023,"Baslerstrasse 3, 4600 Olten - CHF 1’787 inkl. NK pro Monat",1787,1.5,70.0,4600,Olten,Solothurn,Baslerstrasse 3,LOFT,47.35657933,7.9008961000000015,https://flatfox.ch/de/wohnung/baslerstrasse-3-4600-olten/85799023/,2026-05-17T01:50:58+00:00,25.52857142857143
85799300,"Bärenmatt 12, 2503 Biel/Bienne - CHF 1’200",1200,3.5,54.0,2503,Biel/Bienne,Bern,Bärenmatt 12,APARTMENT,47.13132131,7.252438600000001,https://flatfox.ch/de/wohnung/barenmatt-12-2503-bielbienne/85799300/,2026-05-17T01:50:58+00:00,22.22222222222222
85799322,"Hardstrasse 41, 4052 Basel - CHF 2’820 inkl. NK pro Monat",2820,2.5,104.0,4052,Basel,Basel-Stadt,Hardstrasse 41,APARTMENT,47.55123582,7.603260199999999,https://flatfox.ch/de/wohnung/hardstrasse-41-4052-basel/85799322/,2026-05-17T01:50:58+00:00,27.115384615384617
85799490,"Chemin des Roches 28, 1066 EPALINGES - CHF 2’250",2250,3.5,106.0,1066,EPALINGES,Vaud,Chemin des Roches 28,APARTMENT,46.54213364,6.65864384,https://flatfox.ch/de/wohnung/chemin-des-roches-28-1066-epalinges/85799490/,2026-05-17T01:50:58+00:00,21.22641509433962
85799493,"Chemin de Pallin 39, 1009 PULLY - CHF 2’050",2050,3.0,64.0,1009,PULLY,Vaud,Chemin de Pallin 39,APARTMENT,46.50986068,6.6694238,https://flatfox.ch/de/wohnung/chemin-de-pallin-39-1009-pully/85799493/,2026-05-17T01:50:58+00:00,32.03125
85799494,"Ruelle du Puits 1, 1261 LE VAUD - CHF 2’170",2170,3.0,111.0,1261,LE VAUD,Vaud,Ruelle du Puits 1,APARTMENT,46.47679454,6.23548268,https://flatfox.ch/de/wohnung/ruelle-du-puits-1-1261-le-vaud/85799494/,2026-05-17T01:50:58+00:00,19.54954954954955
85799747,6648 Minusio - CHF 2’020,2020,3.5,100.0,6648,Minusio,Ticino,,APARTMENT,46.17048804963636,8.827384649648453,https://flatfox.ch/de/wohnung/6648-minusio/85799747/,2026-05-17T01:50:58+00:00,20.2
85800092,"Bielstrasse 22, 3250 Lyss - CHF 2’070 inkl. NK pro Monat",2070,6.5,126.0,3250,Lyss,Bern,Bielstrasse 22,APARTMENT,47.0762366,7.304943,https://flatfox.ch/de/wohnung/bielstrasse-22-3250-lyss/85800092/,2026-05-17T01:50:58+00:00,16.428571428571427
85800104,"Mühletalweg 3, 4600 Olten - CHF 2’380 inkl. NK pro Monat",2380,4.5,119.0,4600,Olten,Solothurn,Mühletalweg 3,ATTIC_FLAT,47.3461628,7.9174223,https://flatfox.ch/de/wohnung/muhletalweg-3-4600-olten/85800104/,2026-05-17T01:50:58+00:00,20.0
85800106,"Rte de Malagnou 6, 1208 Genève - CHF 6’850 inkl. NK pro Monat",6850,7.0,191.0,1208,Genève,Geneva,Rte de Malagnou 6,APARTMENT,46.19835457,6.15738031,https://flatfox.ch/de/wohnung/rte-de-malagnou-6-1208-geneve/85800106/,2026-05-17T01:50:58+00:00,35.86387434554974
85800114,"Spitalstr. (Altbau) 7, 7130 Ilanz - CHF 1’775 inkl. NK pro Monat",1775,2.5,79.0,7130,Ilanz,Graubünden,Spitalstr. (Altbau) 7,APARTMENT,46.77660169,9.2050183,https://flatfox.ch/de/wohnung/spitalstr-altbau-7-7130-ilanz/85800114/,2026-05-17T01:50:58+00:00,22.468354430379748
85800126,"Hammerweg 15, 5702 Niederlenz - CHF 2’030 inkl. NK pro Monat",2030,4.5,114.0,5702,Niederlenz,Aargau,Hammerweg 15,APARTMENT,47.39732069,8.176656699999999,https://flatfox.ch/de/wohnung/hammerweg-15-5702-niederlenz/85800126/,2026-05-17T01:50:58+00:00,17.80701754385965
85800131,"Rue François - Guillimann 15, 1700 Fribourg - CHF 1’764 inkl. NK pro Monat",1764,3.0,90.0,1700,Fribourg,Fribourg,Rue François - Guillimann 15,APARTMENT,46.79809153,7.151135399999999,https://flatfox.ch/de/wohnung/rue-francois-guillimann-15-1700-fribourg/85800131/,2026-05-17T01:50:58+00:00,19.6
85800136,"Oberdorf Platz 2b 2a, 5608 Stetten AG - CHF 2’310 inkl. NK pro Monat",2310,3.5,102.0,5608,Stetten AG,Aargau,Oberdorf Platz 2b 2a,APARTMENT,47.40036835,8.30772537,https://flatfox.ch/de/wohnung/oberdorf-platz-2b-2a-5608-stetten-ag/85800136/,2026-05-17T01:50:58+00:00,22.647058823529413
85800144,"Rue des Cèdres 2, 2000 Neuchâtel - CHF 1’339 inkl. NK pro Monat",1339,2.5,52.0,2000,Neuchâtel,Neuchâtel,Rue des Cèdres 2,APARTMENT,47.00339839999999,6.9563563,https://flatfox.ch/de/wohnung/rue-des-cedres-2-2000-neuchatel/85800144/,2026-05-17T01:51:00+00:00,25.75
85800145,"Rue des Cèdres 11, 2000 Neuchâtel - CHF 1’510 inkl. NK pro Monat",1510,3.0,62.0,2000,Neuchâtel,Neuchâtel,Rue des Cèdres 11,APARTMENT,47.00407554,6.956609599999999,https://flatfox.ch/de/wohnung/rue-des-cedres-11-2000-neuchatel/85800145/,2026-05-17T01:51:00+00:00,24.35483870967742
85800406,"Untere Holzstrasse 24, 5036 Oberentfelden - CHF 1’840 inkl. NK pro Monat",1840,4.5,90.0,5036,Oberentfelden,Aargau,Untere Holzstrasse 24,APARTMENT,47.3622441,8.03965428,https://flatfox.ch/de/wohnung/untere-holzstrasse-24-5036-oberentfelden/85800406/,2026-05-17T01:51:00+00:00,20.444444444444443
85800499,"Badenerstrasse 425, 8003 Zürich - CHF 4’590 inkl. NK pro Monat",4590,4.5,99.0,8003,Zürich,Zurich,Badenerstrasse 425,APARTMENT,47.37997673,8.50586458,https://flatfox.ch/de/wohnung/badenerstrasse-425-8003-zurich/85800499/,2026-05-17T01:51:00+00:00,46.36363636363637
85800632,"Gjuchstrasse 35, 8953 Dietikon - CHF 1’990 inkl. NK pro Monat",1990,2.5,50.0,8953,Dietikon,Zurich,Gjuchstrasse 35,ROOF_FLAT,47.40825985,8.39318139,https://flatfox.ch/de/wohnung/gjuchstrasse-35-8953-dietikon/85800632/,2026-05-17T01:51:00+00:00,39.8
85800640,"General Guisan-Strasse 20, 4144 Arlesheim - CHF 1’990 inkl. NK pro Monat",1990,4.5,84.0,4144,Arlesheim,Basel-Landschaft,General Guisan-Strasse 20,APARTMENT,47.50203618,7.61474021,https://flatfox.ch/de/wohnung/general-guisan-strasse-20-4144-arlesheim/85800640/,2026-05-17T01:51:00+00:00,23.69047619047619
85800666,"Neuhofstrasse 78a, 8590 Romanshorn - CHF 1’790 inkl. NK pro Monat",1790,3.5,92.0,8590,Romanshorn,Thurgau,Neuhofstrasse 78a,APARTMENT,47.5608163,9.37661849,https://flatfox.ch/de/wohnung/neuhofstrasse-78a-8590-romanshorn/85800666/,2026-05-17T01:51:00+00:00,19.456521739130434
85800757,"Egelseestrasse 4, 8570 Weinfelden - CHF 2’080 inkl. NK pro Monat",2080,4.5,110.0,8570,Weinfelden,Thurgau,Egelseestrasse 4,APARTMENT,47.57162556,9.0982344,https://flatfox.ch/de/wohnung/egelseestrasse-4-8570-weinfelden/85800757/,2026-05-17T01:51:00+00:00,18.90909090909091
85800786,"Madretschstrasse 62, 2503 Bienne - CHF 1’380",1380,4.0,80.0,2503,Bienne,Bern,Madretschstrasse 62,APARTMENT,47.13417094,7.254992300000001,https://flatfox.ch/de/wohnung/madretschstrasse-62-2503-bienne/85800786/,2026-05-17T01:51:00+00:00,17.25
85800818,"Via rinaldo simen 79, 6648 Minusio - CHF 1’000 inkl. NK pro Monat",1000,2.5,52.0,6648,Minusio,Ticino,Via rinaldo simen 79,APARTMENT,46.1776976,8.82601363,https://flatfox.ch/de/wohnung/via-rinaldo-simen-79-6648-minusio/85800818/,2026-05-17T01:51:00+00:00,19.23076923076923
85800829,"Chemin du Lieugex 7, 1860 Aigle - CHF 1’675 inkl. NK pro Monat",1675,4.0,92.0,1860,Aigle,Vaud,Chemin du Lieugex 7,APARTMENT,46.3195749,6.9601881,https://flatfox.ch/de/wohnung/chemin-du-lieugex-7-1860-aigle/85800829/,2026-05-17T01:51:00+00:00,18.206521739130434
85800848,"Rue Elisabeth-Baulacre 24, 1202 Genève - CHF 2’680 inkl. NK pro Monat",2680,2.0,65.0,1202,Genève,Geneva,Rue Elisabeth-Baulacre 24,APARTMENT,46.21576335,6.14015559,https://flatfox.ch/de/wohnung/rue-elisabeth-baulacre-24-1202-geneve/85800848/,2026-05-17T01:51:00+00:00,41.23076923076923
85800864,"Birsigstrasse 80, 4054 Basel - CHF 1’212 inkl. NK pro Monat",1212,1.0,33.0,4054,Basel,Basel-Stadt,Birsigstrasse 80,APARTMENT,47.54978512,7.58054847,https://flatfox.ch/de/wohnung/birsigstrasse-80-4054-basel/85800864/,2026-05-17T01:51:00+00:00,36.72727272727273
85800899,"A Rolle, 1180 Rolle - CHF 3’420",3420,3.5,110.0,1180,Rolle,Vaud,A Rolle,APARTMENT,46.46129711,6.33975499,https://flatfox.ch/de/wohnung/a-rolle-1180-rolle/85800899/,2026-05-17T01:51:00+00:00,31.09090909090909
85800905,"Egelgasse 70 / 70a, 3006 Bern - CHF 1’600",1600,3.5,60.0,3006,Bern,Bern,Egelgasse 70 / 70a,APARTMENT,46.94372881,7.46907591,https://flatfox.ch/de/wohnung/egelgasse-70-70a-3006-bern/85800905/,2026-05-17T01:51:00+00:00,26.666666666666668
85801041,"Badhausstrasse 21, 2503 Biel/Bienne - CHF 1’090 inkl. NK pro Monat",1090,2.0,36.0,2503,Biel/Bienne,Bern,Badhausstrasse 21,APARTMENT,47.13229028,7.237888299999999,https://flatfox.ch/de/wohnung/badhausstrasse-21-2503-bielbienne/85801041/,2026-05-17T01:51:00+00:00,30.27777777777778
85801100,"Hausmattring 1, 4614 Hägendorf - CHF 1’340 inkl. NK pro Monat",1340,3.0,57.0,4614,Hägendorf,Solothurn,Hausmattring 1,APARTMENT,47.33189191,7.842601999999999,https://flatfox.ch/de/wohnung/hausmattring-1-4614-hagendorf/85801100/,2026-05-17T01:51:00+00:00,23.50877192982456
85801159,"Berneggstr. 54, 9000 St. Gallen - CHF 690 inkl. NK pro Monat",690,1.0,25.0,9000,St. Gallen,St. Gallen,Berneggstr. 54,APARTMENT,47.4188871,9.37224212,https://flatfox.ch/de/wohnung/berneggstr-54-9000-st-gallen/85801159/,2026-05-17T01:51:00+00:00,27.6
85801227,"Albert Oeristrasse 7, 4125 Riehen - CHF 3’780",3780,5.5,140.0,4125,Riehen,Basel-Stadt,Albert Oeristrasse 7,APARTMENT,47.58303156,7.656154099999999,https://flatfox.ch/de/wohnung/albert-oeristrasse-7-4125-riehen/85801227/,2026-05-17T01:51:00+00:00,27.0
85801304,"Via Ligaino 21, 6900 Lugano - CHF 1’430",1430,2.0,61.0,6900,Lugano,Ticino,Via Ligaino 21,APARTMENT,46.0230779,8.974071799999999,https://flatfox.ch/de/wohnung/via-ligaino-21-6900-lugano/85801304/,2026-05-17T01:51:00+00:00,23.442622950819672
85801313,"Kesselweg, 4410 Liestal - CHF 2’130",2130,4.0,110.0,4410,Liestal,Basel-Landschaft,Kesselweg,APARTMENT,47.4961931,7.72652498,https://flatfox.ch/de/wohnung/kesselweg-4410-liestal/85801313/,2026-05-17T01:51:00+00:00,19.363636363636363
85801315,6915 Pambio-Noranco - CHF 1’400,1400,2.0,62.0,6915,Pambio-Noranco,Ticino,,APARTMENT,45.984338720902265,8.926623286044281,https://flatfox.ch/de/wohnung/6915-pambio-noranco/85801315/,2026-05-17T01:51:02+00:00,22.580645161290324
85801366,"Via Cappelino Sora 8, 6855 Stabio - CHF 1’200",1200,2.0,45.0,6855,Stabio,Ticino,Via Cappelino Sora 8,APARTMENT,45.851141700000014,8.93755175,https://flatfox.ch/de/wohnung/via-cappelino-sora-8-6855-stabio/85801366/,2026-05-17T01:51:02+00:00,26.666666666666668
85801424,"Leukerbad, 3954 Leukerbad - CHF 990",990,1.5,38.0,3954,Leukerbad,Valais,Leukerbad,APARTMENT,46.38002400000001,7.62883443,https://flatfox.ch/de/wohnung/leukerbad-3954-leukerbad/85801424/,2026-05-17T01:51:02+00:00,26.05263157894737
85801442,"Rte de la Bouillette 4, 1978 Lens - CHF 1’600",1600,3.0,85.0,1978,Lens,Valais,Rte de la Bouillette 4,APARTMENT,46.27794267,7.4468645,https://flatfox.ch/de/wohnung/rte-de-la-bouillette-4-1978-lens/85801442/,2026-05-17T01:51:02+00:00,18.823529411764707
85801516,"Via Pedramonte 11, 6600 Muralto - CHF 1’370",1370,3.5,76.0,6600,Muralto,Ticino,Via Pedramonte 11,APARTMENT,46.17042479,8.790771699999999,https://flatfox.ch/de/wohnung/via-pedramonte-11-6600-muralto/85801516/,2026-05-17T01:51:02+00:00,18.026315789473685
85801520,"Wasserschöpfi 23, 8055 Zürich - CHF 2’660 inkl. NK pro Monat",2660,1.0,69.0,8055,Zürich,Zurich,Wasserschöpfi 23,APARTMENT,47.36577481,8.50758453,https://flatfox.ch/de/wohnung/wasserschopfi-23-8055-zurich/85801520/,2026-05-17T01:51:02+00:00,38.55072463768116
85801573,"Uetlibergstr. 240, 8045 Zürich - CHF 2’480 inkl. NK pro Monat",2480,2.5,55.0,8045,Zürich,Zurich,Uetlibergstr. 240,APARTMENT,47.35601531,8.51333744,https://flatfox.ch/de/wohnung/uetlibergstr-240-8045-zurich/85801573/,2026-05-17T01:51:02+00:00,45.09090909090909
85801606,"Tschudistr. 36, 9000 St. Gallen - CHF 1’300 inkl. NK pro Monat",1300,4.0,71.0,9000,St. Gallen,St. Gallen,Tschudistr. 36,APARTMENT,47.41637547,9.3640509,https://flatfox.ch/de/wohnung/tschudistr-36-9000-st-gallen/85801606/,2026-05-17T01:51:02+00:00,18.309859154929576
85801640,"Frohburgstr. 68, 8006 Zürich - CHF 1’983 inkl. NK pro Monat",1983,3.0,67.0,8006,Zürich,Zurich,Frohburgstr. 68,APARTMENT,47.38999669,8.55003281,https://flatfox.ch/de/wohnung/frohburgstr-68-8006-zurich/85801640/,2026-05-17T01:51:02+00:00,29.597014925373134
85801682,"Rue des Epetys 3, 1966 Argnou (Ayent) - CHF 1’450",1450,2.5,60.0,1966,Argnou (Ayent),Valais,Rue des Epetys 3,APARTMENT,46.2079158,7.266820699999999,https://flatfox.ch/de/wohnung/rue-des-epetys-3-1966-argnou-ayent/85801682/,2026-05-17T01:51:02+00:00,24.166666666666668
85801709,"Route de la Rosière 1, 1782 Formangueires - CHF 1’750",1750,5.5,140.0,1782,Formangueires,Fribourg,Route de la Rosière 1,APARTMENT,46.8230463,7.10113715,https://flatfox.ch/de/wohnung/route-de-la-rosiere-1-1782-formangueires/85801709/,2026-05-17T01:51:02+00:00,12.5
85802312,"Missionsstrasse.40, 4055 Basel - CHF 1’200 inkl. NK pro Monat",1200,1.0,29.0,4055,Basel,Basel-Stadt,Missionsstrasse.40,APARTMENT,47.56038832,7.57699686,https://flatfox.ch/de/wohnung/missionsstrasse40-4055-basel/85802312/,2026-05-17T01:51:02+00:00,41.37931034482759
85802623,"Kleindorfstrasse 103, 8707 Uetikon am See - CHF 3’520",3520,4.5,110.0,8707,Uetikon am See,Zurich,Kleindorfstrasse 103,APARTMENT,47.26740235,8.684016999999999,https://flatfox.ch/de/wohnung/kleindorfstrasse-103-8707-uetikon-am-see/85802623/,2026-05-17T01:51:02+00:00,32.0
85803092,"Rechenbühl 57, 8106 Adlikon b.Regensdorf - CHF 2’690 inkl. NK pro Monat",2690,4.5,108.0,8106,Adlikon b.Regensdorf,Zurich,Rechenbühl 57,APARTMENT,47.45500595,8.462832299999999,https://flatfox.ch/de/wohnung/rechenbuhl-57-8106-adlikon-bregensdorf/85803092/,2026-05-17T01:51:04+00:00,24.90740740740741
85803095,"Hofrain 6, 8964 Rudolfstetten - CHF 1’541 inkl. NK pro Monat",1541,2.5,55.0,8964,Rudolfstetten,Aargau,Hofrain 6,APARTMENT,47.37143582,8.380927699999999,https://flatfox.ch/de/wohnung/hofrain-6-8964-rudolfstetten/85803095/,2026-05-17T01:51:04+00:00,28.01818181818182
85803103,6900 Lugano - CHF 9’000,9000,6.5,400.0,6900,Lugano,Ticino,,APARTMENT,46.00932610963874,8.950693298980795,https://flatfox.ch/de/wohnung/6900-lugano/85803103/,2026-05-17T01:51:04+00:00,22.5
85803116,8057 Zürich - CHF 1’350 inkl. NK pro Monat,1350,1.5,50.0,8057,Zürich,Zurich,,APARTMENT,47.39822374670461,8.54688245825762,https://flatfox.ch/de/wohnung/8057-zurich/85803116/,2026-05-17T01:51:04+00:00,27.0
85803331,"Dettigenstrasse 1a, Haus Ost, 3037 Herrenschwanden - CHF 1’640 inkl. NK pro Monat",1640,2.5,72.0,3037,Herrenschwanden,Bern,"Dettigenstrasse 1a, Haus Ost",APARTMENT,46.97561771,7.40985072,https://flatfox.ch/de/wohnung/dettigenstrasse-1a-haus-ost-3037-herrenschwanden/85803331/,2026-05-17T01:51:04+00:00,22.77777777777778
85803401,"Rue François - Guillimann 13, 1700 Fribourg - CHF 1’736 inkl. NK pro Monat",1736,3.0,81.0,1700,Fribourg,Fribourg,Rue François - Guillimann 13,APARTMENT,46.79825074,7.15106252,https://flatfox.ch/de/wohnung/rue-francois-guillimann-13-1700-fribourg/85803401/,2026-05-17T01:51:04+00:00,21.432098765432098
85803403,"Ruelle Vaucher 15, 2000 Neuchâtel - CHF 1’360 inkl. NK pro Monat",1360,2.0,49.0,2000,Neuchâtel,Neuchâtel,Ruelle Vaucher 15,APARTMENT,46.99563929,6.93546091,https://flatfox.ch/de/wohnung/ruelle-vaucher-15-2000-neuchatel/85803403/,2026-05-17T01:51:04+00:00,27.755102040816325
85803404,"Seeblickstr. 11, 9010 St. Gallen - CHF 1’885 inkl. NK pro Monat",1885,3.5,68.0,9010,St. Gallen,St. Gallen,Seeblickstr. 11,APARTMENT,47.44031623,9.37753296,https://flatfox.ch/de/wohnung/seeblickstr-11-9010-st-gallen/85803404/,2026-05-17T01:51:04+00:00,27.720588235294116
85803409,"Rue du Lac 3, 1400 Yverdon-les-Bains - CHF 1’846 inkl. NK pro Monat",1846,3.0,85.0,1400,Yverdon-les-Bains,Vaud,Rue du Lac 3,APARTMENT,46.77892011,6.640294300000002,https://flatfox.ch/de/wohnung/rue-du-lac-3-1400-yverdon-les-bains/85803409/,2026-05-17T01:51:04+00:00,21.71764705882353
85803453,"Quellenstrasse 42, 8005 Zürich - CHF 2’351 inkl. NK pro Monat",2351,2.5,64.0,8005,Zürich,Zurich,Quellenstrasse 42,APARTMENT,47.38597599,8.52887347,https://flatfox.ch/de/wohnung/quellenstrasse-42-8005-zurich/85803453/,2026-05-17T01:51:04+00:00,36.734375
85803889,"Ehrendingerstrasse 11, 5408 Ennetbaden - CHF 3’260",3260,3.5,89.0,5408,Ennetbaden,Aargau,Ehrendingerstrasse 11,APARTMENT,47.47496195,8.31219378,https://flatfox.ch/de/wohnung/ehrendingerstrasse-11-5408-ennetbaden/85803889/,2026-05-17T01:51:04+00:00,36.62921348314607
85803903,"Via Campione 65, 6816 Bissone - CHF 1’350",1350,2.0,55.0,6816,Bissone,Ticino,Via Campione 65,APARTMENT,45.9614451,8.96797549,https://flatfox.ch/de/wohnung/via-campione-65-6816-bissone/85803903/,2026-05-17T01:51:04+00:00,24.545454545454547
85803923,"Freiburgstrasse 62, 3008 Bern - CHF 1’490",1490,2.5,51.0,3008,Bern,Bern,Freiburgstrasse 62,APARTMENT,46.94639678,7.41881851,https://flatfox.ch/de/wohnung/freiburgstrasse-62-3008-bern/85803923/,2026-05-17T01:51:04+00:00,29.215686274509803
85803930,8172 Niederglatt ZH - CHF 2’750,2750,4.5,107.0,8172,Niederglatt ZH,Zurich,,APARTMENT,47.49317970880568,8.499270472078075,https://flatfox.ch/de/wohnung/8172-niederglatt-zh/85803930/,2026-05-17T01:51:04+00:00,25.700934579439252
85803932,"Bahnweg 16, 4402 Frenkendorf - CHF 1’550",1550,2.0,85.0,4402,Frenkendorf,Basel-Landschaft,Bahnweg 16,APARTMENT,47.50375089,7.71915132,https://flatfox.ch/de/wohnung/bahnweg-16-4402-frenkendorf/85803932/,2026-05-17T01:51:04+00:00,18.235294117647058
85803954,6300 Zug - CHF 997,997,1.5,30.0,6300,Zug,Zug,,APARTMENT,47.15576011071312,8.531526900261857,https://flatfox.ch/de/wohnung/6300-zug/85803954/,2026-05-17T01:51:04+00:00,33.233333333333334
85803957,6500 Bellinzona - CHF 1’270,1270,3.5,75.0,6500,Bellinzona,Ticino,,APARTMENT,46.19383650773822,9.0238022678708,https://flatfox.ch/de/wohnung/6500-bellinzona/85803957/,2026-05-17T01:51:04+00:00,16.933333333333334
85803959,"Via alla Romantica, 6500 Bellinzona - CHF 1’375",1375,3.0,70.0,6500,Bellinzona,Ticino,Via alla Romantica,APARTMENT,46.1933676,9.02591441,https://flatfox.ch/de/wohnung/via-alla-romantica-6500-bellinzona/85803959/,2026-05-17T01:51:04+00:00,19.642857142857142
85803975,"Bellevue 5, 2037 Montmollin - CHF 1’570",1570,3.5,83.0,2037,Montmollin,Neuchâtel,Bellevue 5,APARTMENT,46.98496061,6.8326608,https://flatfox.ch/de/wohnung/bellevue-5-2037-montmollin/85803975/,2026-05-17T01:51:04+00:00,18.91566265060241
85803976,1024 Ecublens VD - CHF 1’200,1200,1.0,65.0,1024,Ecublens VD,Vaud,,SINGLE_ROOM,46.528517016159306,6.560647499632277,https://flatfox.ch/de/wohnung/1024-ecublens-vd/85803976/,2026-05-17T01:51:04+00:00,18.46153846153846
85804000,1817 Brent - CHF 1’700,1700,4.0,90.0,1817,Brent,Vaud,,APARTMENT,46.458027023815774,6.902400565281589,https://flatfox.ch/de/wohnung/1817-brent/85804000/,2026-05-17T01:51:04+00:00,18.88888888888889
85804021,"Route des Champs-Montants 12, 1483 Montet (Broye) - CHF 1’790",1790,3.0,86.0,1483,Montet (Broye),Fribourg,Route des Champs-Montants 12,APARTMENT,46.81675742,6.86544879,https://flatfox.ch/de/wohnung/route-des-champs-montants-12-1483-montet-broye/85804021/,2026-05-17T01:51:04+00:00,20.813953488372093
85804025,"Rte de la Scie 15, 1665 Estavannens - CHF 1’900",1900,4.5,110.0,1665,Estavannens,Fribourg,Rte de la Scie 15,APARTMENT,46.55955595,7.102773699999999,https://flatfox.ch/de/wohnung/rte-de-la-scie-15-1665-estavannens/85804025/,2026-05-17T01:51:04+00:00,17.272727272727273
85804363,4053 Basel - CHF 2’290 inkl. NK pro Monat,2290,3.0,70.0,4053,Basel,Basel-Stadt,,APARTMENT,47.54055038126472,7.597576732301238,https://flatfox.ch/de/wohnung/4053-basel/85804363/,2026-05-17T01:51:05+00:00,32.714285714285715
85804364,8964 Rudolfstetten - CHF 2’195 inkl. NK pro Monat,2195,2.5,73.0,8964,Rudolfstetten,Aargau,,APARTMENT,47.36587113353712,8.385362637147246,https://flatfox.ch/de/wohnung/8964-rudolfstetten/85804364/,2026-05-17T01:51:05+00:00,30.068493150684933
85804470,"Rue du Crêt 7, 2740 Moutier - CHF 1’150 inkl. NK pro Monat",1150,3.5,90.0,2740,Moutier,Bern,Rue du Crêt 7,APARTMENT,47.28272831,7.38371684,https://flatfox.ch/de/wohnung/rue-du-cret-7-2740-moutier/85804470/,2026-05-17T01:51:05+00:00,12.777777777777779
85804498,"Puplinge, 1241 puplinge - CHF 3’180 inkl. NK pro Monat",3180,4.0,90.0,1241,puplinge,Geneva,Puplinge,APARTMENT,46.20949925,6.23463189,https://flatfox.ch/de/wohnung/puplinge-1241-puplinge/85804498/,2026-05-17T01:51:05+00:00,35.333333333333336
85804738,"Paracelsusstrasse 63, 4058 Basel - CHF 1’500",1500,3.0,80.0,4058,Basel,Basel-Stadt,Paracelsusstrasse 63,APARTMENT,47.56592131,7.61143921,https://flatfox.ch/de/wohnung/paracelsusstrasse-63-4058-basel/85804738/,2026-05-17T01:51:05+00:00,18.75
85804742,"Hardaustrasse 23, 8003 Zürich - CHF 930",930,1.0,20.0,8003,Zürich,Zurich,Hardaustrasse 23,SINGLE_ROOM,47.37723968,8.50941011,https://flatfox.ch/de/wohnung/hardaustrasse-23-8003-zurich/85804742/,2026-05-17T01:51:05+00:00,46.5
85804746,"Via Tesserete 57, 6900 Lugano - CHF 1’300",1300,2.0,45.0,6900,Lugano,Ticino,Via Tesserete 57,APARTMENT,46.01564363,8.95054394,https://flatfox.ch/de/wohnung/via-tesserete-57-6900-lugano/85804746/,2026-05-17T01:51:05+00:00,28.88888888888889
85804747,"Im Park 12, 3052 Zollikofen - CHF 2’400",2400,3.0,80.0,3052,Zollikofen,Bern,Im Park 12,APARTMENT,47.00220458,7.445581900000001,https://flatfox.ch/de/wohnung/im-park-12-3052-zollikofen/85804747/,2026-05-17T01:51:05+00:00,30.0
85804755,6005 St. Niklausen LU - CHF 1’200,1200,4.0,75.0,6005,St. Niklausen LU,Lucerne,,APARTMENT,47.01910703825714,8.339208829103589,https://flatfox.ch/de/wohnung/6005-st-niklausen-lu/85804755/,2026-05-17T01:51:05+00:00,16.0
85804764,"Rutistrasse 43, 9050 Appenzell Steinegg - CHF 800",800,1.0,28.0,9050,Appenzell Steinegg,Appenzell Innerrhoden,Rutistrasse 43,APARTMENT,47.33218129999999,9.40083687,https://flatfox.ch/de/wohnung/rutistrasse-43-9050-appenzell-steinegg/85804764/,2026-05-17T01:51:05+00:00,28.571428571428573
85804800,1996 Brignon (Nendaz) - CHF 1’350,1350,4.5,120.0,1996,Brignon (Nendaz),Valais,,APARTMENT,46.18684896903091,7.325054702631934,https://flatfox.ch/de/wohnung/1996-brignon-nendaz/85804800/,2026-05-17T01:51:05+00:00,11.25
85804860,"Route du péage 3, 1673 Ecublens FR - CHF 1’970",1970,4.5,150.0,1673,Ecublens FR,Fribourg,Route du péage 3,APARTMENT,46.6202767,6.81815046,https://flatfox.ch/de/wohnung/route-du-peage-3-1673-ecublens-fr/85804860/,2026-05-17T01:51:05+00:00,13.133333333333333
85804889,"Rue de la Grand-Vigne 6, 1896 Vouvry - CHF 1’190",1190,2.5,55.0,1896,Vouvry,Valais,Rue de la Grand-Vigne 6,APARTMENT,46.33726441,6.88947845,https://flatfox.ch/de/wohnung/rue-de-la-grand-vigne-6-1896-vouvry/85804889/,2026-05-17T01:51:05+00:00,21.636363636363637
85804891,9000 St.Gallen - CHF 1’240 inkl. NK pro Monat,1240,1.5,31.0,9000,St.Gallen,St. Gallen,,APARTMENT,47.42450799511823,9.374847983949468,https://flatfox.ch/de/wohnung/9000-stgallen/85804891/,2026-05-17T01:51:05+00:00,40.0
85804981,"Route d'Echallens 19, 1530 Payerne - CHF 2’600 inkl. NK pro Monat",2600,5.5,140.0,1530,Payerne,Vaud,Route d'Echallens 19,APARTMENT,46.81763584,6.9289439,https://flatfox.ch/de/wohnung/route-dechallens-19-1530-payerne/85804981/,2026-05-17T01:51:05+00:00,18.571428571428573
85805130,8032 Zürich - CHF 2’450 inkl. NK pro Monat,2450,2.0,65.0,8032,Zürich,Zurich,,APARTMENT,47.367082854989526,8.567881324147354,https://flatfox.ch/de/wohnung/8032-zurich/85805130/,2026-05-17T01:51:05+00:00,37.69230769230769
85805697,"Unterdorfstr. 45, 3072 Ostermundigen - CHF 2’240 inkl. NK pro Monat",2240,4.5,92.0,3072,Ostermundigen,Bern,Unterdorfstr. 45,APARTMENT,46.96090158,7.489285499999999,https://flatfox.ch/de/wohnung/unterdorfstr-45-3072-ostermundigen/85805697/,2026-05-17T01:51:08+00:00,24.347826086956523
85805971,"Schärenmoosstrasse 78, 8052 Zürich - CHF 3’200 inkl. NK pro Monat",3200,2.5,80.0,8052,Zürich,Zurich,Schärenmoosstrasse 78,APARTMENT,47.4187452,8.55724067,https://flatfox.ch/de/wohnung/scharenmoosstrasse-78-8052-zurich/85805971/,2026-05-17T01:51:08+00:00,40.0
85806129,"Mühleweg 9, 3186 Düdingen - CHF 1’590 inkl. NK pro Monat",1590,3.5,76.0,3186,Düdingen,Fribourg,Mühleweg 9,APARTMENT,46.84692315,7.186906899999999,https://flatfox.ch/de/wohnung/muhleweg-9-3186-dudingen/85806129/,2026-05-17T01:51:08+00:00,20.92105263157895
85806209,"Amerbachstrasse 89, 4057 Basel - CHF 1’750 inkl. NK pro Monat",1750,3.0,73.0,4057,Basel,Basel-Stadt,Amerbachstrasse 89,APARTMENT,47.56955977,7.596414599999999,https://flatfox.ch/de/wohnung/amerbachstrasse-89-4057-basel/85806209/,2026-05-17T01:51:08+00:00,23.972602739726028
85806213,"Dorfstrasse 60, 4245 Kleinlützel - CHF 1’100 inkl. NK pro Monat",1100,1.5,65.0,4245,Kleinlützel,Solothurn,Dorfstrasse 60,APARTMENT,47.42731686,7.4157692000000015,https://flatfox.ch/de/wohnung/dorfstrasse-60-4245-kleinlutzel/85806213/,2026-05-17T01:51:08+00:00,16.923076923076923
85806215,"Tulpenweg 20, 3250 Lyss - CHF 1’400 inkl. NK pro Monat",1400,2.5,54.0,3250,Lyss,Bern,Tulpenweg 20,APARTMENT,47.06842322,7.30305828,https://flatfox.ch/de/wohnung/tulpenweg-20-3250-lyss/85806215/,2026-05-17T01:51:08+00:00,25.925925925925927
85806246,"Bergstrasse 13, 8704 Herrliberg - CHF 8’500 inkl. NK pro Monat",8500,4.5,255.0,8704,Herrliberg,Zurich,Bergstrasse 13,TERRACE_FLAT,47.29430492,8.6048631,https://flatfox.ch/de/wohnung/bergstrasse-13-8704-herrliberg/85806246/,2026-05-17T01:51:08+00:00,33.333333333333336
85806279,"Chemin Fleuri 4, 1585 SALAVAUX - CHF 1’736",1736,3.5,94.0,1585,SALAVAUX,Vaud,Chemin Fleuri 4,APARTMENT,46.91712499,7.01872798,https://flatfox.ch/de/wohnung/chemin-fleuri-4-1585-salavaux/85806279/,2026-05-17T01:51:08+00:00,18.46808510638298
85806338,"Tössfeldstrasse 67b, 8406 Winterthur - CHF 2’095 inkl. NK pro Monat",2095,2.5,54.0,8406,Winterthur,Zurich,Tössfeldstrasse 67b,APARTMENT,47.49011044,8.71113151,https://flatfox.ch/de/wohnung/tossfeldstrasse-67b-8406-winterthur/85806338/,2026-05-17T01:51:08+00:00,38.7962962962963
85806356,"Fliederstr. 8, 8152 Glattbrugg - CHF 1’630 inkl. NK pro Monat",1630,2.0,56.0,8152,Glattbrugg,Zurich,Fliederstr. 8,APARTMENT,47.43148713,8.56522219,https://flatfox.ch/de/wohnung/fliederstr-8-8152-glattbrugg/85806356/,2026-05-17T01:51:08+00:00,29.107142857142858
85806404,"Birchlenstr. 20, 8600 Dübendorf - CHF 2’565 inkl. NK pro Monat",2565,2.5,69.0,8600,Dübendorf,Zurich,Birchlenstr. 20,APARTMENT,47.39944422,8.61377878,https://flatfox.ch/de/wohnung/birchlenstr-20-8600-dubendorf/85806404/,2026-05-17T01:51:08+00:00,37.17391304347826
85806424,"Neumattstrasse 22, 4657 Dulliken - CHF 1’230",1230,3.0,70.0,4657,Dulliken,Solothurn,Neumattstrasse 22,APARTMENT,47.35341291,7.9401144,https://flatfox.ch/de/wohnung/neumattstrasse-22-4657-dulliken/85806424/,2026-05-17T01:51:08+00:00,17.571428571428573
85806555,"Scheuermattweg 4, 3007 Bern - CHF 2’005 inkl. NK pro Monat",2005,3.5,70.0,3007,Bern,Bern,Scheuermattweg 4,APARTMENT,46.93908849,7.43685965,https://flatfox.ch/de/wohnung/scheuermattweg-4-3007-bern/85806555/,2026-05-17T01:51:08+00:00,28.642857142857142
85806827,"Adelheid Page-Strassse 4, 6330 Cham - CHF 1’330 inkl. NK pro Monat",1330,1.5,30.0,6330,Cham,Zug,Adelheid Page-Strassse 4,APARTMENT,47.18127536,8.4649971,https://flatfox.ch/de/wohnung/adelheid-page-strassse-4-6330-cham/85806827/,2026-05-17T01:51:08+00:00,44.333333333333336
85806841,"Avenue de Béthusy 8, 1005 Lausanne - CHF 1’680 inkl. NK pro Monat",1680,2.0,47.0,1005,Lausanne,Vaud,Avenue de Béthusy 8,LOFT,46.52096222,6.6409352,https://flatfox.ch/de/wohnung/avenue-de-bethusy-8-1005-lausanne/85806841/,2026-05-17T01:51:08+00:00,35.744680851063826
85806842,"Avenue Giuseppe Motta 48, 1202 Genève - CHF 1’837 inkl. NK pro Monat",1837,2.0,43.0,1202,Genève,Geneva,Avenue Giuseppe Motta 48,APARTMENT,46.21959495,6.135413799999999,https://flatfox.ch/de/wohnung/avenue-giuseppe-motta-48-1202-geneve/85806842/,2026-05-17T01:51:08+00:00,42.72093023255814
85807136,"Avenue Giuseppe Motta 48, 1202 Genève - CHF 3’360 inkl. NK pro Monat",3360,4.0,85.0,1202,Genève,Geneva,Avenue Giuseppe Motta 48,APARTMENT,46.21959495,6.135413799999999,https://flatfox.ch/de/wohnung/avenue-giuseppe-motta-48-1202-geneve/85807136/,2026-05-17T01:51:08+00:00,39.529411764705884
85807145,"Avenue Giuseppe Motta 48, 1202 Genève - CHF 2’720 inkl. NK pro Monat",2720,3.0,85.0,1202,Genève,Geneva,Avenue Giuseppe Motta 48,APARTMENT,46.21959495,6.135413799999999,https://flatfox.ch/de/wohnung/avenue-giuseppe-motta-48-1202-geneve/85807145/,2026-05-17T01:51:08+00:00,32.0
85807152,"Avenue Giuseppe Motta 48, 1202 Genève - CHF 4’505 inkl. NK pro Monat",4505,5.0,102.0,1202,Genève,Geneva,Avenue Giuseppe Motta 48,APARTMENT,46.21959495,6.135413799999999,https://flatfox.ch/de/wohnung/avenue-giuseppe-motta-48-1202-geneve/85807152/,2026-05-17T01:51:09+00:00,44.166666666666664
85807264,"Thunstrasse 92, 3006 Bern - CHF 2’300 inkl. NK pro Monat",2300,3.5,76.0,3006,Bern,Bern,Thunstrasse 92,APARTMENT,46.94095126,7.46276398,https://flatfox.ch/de/wohnung/thunstrasse-92-3006-bern/85807264/,2026-05-17T01:51:09+00:00,30.263157894736842
85807267,"via Canton Lucerna 22, 6760 Faido - CHF 1’460",1460,3.0,100.0,6760,Faido,Ticino,via Canton Lucerna 22,APARTMENT,46.4765748,8.80326445,https://flatfox.ch/de/wohnung/via-canton-lucerna-22-6760-faido/85807267/,2026-05-17T01:51:09+00:00,14.6
85807298,"Sägestrasse 10C, 3422 Alchenflüh - CHF 2’300",2300,4.5,105.0,3422,Alchenflüh,Bern,Sägestrasse 10C,APARTMENT,47.09149334,7.56191961,https://flatfox.ch/de/wohnung/sagestrasse-10c-3422-alchenfluh/85807298/,2026-05-17T01:51:09+00:00,21.904761904761905
85807328,"Viale Lungo Breggia 15, 6834 Morbio Inferiore - CHF 1’236",1236,3.0,105.0,6834,Morbio Inferiore,Ticino,Viale Lungo Breggia 15,APARTMENT,45.84072084,9.02329896,https://flatfox.ch/de/wohnung/viale-lungo-breggia-15-6834-morbio-inferiore/85807328/,2026-05-17T01:51:09+00:00,11.771428571428572
85807364,"Allschwilerstrasse, 4055 Basel - CHF 1’275",1275,2.5,39.0,4055,Basel,Basel-Stadt,Allschwilerstrasse,APARTMENT,47.55705681,7.57088271,https://flatfox.ch/de/wohnung/allschwilerstrasse-4055-basel/85807364/,2026-05-17T01:51:09+00:00,32.69230769230769
85807389,"Contrada alla Cantina, 6934 Bioggio - CHF 1’700",1700,4.0,130.0,6934,Bioggio,Ticino,Contrada alla Cantina,APARTMENT,46.01540949,8.90837745,https://flatfox.ch/de/wohnung/contrada-alla-cantina-6934-bioggio/85807389/,2026-05-17T01:51:09+00:00,13.076923076923077
85807400,"Neubergstrasse, 5330 Bad Zurzach - CHF 985",985,1.0,90.0,5330,Bad Zurzach,Aargau,Neubergstrasse,APARTMENT,47.58209232,8.29929965,https://flatfox.ch/de/wohnung/neubergstrasse-5330-bad-zurzach/85807400/,2026-05-17T01:51:09+00:00,10.944444444444445
85807405,"Rue des alpes 18, 1700 Freiburg - CHF 850",850,2.0,50.0,1700,Freiburg,Fribourg,Rue des alpes 18,APARTMENT,46.80487951,7.15803984,https://flatfox.ch/de/wohnung/rue-des-alpes-18-1700-freiburg/85807405/,2026-05-17T01:51:09+00:00,17.0
85807423,"pré-landry 32, 2017 Boudry - CHF 2’080",2080,4.0,90.0,2017,Boudry,Neuchâtel,pré-landry 32,APARTMENT,46.9516838,6.842174399999999,https://flatfox.ch/de/wohnung/pre-landry-32-2017-boudry/85807423/,2026-05-17T01:51:09+00:00,23.11111111111111
85807494,"Rue des Dents-du-Midi 98A, 1868 Collombey - CHF 1’280",1280,2.5,64.0,1868,Collombey,Valais,Rue des Dents-du-Midi 98A,APARTMENT,46.27605651,6.94045126,https://flatfox.ch/de/wohnung/rue-des-dents-du-midi-98a-1868-collombey/85807494/,2026-05-17T01:51:09+00:00,20.0
85807498,"Rue de lancienne douane 1, 1003 Lausanne - CHF 2’629",2629,4.0,89.0,1003,Lausanne,Vaud,Rue de lancienne douane 1,APARTMENT,46.52146174,6.639111799999999,https://flatfox.ch/de/wohnung/rue-de-lancienne-douane-1-1003-lausanne/85807498/,2026-05-17T01:51:09+00:00,29.53932584269663
85807526,"Route de Genève 6, 1033 Cheseaux-sur-Lausanne - CHF 2’850",2850,4.0,117.0,1033,Cheseaux-sur-Lausanne,Vaud,Route de Genève 6,APARTMENT,46.58409718,6.60424619,https://flatfox.ch/de/wohnung/route-de-geneve-6-1033-cheseaux-sur-lausanne/85807526/,2026-05-17T01:51:09+00:00,24.358974358974358
85807549,"Rue jolimont 2, 2525 Le Landeron - CHF 2’050",2050,4.5,125.0,2525,Le Landeron,Neuchâtel,Rue jolimont 2,APARTMENT,47.05502243,7.06656254,https://flatfox.ch/de/wohnung/rue-jolimont-2-2525-le-landeron/85807549/,2026-05-17T01:51:09+00:00,16.4
85807755,"Else-Züblin-Strasse 78, 8404 Winterthur - CHF 1’750 inkl. NK pro Monat",1750,2.0,48.0,8404,Winterthur,Zurich,Else-Züblin-Strasse 78,APARTMENT,47.50319779,8.76571039,https://flatfox.ch/de/wohnung/else-zublin-strasse-78-8404-winterthur/85807755/,2026-05-17T01:51:09+00:00,36.458333333333336
85807766,"Av. de Morges 7, 1004 Lausanne - CHF 2’315 inkl. NK pro Monat",2315,3.0,63.0,1004,Lausanne,Vaud,Av. de Morges 7,APARTMENT,46.52389692,6.621168099999999,https://flatfox.ch/de/wohnung/av-de-morges-7-1004-lausanne/85807766/,2026-05-17T01:51:09+00:00,36.74603174603175
85807778,"Haupstrasse 89, 8840 Einsiedeln - CHF 1’920 inkl. NK pro Monat",1920,4.5,50.0,8840,Einsiedeln,Schwyz,Haupstrasse 89,APARTMENT,47.12714920000002,8.74990734,https://flatfox.ch/de/wohnung/haupstrasse-89-8840-einsiedeln/85807778/,2026-05-17T01:51:09+00:00,38.4
85808005,"Wilerstrasse 58, 9630 Wattwil - CHF 1’080 inkl. NK pro Monat",1080,2.0,43.0,9630,Wattwil,St. Gallen,Wilerstrasse 58,APARTMENT,47.3085766,9.08630764,https://flatfox.ch/de/wohnung/wilerstrasse-58-9630-wattwil/85808005/,2026-05-17T01:51:09+00:00,25.11627906976744
85808142,"Dorfstrasse 22B, 3550 Langnau im Emmental - CHF 1’850",1850,4.5,110.0,3550,Langnau im Emmental,Bern,Dorfstrasse 22B,APARTMENT,46.93924669,7.78639332,https://flatfox.ch/de/wohnung/dorfstrasse-22b-3550-langnau-im-emmental/85808142/,2026-05-17T01:51:09+00:00,16.818181818181817
85808287,"Alte Bernstrasse 38, 4573 Lohn-Ammannsegg - CHF 3’000 inkl. NK pro Monat",3000,4.5,135.0,4573,Lohn-Ammannsegg,Solothurn,Alte Bernstrasse 38,APARTMENT,47.16997476,7.52444417,https://flatfox.ch/de/wohnung/alte-bernstrasse-38-4573-lohn-ammannsegg/85808287/,2026-05-17T01:51:09+00:00,22.22222222222222
85808409,"Via Luigi Taddei, Lugano, Svizzera, 6962 Viganello - CHF 1’770",1770,2.5,45.0,6962,Viganello,Ticino,"Via Luigi Taddei, Lugano, Svizzera",FURNISHED_FLAT,46.01276752,8.96400178,https://flatfox.ch/de/wohnung/via-luigi-taddei-lugano-svizzera-6962-viganello/85808409/,2026-05-17T01:51:09+00:00,39.333333333333336
85808427,"Avenue de la Gare 6, 2000 Neuchâtel - CHF 3’290 inkl. NK pro Monat",3290,6.0,200.0,2000,Neuchâtel,Neuchâtel,Avenue de la Gare 6,APARTMENT,46.99353735,6.93188897,https://flatfox.ch/de/wohnung/avenue-de-la-gare-6-2000-neuchatel/85808427/,2026-05-17T01:51:09+00:00,16.45
85808477,"Stampfibachstr. 7B, 4663 Aarburg - CHF 2’280 inkl. NK pro Monat",2280,4.5,106.0,4663,Aarburg,Aargau,Stampfibachstr. 7B,APARTMENT,47.31413766,7.9025687,https://flatfox.ch/de/wohnung/stampfibachstr-7b-4663-aarburg/85808477/,2026-05-17T01:51:09+00:00,21.50943396226415
85808619,"Avenue Giuseppe Motta 48, 1202 Genève - CHF 1’160 inkl. NK pro Monat",1160,1.5,25.0,1202,Genève,Geneva,Avenue Giuseppe Motta 48,APARTMENT,46.21959495,6.135413799999999,https://flatfox.ch/de/wohnung/avenue-giuseppe-motta-48-1202-geneve/85808619/,2026-05-17T01:51:09+00:00,46.4
85808687,"Via Can Riccardo Induni 10, 6833 Vacallo - CHF 1’700",1700,3.5,80.0,6833,Vacallo,Ticino,Via Can Riccardo Induni 10,APARTMENT,45.84369162,9.03088616,https://flatfox.ch/de/wohnung/via-can-riccardo-induni-10-6833-vacallo/85808687/,2026-05-17T01:51:09+00:00,21.25
85808756,"Tourelles 10, 2300 La Chaux-de-Fonds - CHF 1’080",1080,4.0,70.0,2300,La Chaux-de-Fonds,Neuchâtel,Tourelles 10,APARTMENT,47.10289566,6.81860167,https://flatfox.ch/de/wohnung/tourelles-10-2300-la-chaux-de-fonds/85808756/,2026-05-17T01:51:11+00:00,15.428571428571429
85808769,"Tourelles 10, 2300 La Chaux-de-Fonds - CHF 1’080 inkl. NK pro Monat",1080,4.0,70.0,2300,La Chaux-de-Fonds,Neuchâtel,Tourelles 10,APARTMENT,47.10289566,6.81860167,https://flatfox.ch/de/wohnung/tourelles-10-2300-la-chaux-de-fonds/85808769/,2026-05-17T01:51:11+00:00,15.428571428571429
85808875,"Schwarzwaldallee 79, 4058 Basel - CHF 1’520 inkl. NK pro Monat",1520,3.0,80.0,4058,Basel,Basel-Stadt,Schwarzwaldallee 79,APARTMENT,47.56180052,7.610356299999999,https://flatfox.ch/de/wohnung/schwarzwaldallee-79-4058-basel/85808875/,2026-05-17T01:51:11+00:00,19.0
85809067,8004 Zürich - CHF 2’190 inkl. NK pro Monat,2190,2.5,65.0,8004,Zürich,Zurich,,APARTMENT,47.380738520789976,8.517269523725997,https://flatfox.ch/de/wohnung/8004-zurich/85809067/,2026-05-17T01:51:11+00:00,33.69230769230769
85809150,6852 Genestrerio - CHF 1’650,1650,4.5,120.0,6852,Genestrerio,Ticino,,APARTMENT,45.850519761271215,8.959285380800662,https://flatfox.ch/de/wohnung/6852-genestrerio/85809150/,2026-05-17T01:51:11+00:00,13.75
85809156,"VIA SOLDINI 25, 6830 Chiasso - CHF 1’100",1100,3.5,85.0,6830,Chiasso,Ticino,VIA SOLDINI 25,APARTMENT,45.83394125,9.02284869,https://flatfox.ch/de/wohnung/via-soldini-25-6830-chiasso/85809156/,2026-05-17T01:51:11+00:00,12.941176470588236
85809159,"Vicolo Concordia 2, 6900 Lugano - CHF 950",950,1.0,35.0,6900,Lugano,Ticino,Vicolo Concordia 2,APARTMENT,46.01062768,8.93551589,https://flatfox.ch/de/wohnung/vicolo-concordia-2-6900-lugano/85809159/,2026-05-17T01:51:11+00:00,27.142857142857142
85809292,"Bächliwis 2B, 8184 Bachenbülach - CHF 2’000 inkl. NK pro Monat",2000,4.5,155.0,8184,Bachenbülach,Zurich,Bächliwis 2B,APARTMENT,47.50377438,8.54587454,https://flatfox.ch/de/wohnung/bachliwis-2b-8184-bachenbulach/85809292/,2026-05-17T01:51:11+00:00,12.903225806451612
85809299,"Rue Auguste - Bachelin 15, 2000 Neuchâtel - CHF 2’115 inkl. NK pro Monat",2115,4.5,100.0,2000,Neuchâtel,Neuchâtel,Rue Auguste - Bachelin 15,APARTMENT,46.99417419,6.92203292,https://flatfox.ch/de/wohnung/rue-auguste-bachelin-15-2000-neuchatel/85809299/,2026-05-17T01:51:11+00:00,21.15
85809300,"Via Molinazzo 8, 6900 Lugano - CHF 1’430 inkl. NK pro Monat",1430,2.5,44.0,6900,Lugano,Ticino,Via Molinazzo 8,APARTMENT,46.00928496,8.96549111,https://flatfox.ch/de/wohnung/via-molinazzo-8-6900-lugano/85809300/,2026-05-17T01:51:11+00:00,32.5
85809304,"Centralbahnplatz / 10 9/10, 4000 Basel - CHF 3’295 inkl. NK pro Monat",3295,3.5,154.0,4000,Basel,Basel-Stadt,Centralbahnplatz / 10 9/10,DUPLEX,47.54830836,7.589651300000002,https://flatfox.ch/de/wohnung/centralbahnplatz-10-910-4000-basel/85809304/,2026-05-17T01:51:11+00:00,21.396103896103895
85809309,"Etzmattrain 19, 3322 Urtenen-Schönbühl - CHF 1’639 inkl. NK pro Monat",1639,2.5,75.0,3322,Urtenen-Schönbühl,Bern,Etzmattrain 19,APARTMENT,47.02588125,7.5029838,https://flatfox.ch/de/wohnung/etzmattrain-19-3322-urtenen-schonbuhl/85809309/,2026-05-17T01:51:11+00:00,21.85333333333333
85809311,"Imp. du Nouveau Marché 7, 1723 Marly - CHF 2’375 inkl. NK pro Monat",2375,5.5,142.0,1723,Marly,Fribourg,Imp. du Nouveau Marché 7,APARTMENT,46.78374821,7.14842885,https://flatfox.ch/de/wohnung/imp-du-nouveau-marche-7-1723-marly/85809311/,2026-05-17T01:51:11+00:00,16.725352112676056
85809318,"Könizstrasse 188, 3097 Liebefeld - CHF 1’600 inkl. NK pro Monat",1600,3.5,88.0,3097,Liebefeld,Bern,Könizstrasse 188,APARTMENT,46.93388357,7.4151049,https://flatfox.ch/de/wohnung/konizstrasse-188-3097-liebefeld/85809318/,2026-05-17T01:51:11+00:00,18.181818181818183
85809332,"St. Gallerstrasse 143, 8645 Rapperswil-Jona - CHF 2’300 inkl. NK pro Monat",2300,3.5,83.0,8645,Rapperswil-Jona,St. Gallen,St. Gallerstrasse 143,APARTMENT,47.23133252,8.850201499999999,https://flatfox.ch/de/wohnung/st-gallerstrasse-143-8645-rapperswil-jona/85809332/,2026-05-17T01:51:11+00:00,27.710843373493976
85809491,"Solitüdenstrasse 3, 9012 St. Gallen - CHF 1’650 inkl. NK pro Monat",1650,3.5,90.0,9012,St. Gallen,St. Gallen,Solitüdenstrasse 3,APARTMENT,47.41247381,9.36386588,https://flatfox.ch/de/wohnung/solitudenstrasse-3-9012-st-gallen/85809491/,2026-05-17T01:51:11+00:00,18.333333333333332
85809497,"Sollrütistrasse 16, 3098 Schliern b. Köniz BE - CHF 2’150 inkl. NK pro Monat",2150,3.5,132.0,3098,Schliern b. Köniz BE,Bern,Sollrütistrasse 16,APARTMENT,46.9091182,7.417224900000002,https://flatfox.ch/de/wohnung/sollrutistrasse-16-3098-schliern-b-koniz-be/85809497/,2026-05-17T01:51:11+00:00,16.28787878787879
85809499,"Solitüdenstrasse 1, 9012 St. Gallen - CHF 1’760 inkl. NK pro Monat",1760,4.5,100.0,9012,St. Gallen,St. Gallen,Solitüdenstrasse 1,APARTMENT,47.412559,9.3640295,https://flatfox.ch/de/wohnung/solitudenstrasse-1-9012-st-gallen/85809499/,2026-05-17T01:51:11+00:00,17.6
85809681,"Solothurnstrasse 52, 3322 Urtenen-Schönbühl - CHF 1’290 inkl. NK pro Monat",1290,2.5,56.0,3322,Urtenen-Schönbühl,Bern,Solothurnstrasse 52,APARTMENT,47.02796678,7.50209669,https://flatfox.ch/de/wohnung/solothurnstrasse-52-3322-urtenen-schonbuhl/85809681/,2026-05-17T01:51:11+00:00,23.035714285714285
85809888,"Vogelsang  236, 5426 Lengnau - CHF 1’990 inkl. NK pro Monat",1990,4.0,95.0,5426,Lengnau,Aargau,Vogelsang  236,APARTMENT,47.5402943,8.32127278,https://flatfox.ch/de/wohnung/vogelsang-236-5426-lengnau/85809888/,2026-05-17T01:51:11+00:00,20.94736842105263
85809929,"Engstringerstrasse 50, 8952 Schlieren - CHF 2’880 inkl. NK pro Monat",2880,3.5,81.0,8952,Schlieren,Zurich,Engstringerstrasse 50,APARTMENT,47.40735097,8.44792551,https://flatfox.ch/de/wohnung/engstringerstrasse-50-8952-schlieren/85809929/,2026-05-17T01:51:11+00:00,35.55555555555556
85810014,"Kanzleistr. 222, 8004 Zürich - CHF 2’755 inkl. NK pro Monat",2755,2.5,70.0,8004,Zürich,Zurich,Kanzleistr. 222,APARTMENT,47.37879463,8.51659598,https://flatfox.ch/de/wohnung/kanzleistr-222-8004-zurich/85810014/,2026-05-17T01:51:11+00:00,39.357142857142854
85810038,"Tumbelenstrasse 65, 8330 Pfäffikon ZH - CHF 3’399 inkl. NK pro Monat",3399,5.5,168.0,8330,Pfäffikon ZH,Zurich,Tumbelenstrasse 65,APARTMENT,47.36306768,8.78905478,https://flatfox.ch/de/wohnung/tumbelenstrasse-65-8330-pfaffikon-zh/85810038/,2026-05-17T01:51:11+00:00,20.232142857142858
85810056,"Striegelstrasse 33c, 5745 Safenwil - CHF 2’140 inkl. NK pro Monat",2140,3.5,79.0,5745,Safenwil,Aargau,Striegelstrasse 33c,APARTMENT,47.31680161,7.96906744,https://flatfox.ch/de/wohnung/striegelstrasse-33c-5745-safenwil/85810056/,2026-05-17T01:51:13+00:00,27.088607594936708
85810107,"Talchernsteig 1, 8049 Zürich - CHF 5’577 inkl. NK pro Monat",5577,4.5,128.0,8049,Zürich,Zurich,Talchernsteig 1,ATTIC_FLAT,47.40267891,8.48762241,https://flatfox.ch/de/wohnung/talchernsteig-1-8049-zurich/85810107/,2026-05-17T01:51:13+00:00,43.5703125
85810115,6922 Morcote - CHF 2’500,2500,4.5,90.0,6922,Morcote,Ticino,,DUPLEX,45.92784286729689,8.907859077065028,https://flatfox.ch/de/wohnung/6922-morcote/85810115/,2026-05-17T01:51:13+00:00,27.77777777777778
85810136,"Mühledorfstrasse 4, 3018 Bern - CHF 1’660 inkl. NK pro Monat",1660,3.0,60.0,3018,Bern,Bern,Mühledorfstrasse 4,APARTMENT,46.94592063,7.39132259,https://flatfox.ch/de/wohnung/muhledorfstrasse-4-3018-bern/85810136/,2026-05-17T01:51:13+00:00,27.666666666666668
85810193,"Chemin du Viaduc 6-8, 1008 Prilly - CHF 1’470",1470,2.5,50.0,1008,Prilly,Vaud,Chemin du Viaduc 6-8,APARTMENT,46.52794021,6.60264858,https://flatfox.ch/de/wohnung/chemin-du-viaduc-6-8-1008-prilly/85810193/,2026-05-17T01:51:13+00:00,29.4
85810232,"Chemin du Viaduc 6-8, 1008 Prilly - CHF 2’190",2190,3.5,63.0,1008,Prilly,Vaud,Chemin du Viaduc 6-8,APARTMENT,46.52794021,6.60264858,https://flatfox.ch/de/wohnung/chemin-du-viaduc-6-8-1008-prilly/85810232/,2026-05-17T01:51:13+00:00,34.76190476190476
85810234,"Chemin du Viaduc 6-8, 1008 Prilly - CHF 1’380",1380,1.5,31.0,1008,Prilly,Vaud,Chemin du Viaduc 6-8,APARTMENT,46.52794021,6.60264858,https://flatfox.ch/de/wohnung/chemin-du-viaduc-6-8-1008-prilly/85810234/,2026-05-17T01:51:13+00:00,44.516129032258064
85810237,"Chemin du Viaduc 6-8, 1008 Prilly - CHF 3’250",3250,4.5,105.0,1008,Prilly,Vaud,Chemin du Viaduc 6-8,APARTMENT,46.52794021,6.60264858,https://flatfox.ch/de/wohnung/chemin-du-viaduc-6-8-1008-prilly/85810237/,2026-05-17T01:51:13+00:00,30.952380952380953
85810417,"Bahnhofstrasse 9, 3250 Lyss - CHF 1’550 inkl. NK pro Monat",1550,2.5,84.0,3250,Lyss,Bern,Bahnhofstrasse 9,APARTMENT,47.0755836,7.305982599999999,https://flatfox.ch/de/wohnung/bahnhofstrasse-9-3250-lyss/85810417/,2026-05-17T01:51:15+00:00,18.452380952380953
85810446,"Sandäckerstrasse 1-9, 8957 Spreitenbach - CHF 2’670 inkl. NK pro Monat",2670,3.5,86.0,8957,Spreitenbach,Aargau,Sandäckerstrasse 1-9,APARTMENT,47.42154924,8.37154648,https://flatfox.ch/de/wohnung/sandackerstrasse-1-9-8957-spreitenbach/85810446/,2026-05-17T01:51:15+00:00,31.046511627906977
85810485,8046 Zürich - CHF 2’800,2800,3.5,102.0,8046,Zürich,Zurich,,APARTMENT,47.42288861650104,8.514682356250178,https://flatfox.ch/de/wohnung/8046-zurich/85810485/,2026-05-17T01:51:15+00:00,27.45098039215686
85810631,"Quartiergasse 25, 3013 Bern - CHF 1’170 inkl. NK pro Monat",1170,1.0,26.0,3013,Bern,Bern,Quartiergasse 25,APARTMENT,46.95795175,7.445207600000002,https://flatfox.ch/de/wohnung/quartiergasse-25-3013-bern/85810631/,2026-05-17T01:51:15+00:00,45.0
85810669,"Rue Jolimont 2, 2525 Le Landeron - CHF 2’050 inkl. NK pro Monat",2050,4.5,125.0,2525,Le Landeron,Neuchâtel,Rue Jolimont 2,APARTMENT,47.05502243,7.06656254,https://flatfox.ch/de/wohnung/rue-jolimont-2-2525-le-landeron/85810669/,2026-05-17T01:51:15+00:00,16.4
85810684,"Tannenstr. 36, 9010 St. Gallen - CHF 1’690 inkl. NK pro Monat",1690,4.0,83.0,9010,St. Gallen,St. Gallen,Tannenstr. 36,APARTMENT,47.43599526,9.37867971,https://flatfox.ch/de/wohnung/tannenstr-36-9010-st-gallen/85810684/,2026-05-17T01:51:15+00:00,20.36144578313253
85810686,"Bahnhofstrasse 99k, 8620 Wetzikon - CHF 1’810 inkl. NK pro Monat",1810,1.5,49.0,8620,Wetzikon,Zurich,Bahnhofstrasse 99k,APARTMENT,47.32457961,8.79757159,https://flatfox.ch/de/wohnung/bahnhofstrasse-99k-8620-wetzikon/85810686/,2026-05-17T01:51:15+00:00,36.93877551020408
85810762,"Heidenkilchli 4, 6286 Altwis - CHF 1’250",1250,1.0,31.0,6286,Altwis,Lucerne,Heidenkilchli 4,APARTMENT,47.24020861,8.25343616,https://flatfox.ch/de/wohnung/heidenkilchli-4-6286-altwis/85810762/,2026-05-17T01:51:15+00:00,40.32258064516129
85810767,"Via Gerolamo Vegezzi 4, 6900 Lugano - CHF 1’500",1500,1.5,35.0,6900,Lugano,Ticino,Via Gerolamo Vegezzi 4,APARTMENT,46.00451828,8.95210859,https://flatfox.ch/de/wohnung/via-gerolamo-vegezzi-4-6900-lugano/85810767/,2026-05-17T01:51:15+00:00,42.857142857142854
85810798,"Via pala 6, 6534 S. Vittore - CHF 1’200",1200,2.0,60.0,6534,S. Vittore,Graubünden,Via pala 6,APARTMENT,46.23906376,9.10705574,https://flatfox.ch/de/wohnung/via-pala-6-6534-s-vittore/85810798/,2026-05-17T01:51:15+00:00,20.0
85810801,"Via Sotto Chiesa 37, 6802 Rivera - CHF 1’320",1320,3.5,90.0,6802,Rivera,Ticino,Via Sotto Chiesa 37,APARTMENT,46.11923145,8.923662199999999,https://flatfox.ch/de/wohnung/via-sotto-chiesa-37-6802-rivera/85810801/,2026-05-17T01:51:15+00:00,14.666666666666666
85810805,8500 Frauenfeld - CHF 2’750,2750,5.5,123.0,8500,Frauenfeld,Thurgau,,APARTMENT,47.56246457415363,8.888345112304357,https://flatfox.ch/de/wohnung/8500-frauenfeld/85810805/,2026-05-17T01:51:15+00:00,22.357723577235774
85810811,"Via Gerolamo Vegezzi, 4, 6900 Lugano - CHF 4’900",4900,3.5,120.0,6900,Lugano,Ticino,"Via Gerolamo Vegezzi, 4",APARTMENT,46.00451828,8.95210859,https://flatfox.ch/de/wohnung/via-gerolamo-vegezzi-4-6900-lugano/85810811/,2026-05-17T01:51:15+00:00,40.833333333333336
85810819,"Via vedreggio, 6900 Lugano - CHF 1’150",1150,2.0,50.0,6900,Lugano,Ticino,Via vedreggio,APARTMENT,46.02100321,8.96882031,https://flatfox.ch/de/wohnung/via-vedreggio-6900-lugano/85810819/,2026-05-17T01:51:15+00:00,23.0
85810824,"Via Pianello 6, 6944 Cureglia - CHF 750",750,2.0,50.0,6944,Cureglia,Ticino,Via Pianello 6,APARTMENT,46.03714586,8.94483732,https://flatfox.ch/de/wohnung/via-pianello-6-6944-cureglia/85810824/,2026-05-17T01:51:15+00:00,15.0
85810846,"Via Odescalchi 14, 6830 Chiasso - CHF 720",720,2.0,45.0,6830,Chiasso,Ticino,Via Odescalchi 14,APARTMENT,45.8341065,9.03629971,https://flatfox.ch/de/wohnung/via-odescalchi-14-6830-chiasso/85810846/,2026-05-17T01:51:15+00:00,16.0
85810853,"Landstr. 16, 8868 Oberurnen - CHF 1’970",1970,5.5,150.0,8868,Oberurnen,Glarus,Landstr. 16,APARTMENT,47.1152334,9.05908719,https://flatfox.ch/de/wohnung/landstr-16-8868-oberurnen/85810853/,2026-05-17T01:51:17+00:00,13.133333333333333
85810872,"Gradinata Albonago, 6963 Viganello - CHF 2’950 inkl. NK pro Monat",2950,4.5,200.0,6963,Viganello,Ticino,Gradinata Albonago,APARTMENT,46.01010655,8.97320326,https://flatfox.ch/de/wohnung/gradinata-albonago-6963-viganello/85810872/,2026-05-17T01:51:17+00:00,14.75
85810957,"Rue Fritz-Courvoisier 24, 2300 La Cibourg - CHF 890",890,2.5,51.0,2300,La Cibourg,Neuchâtel,Rue Fritz-Courvoisier 24,APARTMENT,47.10397283,6.835192,https://flatfox.ch/de/wohnung/rue-fritz-courvoisier-24-2300-la-cibourg/85810957/,2026-05-17T01:51:17+00:00,17.45098039215686
85810962,"Route de collombey 59, 1870 Monthey - CHF 1’100",1100,3.5,76.0,1870,Monthey,Valais,Route de collombey 59,APARTMENT,46.26251028,6.9455148,https://flatfox.ch/de/wohnung/route-de-collombey-59-1870-monthey/85810962/,2026-05-17T01:51:17+00:00,14.473684210526315
85810972,"Via Maraini, 6900 Lugnao - CHF 6’100 inkl. NK pro Monat",6100,4.5,160.0,6900,Lugnao,Ticino,Via Maraini,APARTMENT,46.00026215,8.9469557,https://flatfox.ch/de/wohnung/via-maraini-6900-lugnao/85810972/,2026-05-17T01:51:17+00:00,38.125
85810975,1860 Aigle - CHF 1’600,1600,3.0,72.0,1860,Aigle,Vaud,,APARTMENT,46.318823089403566,6.964337513401319,https://flatfox.ch/de/wohnung/1860-aigle/85810975/,2026-05-17T01:51:17+00:00,22.22222222222222
85810977,"In der Au 51, 8706 Meilen - CHF 2’750 inkl. NK pro Monat",2750,3.0,83.0,8706,Meilen,Zurich,In der Au 51,APARTMENT,47.27194653,8.66442056,https://flatfox.ch/de/wohnung/in-der-au-51-8706-meilen/85810977/,2026-05-17T01:51:17+00:00,33.13253012048193
85811053,8953 Dietikon - CHF 1’800 inkl. NK pro Monat,1800,2.5,65.0,8953,Dietikon,Zurich,,APARTMENT,47.401800343079934,8.399038098623736,https://flatfox.ch/de/wohnung/8953-dietikon/85811053/,2026-05-17T01:51:17+00:00,27.692307692307693
85811106,"Av. des Brayères 5, 1815 Clarens - CHF 1’895 inkl. NK pro Monat",1895,3.0,61.0,1815,Clarens,Vaud,Av. des Brayères 5,APARTMENT,46.4444,6.895361899999999,https://flatfox.ch/de/wohnung/av-des-brayeres-5-1815-clarens/85811106/,2026-05-17T01:51:17+00:00,31.065573770491802
85811148,"Sagiweg 12, 5737 Menziken - CHF 1’829 inkl. NK pro Monat",1829,4.5,103.0,5737,Menziken,Aargau,Sagiweg 12,APARTMENT,47.24199075,8.18639987,https://flatfox.ch/de/wohnung/sagiweg-12-5737-menziken/85811148/,2026-05-17T01:51:17+00:00,17.75728155339806
85811173,"Schwandenholzstr. 270, 8046 Zürich - CHF 3’150 inkl. NK pro Monat",3150,4.5,97.0,8046,Zürich,Zurich,Schwandenholzstr. 270,APARTMENT,47.4247596,8.520558099999999,https://flatfox.ch/de/wohnung/schwandenholzstr-270-8046-zurich/85811173/,2026-05-17T01:51:17+00:00,32.47422680412371
85811258,"Lavendelweg 4, 3930 Visp - CHF 2’069 inkl. NK pro Monat",2069,3.5,78.0,3930,Visp,Valais,Lavendelweg 4,APARTMENT,46.29882188,7.870353400000002,https://flatfox.ch/de/wohnung/lavendelweg-4-3930-visp/85811258/,2026-05-17T01:51:17+00:00,26.525641025641026
85811260,"Lavendelweg 4, 3930 Visp - CHF 1’295 inkl. NK pro Monat",1295,1.5,38.0,3930,Visp,Valais,Lavendelweg 4,APARTMENT,46.29882188,7.870353400000002,https://flatfox.ch/de/wohnung/lavendelweg-4-3930-visp/85811260/,2026-05-17T01:51:17+00:00,34.078947368421055
85811261,"Lavendelweg 4, 3930 Visp - CHF 1’295 inkl. NK pro Monat",1295,1.5,38.0,3930,Visp,Valais,Lavendelweg 4,APARTMENT,46.29882188,7.870353400000002,https://flatfox.ch/de/wohnung/lavendelweg-4-3930-visp/85811261/,2026-05-17T01:51:17+00:00,34.078947368421055
85811266,"Lavendelweg 4, 3930 Visp - CHF 1’325 inkl. NK pro Monat",1325,1.5,38.0,3930,Visp,Valais,Lavendelweg 4,APARTMENT,46.29882188,7.870353400000002,https://flatfox.ch/de/wohnung/lavendelweg-4-3930-visp/85811266/,2026-05-17T01:51:17+00:00,34.86842105263158
85811267,"Lavendelweg 4, 3930 Visp - CHF 1’325 inkl. NK pro Monat",1325,1.5,38.0,3930,Visp,Valais,Lavendelweg 4,APARTMENT,46.29882188,7.870353400000002,https://flatfox.ch/de/wohnung/lavendelweg-4-3930-visp/85811267/,2026-05-17T01:51:17+00:00,34.86842105263158
85811568,"Hügsamstrasse 3, 8833 Samstagern - CHF 2’705 inkl. NK pro Monat",2705,3.5,115.0,8833,Samstagern,Zurich,Hügsamstrasse 3,APARTMENT,47.19567621,8.680879299999999,https://flatfox.ch/de/wohnung/hugsamstrasse-3-8833-samstagern/85811568/,2026-05-17T01:51:17+00:00,23.52173913043478
85811623,"Obergrundstrasse 96, 6005 Luzern - CHF 2’000 inkl. NK pro Monat",2000,3.5,60.0,6005,Luzern,Lucerne,Obergrundstrasse 96,APARTMENT,47.04134168,8.30175557,https://flatfox.ch/de/wohnung/obergrundstrasse-96-6005-luzern/85811623/,2026-05-17T01:51:17+00:00,33.333333333333336
85811651,"Bahnhofstrasse 44, 6490 Andermatt - CHF 890 inkl. NK pro Monat",890,1.5,20.0,6490,Andermatt,Uri,Bahnhofstrasse 44,APARTMENT,46.6340461,8.59329972,https://flatfox.ch/de/wohnung/bahnhofstrasse-44-6490-andermatt/85811651/,2026-05-17T01:51:17+00:00,44.5
85811691,"Via Arcioni, 6500 Bellinzona - CHF 1’095 inkl. NK pro Monat",1095,2.5,56.0,6500,Bellinzona,Ticino,Via Arcioni,APARTMENT,46.2007566,9.03149521,https://flatfox.ch/de/wohnung/via-arcioni-6500-bellinzona/85811691/,2026-05-17T01:51:17+00:00,19.553571428571427
85811714,"Dachslernstrasse 85, 8048 Zürich - CHF 2’950",2950,3.5,63.0,8048,Zürich,Zurich,Dachslernstrasse 85,APARTMENT,47.3907183,8.473994200000003,https://flatfox.ch/de/wohnung/dachslernstrasse-85-8048-zurich/85811714/,2026-05-17T01:51:17+00:00,46.82539682539682
85811765,7500 St. Moritz - CHF 2’500 inkl. NK pro Monat,2500,3.0,77.0,7500,St. Moritz,Graubünden,,APARTMENT,46.4908106220856,9.835426877737712,https://flatfox.ch/de/wohnung/7500-st-moritz/85811765/,2026-05-17T01:51:17+00:00,32.467532467532465
85811809,4052 Basel - CHF 2’000 inkl. NK pro Monat,2000,2.0,75.0,4052,Basel,Basel-Stadt,,FURNISHED_FLAT,47.54846008254907,7.610197264126834,https://flatfox.ch/de/wohnung/4052-basel/85811809/,2026-05-17T01:51:19+00:00,26.666666666666668
85811810,4104 Oberwil BL - CHF 4’500 inkl. NK pro Monat,4500,5.0,200.0,4104,Oberwil BL,Basel-Landschaft,,FURNISHED_FLAT,47.520272570370025,7.551620145245834,https://flatfox.ch/de/wohnung/4104-oberwil-bl/85811810/,2026-05-17T01:51:19+00:00,22.5
85812141,"Lochgasse 26, 5722 Gränichen - CHF 1’510 inkl. NK pro Monat",1510,2.5,58.0,5722,Gränichen,Aargau,Lochgasse 26,APARTMENT,47.35590342,8.09525552,https://flatfox.ch/de/wohnung/lochgasse-26-5722-granichen/85812141/,2026-05-17T01:51:19+00:00,26.03448275862069
85812178,8152 Glattpark (Opfikon) - CHF 3’000 inkl. NK pro Monat,3000,2.5,85.0,8152,Glattpark (Opfikon),Zurich,,APARTMENT,47.4235699121345,8.561462869336696,https://flatfox.ch/de/wohnung/8152-glattpark-opfikon/85812178/,2026-05-17T01:51:19+00:00,35.294117647058826
85812485,8032 Zürich - CHF 2’100 inkl. NK pro Monat,2100,3.5,78.0,8032,Zürich,Zurich,,APARTMENT,47.367098176109934,8.567993400887035,https://flatfox.ch/de/wohnung/8032-zurich/85812485/,2026-05-17T01:51:19+00:00,26.923076923076923
85812633,"Riva Paradiso 16, 6900 Paradiso - CHF 3’500",3500,2.5,86.0,6900,Paradiso,Ticino,Riva Paradiso 16,APARTMENT,45.99090951,8.94911897,https://flatfox.ch/de/wohnung/riva-paradiso-16-6900-paradiso/85812633/,2026-05-17T01:51:19+00:00,40.69767441860465
85812708,"Bernstrasse 137, 3400 Burgdorf - CHF 1’890",1890,3.5,91.0,3400,Burgdorf,Bern,Bernstrasse 137,APARTMENT,47.05229541,7.61185178,https://flatfox.ch/de/wohnung/bernstrasse-137-3400-burgdorf/85812708/,2026-05-17T01:51:19+00:00,20.76923076923077
85812751,"Widengasse 5, 5070 Frick - CHF 2’350 inkl. NK pro Monat",2350,3.5,96.0,5070,Frick,Aargau,Widengasse 5,APARTMENT,47.50764519,8.02242915,https://flatfox.ch/de/wohnung/widengasse-5-5070-frick/85812751/,2026-05-17T01:51:19+00:00,24.479166666666668
85813010,"Unterdorfstr. 6, 8908 Hedingen - CHF 2’040 inkl. NK pro Monat",2040,2.5,67.0,8908,Hedingen,Zurich,Unterdorfstr. 6,APARTMENT,47.29849656,8.44551689,https://flatfox.ch/de/wohnung/unterdorfstr-6-8908-hedingen/85813010/,2026-05-17T01:51:19+00:00,30.44776119402985
85813020,"Herbergstr. 5, 9524 Zuzwil SG - CHF 2’020 inkl. NK pro Monat",2020,4.5,106.0,9524,Zuzwil SG,St. Gallen,Herbergstr. 5,APARTMENT,47.47370628,9.11381119,https://flatfox.ch/de/wohnung/herbergstr-5-9524-zuzwil-sg/85813020/,2026-05-17T01:51:19+00:00,19.056603773584907
85813050,"Viale Stazione 19, 6500 Bellinzona - CHF 1’320 inkl. NK pro Monat",1320,2.5,69.0,6500,Bellinzona,Ticino,Viale Stazione 19,APARTMENT,46.19409941,9.0262831,https://flatfox.ch/de/wohnung/viale-stazione-19-6500-bellinzona/85813050/,2026-05-17T01:51:19+00:00,19.130434782608695
85813204,3008 Bern - CHF 1’500 inkl. NK pro Monat,1500,3.0,75.0,3008,Bern,Bern,,APARTMENT,46.942538495551744,7.4142728858869695,https://flatfox.ch/de/wohnung/3008-bern/85813204/,2026-05-17T01:51:19+00:00,20.0
85813328,"Buechmatt 2, 8962 Bergdietikon - CHF 1’900 inkl. NK pro Monat",1900,2.5,65.0,8962,Bergdietikon,Aargau,Buechmatt 2,APARTMENT,47.38662325,8.39158872,https://flatfox.ch/de/wohnung/buechmatt-2-8962-bergdietikon/85813328/,2026-05-17T01:51:19+00:00,29.23076923076923
85813379,"Eigerweg 12, 3177 Laupen BE - CHF 1’390 inkl. NK pro Monat",1390,4.0,72.0,3177,Laupen BE,Bern,Eigerweg 12,APARTMENT,46.89888748,7.24234417,https://flatfox.ch/de/wohnung/eigerweg-12-3177-laupen-be/85813379/,2026-05-17T01:51:19+00:00,19.305555555555557
85813444,6932 Breganzona - CHF 1’650,1650,2.5,70.0,6932,Breganzona,Ticino,,APARTMENT,46.00747577146308,8.928740463872662,https://flatfox.ch/de/wohnung/6932-breganzona/85813444/,2026-05-17T01:51:19+00:00,23.571428571428573
85813458,"Hauptstrasse 68a, 4625 Oberbuchsiten - CHF 2’440 inkl. NK pro Monat",2440,4.5,120.0,4625,Oberbuchsiten,Solothurn,Hauptstrasse 68a,APARTMENT,47.30664160000001,7.761136699999999,https://flatfox.ch/de/wohnung/hauptstrasse-68a-4625-oberbuchsiten/85813458/,2026-05-17T01:51:19+00:00,20.333333333333332
85813459,"Hauptstrasse 68a, 4625 Oberbuchsiten - CHF 1’890 inkl. NK pro Monat",1890,3.5,88.0,4625,Oberbuchsiten,Solothurn,Hauptstrasse 68a,APARTMENT,47.30664160000001,7.761136699999999,https://flatfox.ch/de/wohnung/hauptstrasse-68a-4625-oberbuchsiten/85813459/,2026-05-17T01:51:19+00:00,21.477272727272727
85813462,"Hauptstrasse 68a, 4625 Oberbuchsiten - CHF 2’340 inkl. NK pro Monat",2340,4.5,120.0,4625,Oberbuchsiten,Solothurn,Hauptstrasse 68a,APARTMENT,47.30664160000001,7.761136699999999,https://flatfox.ch/de/wohnung/hauptstrasse-68a-4625-oberbuchsiten/85813462/,2026-05-17T01:51:19+00:00,19.5
85813464,"Hauptstrasse 68a, 4625 Oberbuchsiten - CHF 1’790 inkl. NK pro Monat",1790,3.5,76.0,4625,Oberbuchsiten,Solothurn,Hauptstrasse 68a,APARTMENT,47.30664160000001,7.761136699999999,https://flatfox.ch/de/wohnung/hauptstrasse-68a-4625-oberbuchsiten/85813464/,2026-05-17T01:51:19+00:00,23.55263157894737
85813472,"Grundstrasse 3, 6060 Sarnen - CHF 1’780 inkl. NK pro Monat",1780,2.5,60.0,6060,Sarnen,Obwalden,Grundstrasse 3,APARTMENT,46.89527616,8.24679481,https://flatfox.ch/de/wohnung/grundstrasse-3-6060-sarnen/85813472/,2026-05-17T01:51:19+00:00,29.666666666666668
85813488,6945 Origlio - CHF 4’000,4000,6.0,192.0,6945,Origlio,Ticino,,ATTIC_FLAT,46.05293994167194,8.946857572040535,https://flatfox.ch/de/wohnung/6945-origlio/85813488/,2026-05-17T01:51:21+00:00,20.833333333333332
85813614,"Waffenplatzstrasse 13, 4500 Solothurn - CHF 1’875 inkl. NK pro Monat",1875,4.5,104.0,4500,Solothurn,Solothurn,Waffenplatzstrasse 13,APARTMENT,47.20503894,7.5437245,https://flatfox.ch/de/wohnung/waffenplatzstrasse-13-4500-solothurn/85813614/,2026-05-17T01:51:21+00:00,18.028846153846153
85813632,"Forchstr. 86, 8132 Egg b. Zürich - CHF 3’155 inkl. NK pro Monat",3155,5.5,124.0,8132,Egg b. Zürich,Zurich,Forchstr. 86,APARTMENT,47.29660873,8.69428863,https://flatfox.ch/de/wohnung/forchstr-86-8132-egg-b-zurich/85813632/,2026-05-17T01:51:21+00:00,25.443548387096776
85813671,"Brühlbleichestrasse 11, 9000 St. Gallen - CHF 860 inkl. NK pro Monat",860,1.0,22.0,9000,St. Gallen,St. Gallen,Brühlbleichestrasse 11,APARTMENT,47.43065490000002,9.3832742,https://flatfox.ch/de/wohnung/bruhlbleichestrasse-11-9000-st-gallen/85813671/,2026-05-17T01:51:21+00:00,39.09090909090909
85813729,"Rte Joseph-Chaley 11, 1700 Fribourg - CHF 746 inkl. NK pro Monat",746,1.0,19.0,1700,Fribourg,Fribourg,Rte Joseph-Chaley 11,APARTMENT,46.8071332,7.173685700000002,https://flatfox.ch/de/wohnung/rte-joseph-chaley-11-1700-fribourg/85813729/,2026-05-17T01:51:21+00:00,39.26315789473684
85813737,"Schaffhauserstrasse 486, 8052 Zürich - CHF 2’820 inkl. NK pro Monat",2820,2.5,78.0,8052,Zürich,Zurich,Schaffhauserstrasse 486,APARTMENT,47.41991133,8.548720399999999,https://flatfox.ch/de/wohnung/schaffhauserstrasse-486-8052-zurich/85813737/,2026-05-17T01:51:21+00:00,36.15384615384615
85813742,"Hirschengraben 6, 3011 Bern - CHF 2’380 inkl. NK pro Monat",2380,2.5,87.0,3011,Bern,Bern,Hirschengraben 6,APARTMENT,46.94664645,7.43740278,https://flatfox.ch/de/wohnung/hirschengraben-6-3011-bern/85813742/,2026-05-17T01:51:21+00:00,27.35632183908046
85813762,"Winkelriedstrasse 46, 3014 Bern - CHF 1’560 inkl. NK pro Monat",1560,2.0,51.0,3014,Bern,Bern,Winkelriedstrasse 46,APARTMENT,46.96417645,7.457095000000002,https://flatfox.ch/de/wohnung/winkelriedstrasse-46-3014-bern/85813762/,2026-05-17T01:51:21+00:00,30.58823529411765
85813809,"Lustgartenstr. 12, 9000 St. Gallen - CHF 1’150 inkl. NK pro Monat",1150,3.5,80.0,9000,St. Gallen,St. Gallen,Lustgartenstr. 12,APARTMENT,47.42083866,9.36450521,https://flatfox.ch/de/wohnung/lustgartenstr-12-9000-st-gallen/85813809/,2026-05-17T01:51:21+00:00,14.375
85813856,"Feldeggstrasse 13, 3322 Urtenen-Schönbühl - CHF 1’530 inkl. NK pro Monat",1530,3.5,75.0,3322,Urtenen-Schönbühl,Bern,Feldeggstrasse 13,APARTMENT,47.01815958,7.5068143,https://flatfox.ch/de/wohnung/feldeggstrasse-13-3322-urtenen-schonbuhl/85813856/,2026-05-17T01:51:21+00:00,20.4
85814118,"Murtenstrasse 143b, 3008 Bern - CHF 1’360 inkl. NK pro Monat",1360,2.0,39.0,3008,Bern,Bern,Murtenstrasse 143b,APARTMENT,46.9489473,7.409891699999999,https://flatfox.ch/de/wohnung/murtenstrasse-143b-3008-bern/85814118/,2026-05-17T01:51:21+00:00,34.87179487179487
85814250,"Bluemetweg 1, 5073 Gipf-Oberfrick - CHF 1’876 inkl. NK pro Monat",1876,3.5,80.0,5073,Gipf-Oberfrick,Aargau,Bluemetweg 1,APARTMENT,47.50018166,7.991391399999999,https://flatfox.ch/de/wohnung/bluemetweg-1-5073-gipf-oberfrick/85814250/,2026-05-17T01:51:21+00:00,23.45
85814405,"Chemin du Bochet 31, 1025 Saint-Sulpice - CHF 3’120 inkl. NK pro Monat",3120,3.5,93.0,1025,Saint-Sulpice,Vaud,Chemin du Bochet 31,DUPLEX,46.51498874,6.5627710000000015,https://flatfox.ch/de/wohnung/chemin-du-bochet-31-1025-saint-sulpice/85814405/,2026-05-17T01:51:21+00:00,33.54838709677419
85814463,"Spittelhofring 6, 4665 Oftringen - CHF 2’020 inkl. NK pro Monat",2020,3.5,94.0,4665,Oftringen,Aargau,Spittelhofring 6,APARTMENT,47.3039871,7.9346309,https://flatfox.ch/de/wohnung/spittelhofring-6-4665-oftringen/85814463/,2026-05-17T01:51:21+00:00,21.48936170212766
85814475,"Ueberlandstr. 12, 8953 Dietikon - CHF 2’570 inkl. NK pro Monat",2570,3.5,90.0,8953,Dietikon,Zurich,Ueberlandstr. 12,APARTMENT,47.40861082,8.406650599999999,https://flatfox.ch/de/wohnung/ueberlandstr-12-8953-dietikon/85814475/,2026-05-17T01:51:21+00:00,28.555555555555557
85814513,"Ch. de la Villette 40, 1400 Yverdon-les-Bains - CHF 2’270 inkl. NK pro Monat",2270,3.5,93.0,1400,Yverdon-les-Bains,Vaud,Ch. de la Villette 40,APARTMENT,46.77657183,6.65705484,https://flatfox.ch/de/wohnung/ch-de-la-villette-40-1400-yverdon-les-bains/85814513/,2026-05-17T01:51:21+00:00,24.408602150537636
85814580,"Ligornetto, 6853 Ligornetto - CHF 500",500,1.5,20.0,6853,Ligornetto,Ticino,Ligornetto,APARTMENT,45.86279871,8.951636599999999,https://flatfox.ch/de/wohnung/ligornetto-6853-ligornetto/85814580/,2026-05-17T01:51:21+00:00,25.0
85814599,"Mühlebrücke 2, 2502 Biel/Bienne - CHF 1’460 inkl. NK pro Monat",1460,2.5,70.0,2502,Biel/Bienne,Bern,Mühlebrücke 2,ATTIC_FLAT,47.13977295,7.244003900000001,https://flatfox.ch/de/wohnung/muhlebrucke-2-2502-bielbienne/85814599/,2026-05-17T01:51:23+00:00,20.857142857142858
85814611,"Höhenweg 29, 8965 Berikon - CHF 2’200 inkl. NK pro Monat",2200,4.0,160.0,8965,Berikon,Aargau,Höhenweg 29,APARTMENT,47.35671197,8.36325953,https://flatfox.ch/de/wohnung/hohenweg-29-8965-berikon/85814611/,2026-05-17T01:51:23+00:00,13.75
85814624,6645 Brione sopra Minusio - CHF 1’250,1250,2.0,40.0,6645,Brione sopra Minusio,Ticino,,APARTMENT,46.182854055430816,8.814558662826535,https://flatfox.ch/de/wohnung/6645-brione-sopra-minusio/85814624/,2026-05-17T01:51:23+00:00,31.25
85814631,"Grundstrasse 31, 8004 Zürich - CHF 1’490",1490,2.0,60.0,8004,Zürich,Zurich,Grundstrasse 31,APARTMENT,47.38522721,8.49771377,https://flatfox.ch/de/wohnung/grundstrasse-31-8004-zurich/85814631/,2026-05-17T01:51:23+00:00,24.833333333333332
85814633,"Muffehus, 4654 Lostorf - CHF 1’200",1200,1.5,52.0,4654,Lostorf,Solothurn,Muffehus,APARTMENT,47.38572567,7.935143799999999,https://flatfox.ch/de/wohnung/muffehus-4654-lostorf/85814633/,2026-05-17T01:51:23+00:00,23.076923076923077
85814643,"Airolo -Valle, 6780 Airolo - CHF 1’300",1300,4.0,100.0,6780,Airolo,Ticino,Airolo -Valle,APARTMENT,46.52795716,8.62389617,https://flatfox.ch/de/wohnung/airolo-valle-6780-airolo/85814643/,2026-05-17T01:51:23+00:00,13.0
85814769,"William Roethlisberger 10, 2000 Neuenburg - CHF 1’690",1690,3.0,100.0,2000,Neuenburg,Neuchâtel,William Roethlisberger 10,APARTMENT,46.99216651,6.90648554,https://flatfox.ch/de/wohnung/william-roethlisberger-10-2000-neuenburg/85814769/,2026-05-17T01:51:23+00:00,16.9
85814816,2000 Neuenburg - CHF 1’490,1490,2.0,69.0,2000,Neuenburg,Neuchâtel,,APARTMENT,46.999630559112944,6.9344166525965525,https://flatfox.ch/de/wohnung/2000-neuenburg/85814816/,2026-05-17T01:51:23+00:00,21.594202898550726
85814846,"La Chaux-de-Fonds, 2300 La Chaux-de-Fonds - CHF 1’184",1184,4.0,103.0,2300,La Chaux-de-Fonds,Neuchâtel,La Chaux-de-Fonds,APARTMENT,47.103263,6.832669999999999,https://flatfox.ch/de/wohnung/la-chaux-de-fonds-2300-la-chaux-de-fonds/85814846/,2026-05-17T01:51:23+00:00,11.495145631067961
85814862,"Vignoble 2, 2087 Cornaux NE - CHF 1’670",1670,3.5,120.0,2087,Cornaux NE,Neuchâtel,Vignoble 2,APARTMENT,47.03824561,7.01795628,https://flatfox.ch/de/wohnung/vignoble-2-2087-cornaux-ne/85814862/,2026-05-17T01:51:23+00:00,13.916666666666666
85814904,"Friedhofstrasse 19, 4127 Birsfelden - CHF 2’490 inkl. NK pro Monat",2490,4.5,130.0,4127,Birsfelden,Basel-Landschaft,Friedhofstrasse 19,APARTMENT,47.55514096,7.62715079,https://flatfox.ch/de/wohnung/friedhofstrasse-19-4127-birsfelden/85814904/,2026-05-17T01:51:23+00:00,19.153846153846153
85814907,"Allée Charles-Edouard-Guillaume 13, 1723 Marly - CHF 2’380 inkl. NK pro Monat",2380,4.5,108.0,1723,Marly,Fribourg,Allée Charles-Edouard-Guillaume 13,APARTMENT,46.77583868,7.153884,https://flatfox.ch/de/wohnung/allee-charles-edouard-guillaume-13-1723-marly/85814907/,2026-05-17T01:51:23+00:00,22.037037037037038
85814921,"Kirchstrasse 79, 2540 Grenchen - CHF 1’180 inkl. NK pro Monat",1180,1.5,50.0,2540,Grenchen,Solothurn,Kirchstrasse 79,APARTMENT,47.19561981,7.39213853,https://flatfox.ch/de/wohnung/kirchstrasse-79-2540-grenchen/85814921/,2026-05-17T01:51:23+00:00,23.6
85814932,"Hauptstrasse 24, 1713 St. Antoni - CHF 1’670 inkl. NK pro Monat",1670,3.5,87.0,1713,St. Antoni,Fribourg,Hauptstrasse 24,APARTMENT,46.82219161,7.2601262,https://flatfox.ch/de/wohnung/hauptstrasse-24-1713-st-antoni/85814932/,2026-05-17T01:51:23+00:00,19.195402298850574
85814953,"Passage Blaise-Cendrars 5, 2017 Boudry - CHF 1’865 inkl. NK pro Monat",1865,3.5,85.0,2017,Boudry,Neuchâtel,Passage Blaise-Cendrars 5,APARTMENT,46.95530158,6.837628199999999,https://flatfox.ch/de/wohnung/passage-blaise-cendrars-5-2017-boudry/85814953/,2026-05-17T01:51:23+00:00,21.941176470588236
85815040,"Avenue de Préfaully 25 C, 1022 Chavannes-près-Renens - CHF 1’265 inkl. NK pro Monat",1265,1.0,45.0,1022,Chavannes-près-Renens,Vaud,Avenue de Préfaully 25 C,APARTMENT,46.53371711,6.5800571,https://flatfox.ch/de/wohnung/avenue-de-prefaully-25-c-1022-chavannes-pres-renen/85815040/,2026-05-17T01:51:23+00:00,28.11111111111111
85815054,"Hanfrose 25, 8055 Zürich - CHF 2’770 inkl. NK pro Monat",2770,2.5,66.0,8055,Zürich,Zurich,Hanfrose 25,APARTMENT,47.36587677,8.509183499999999,https://flatfox.ch/de/wohnung/hanfrose-25-8055-zurich/85815054/,2026-05-17T01:51:23+00:00,41.96969696969697
85815058,"Chemin du Platane 6, 1008 Prilly - CHF 2’280 inkl. NK pro Monat",2280,3.5,81.0,1008,Prilly,Vaud,Chemin du Platane 6,APARTMENT,46.53332061,6.59990698,https://flatfox.ch/de/wohnung/chemin-du-platane-6-1008-prilly/85815058/,2026-05-17T01:51:23+00:00,28.14814814814815
85815084,"Avenue de la Gare 11, 1964 Conthey - CHF 1’730 inkl. NK pro Monat",1730,4.0,95.0,1964,Conthey,Valais,Avenue de la Gare 11,APARTMENT,46.21936726,7.303373699999999,https://flatfox.ch/de/wohnung/avenue-de-la-gare-11-1964-conthey/85815084/,2026-05-17T01:51:23+00:00,18.210526315789473
85815103,"Route des Narcisses 72, 1833 Les Avants - CHF 1’890 inkl. NK pro Monat",1890,4.5,120.0,1833,Les Avants,Vaud,Route des Narcisses 72,APARTMENT,46.45270971,6.9420062,https://flatfox.ch/de/wohnung/route-des-narcisses-72-1833-les-avants/85815103/,2026-05-17T01:51:23+00:00,15.75
85815584,"Burgstr. 59, 8610 Uster - CHF 1’770 inkl. NK pro Monat",1770,3.0,62.0,8610,Uster,Zurich,Burgstr. 59,APARTMENT,47.34204671,8.72462459,https://flatfox.ch/de/wohnung/burgstr-59-8610-uster/85815584/,2026-05-17T01:51:25+00:00,28.548387096774192
85815661,6622 Ronco sopra Ascona - CHF 1’760 inkl. NK pro Monat,1760,4.0,95.0,6622,Ronco sopra Ascona,Ticino,,APARTMENT,46.14770964483955,8.717198375789469,https://flatfox.ch/de/wohnung/6622-ronco-sopra-ascona/85815661/,2026-05-17T01:51:25+00:00,18.526315789473685
85815713,8055 Zurich - CHF 1’980 inkl. NK pro Monat,1980,1.5,45.0,8055,Zurich,Zurich,,APARTMENT,47.36279037723563,8.493718013910946,https://flatfox.ch/de/wohnung/8055-zurich/85815713/,2026-05-17T01:51:25+00:00,44.0
85815723,8634 Hombrechtikon - CHF 2’100 inkl. NK pro Monat,2100,3.5,73.0,8634,Hombrechtikon,Zurich,,APARTMENT,47.25586905120415,8.768292467175453,https://flatfox.ch/de/wohnung/8634-hombrechtikon/85815723/,2026-05-17T01:51:25+00:00,28.767123287671232
85815748,"Vorhaldenstrasse 10, 8049 Zürich - CHF 3’300 inkl. NK pro Monat",3300,3.0,90.0,8049,Zürich,Zurich,Vorhaldenstrasse 10,APARTMENT,47.4012927,8.49343446,https://flatfox.ch/de/wohnung/vorhaldenstrasse-10-8049-zurich/85815748/,2026-05-17T01:51:25+00:00,36.666666666666664
85815885,1618 Châtel-St-Denis - CHF 1’500,1500,2.0,78.0,1618,Châtel-St-Denis,Fribourg,,APARTMENT,46.52983738036632,6.906864615851753,https://flatfox.ch/de/wohnung/1618-chatel-st-denis/85815885/,2026-05-17T01:51:25+00:00,19.23076923076923
85815889,"Schaffhauserstrasse 52, 8180 Bülach - CHF 1’490 inkl. NK pro Monat",1490,1.5,60.0,8180,Bülach,Zurich,Schaffhauserstrasse 52,APARTMENT,47.5208882,8.54244921,https://flatfox.ch/de/wohnung/schaffhauserstrasse-52-8180-bulach/85815889/,2026-05-17T01:51:25+00:00,24.833333333333332
85815998,"Bussigny, 1030 Bussigny - CHF 3’420 inkl. NK pro Monat",3420,5.5,141.0,1030,Bussigny,Vaud,Bussigny,APARTMENT,46.55557184,6.552551800000002,https://flatfox.ch/de/wohnung/bussigny-1030-bussigny/85815998/,2026-05-17T01:51:25+00:00,24.25531914893617
85816436,6318 Walchwil - CHF 9’800 inkl. NK pro Monat,9800,7.0,285.0,6318,Walchwil,Zug,,APARTMENT,47.100216458166834,8.516278183749646,https://flatfox.ch/de/wohnung/6318-walchwil/85816436/,2026-05-17T01:51:25+00:00,34.3859649122807
85816743,"Kreuzfeldstrasse 57, 4932 Lotzwil - CHF 1’470 inkl. NK pro Monat",1470,4.5,88.0,4932,Lotzwil,Bern,Kreuzfeldstrasse 57,APARTMENT,47.19655272,7.786764900000001,https://flatfox.ch/de/wohnung/kreuzfeldstrasse-57-4932-lotzwil/85816743/,2026-05-17T01:51:25+00:00,16.704545454545453
85816801,"Kirchstr. / Postgasse 23 16/po, 8750 Glarus - CHF 1’250 inkl. NK pro Monat",1250,2.5,62.0,8750,Glarus,Glarus,Kirchstr. / Postgasse 23 16/po,APARTMENT,47.04114672,9.06764659,https://flatfox.ch/de/wohnung/kirchstr-postgasse-23-16po-8750-glarus/85816801/,2026-05-17T01:51:25+00:00,20.161290322580644
85816802,"Rue des Vignolants 25, 2000 Neuchâtel - CHF 2’375 inkl. NK pro Monat",2375,3.5,89.0,2000,Neuchâtel,Neuchâtel,Rue des Vignolants 25,APARTMENT,47.00701795,6.962892999999999,https://flatfox.ch/de/wohnung/rue-des-vignolants-25-2000-neuchatel/85816802/,2026-05-17T01:51:25+00:00,26.685393258426966
85816852,"Schanzweg 1, 4132 Muttenz - CHF 1’780 inkl. NK pro Monat",1780,3.0,72.0,4132,Muttenz,Basel-Landschaft,Schanzweg 1,APARTMENT,47.53745091,7.63201759,https://flatfox.ch/de/wohnung/schanzweg-1-4132-muttenz/85816852/,2026-05-17T01:51:25+00:00,24.72222222222222
85816939,9478 Wartau - CHF 2’500 inkl. NK pro Monat,2500,3.5,100.0,9478,Wartau,St. Gallen,,APARTMENT,47.09098142922468,9.418213045899453,https://flatfox.ch/de/wohnung/9478-wartau/85816939/,2026-05-17T01:51:25+00:00,25.0
85817033,"Ersigenstrasse 14, 3422 Kirchberg BE - CHF 1’525 inkl. NK pro Monat",1525,4.5,91.0,3422,Kirchberg BE,Bern,Ersigenstrasse 14,APARTMENT,47.086273100000014,7.58732689,https://flatfox.ch/de/wohnung/ersigenstrasse-14-3422-kirchberg-be/85817033/,2026-05-17T01:51:25+00:00,16.75824175824176
85817243,"Spittelhofring 16, 4665 Oftringen - CHF 1’717 inkl. NK pro Monat",1717,3.5,95.0,4665,Oftringen,Aargau,Spittelhofring 16,APARTMENT,47.30365789,7.933376,https://flatfox.ch/de/wohnung/spittelhofring-16-4665-oftringen/85817243/,2026-05-17T01:51:27+00:00,18.073684210526316
85817262,"Blockweg 8, 3007 Bern - CHF 1’580 inkl. NK pro Monat",1580,2.0,52.0,3007,Bern,Bern,Blockweg 8,APARTMENT,46.9413094,7.426988199999999,https://flatfox.ch/de/wohnung/blockweg-8-3007-bern/85817262/,2026-05-17T01:51:27+00:00,30.384615384615383
85817319,"Wylerringstrasse 39, 3014 Bern - CHF 1’790 inkl. NK pro Monat",1790,2.5,47.0,3014,Bern,Bern,Wylerringstrasse 39,APARTMENT,46.96291047,7.45015648,https://flatfox.ch/de/wohnung/wylerringstrasse-39-3014-bern/85817319/,2026-05-17T01:51:27+00:00,38.08510638297872
85817325,6010 Kriens - CHF 3’500 inkl. NK pro Monat,3500,3.5,108.0,6010,Kriens,Lucerne,,APARTMENT,47.02225770286037,8.281389828039009,https://flatfox.ch/de/wohnung/6010-kriens/85817325/,2026-05-17T01:51:27+00:00,32.407407407407405
85817346,"Rue du Rocher 24, 2000 Neuchâtel - CHF 1’050 inkl. NK pro Monat",1050,1.0,28.0,2000,Neuchâtel,Neuchâtel,Rue du Rocher 24,APARTMENT,46.99827513,6.934772199999999,https://flatfox.ch/de/wohnung/rue-du-rocher-24-2000-neuchatel/85817346/,2026-05-17T01:51:27+00:00,37.5
85817448,"Avenue Jean-Marie Musy 3, 1700 Fribourg - CHF 1’410 inkl. NK pro Monat",1410,3.5,76.0,1700,Fribourg,Fribourg,Avenue Jean-Marie Musy 3,APARTMENT,46.80756729,7.174421100000001,https://flatfox.ch/de/wohnung/avenue-jean-marie-musy-3-1700-fribourg/85817448/,2026-05-17T01:51:27+00:00,18.55263157894737
85817451,"Spielplatzring 12, 6048 Horw - CHF 1’730 inkl. NK pro Monat",1730,3.0,61.0,6048,Horw,Lucerne,Spielplatzring 12,APARTMENT,47.02459678,8.30748137,https://flatfox.ch/de/wohnung/spielplatzring-12-6048-horw/85817451/,2026-05-17T01:51:27+00:00,28.360655737704917
85817560,"Giessereistrasse 13, 9320 Arbon - CHF 1’500 inkl. NK pro Monat",1500,2.5,52.0,9320,Arbon,Thurgau,Giessereistrasse 13,APARTMENT,47.50883218,9.42996316,https://flatfox.ch/de/wohnung/giessereistrasse-13-9320-arbon/85817560/,2026-05-17T01:51:27+00:00,28.846153846153847
85817720,3911 Ried-Brig - CHF 2’300 inkl. NK pro Monat,2300,3.5,102.0,3911,Ried-Brig,Valais,,APARTMENT,46.3070817868635,8.023004408051715,https://flatfox.ch/de/wohnung/3911-ried-brig/85817720/,2026-05-17T01:51:27+00:00,22.54901960784314
85818093,5726 Unterkulm - CHF 1’250 inkl. NK pro Monat,1250,2.5,50.0,5726,Unterkulm,Aargau,,APARTMENT,47.31452798648628,8.107608284015257,https://flatfox.ch/de/wohnung/5726-unterkulm/85818093/,2026-05-17T01:51:27+00:00,25.0
85818105,"Dählenweg 8, 4500 Solothurn - CHF 2’030 inkl. NK pro Monat",2030,4.5,104.0,4500,Solothurn,Solothurn,Dählenweg 8,APARTMENT,47.20810637,7.51537778,https://flatfox.ch/de/wohnung/dahlenweg-8-4500-solothurn/85818105/,2026-05-17T01:51:27+00:00,19.51923076923077
85818149,"Weltpoststrasse 3, 3015 Bern - CHF 2’000 inkl. NK pro Monat",2000,2.5,67.0,3015,Bern,Bern,Weltpoststrasse 3,APARTMENT,46.93969068,7.474283100000002,https://flatfox.ch/de/wohnung/weltpoststrasse-3-3015-bern/85818149/,2026-05-17T01:51:27+00:00,29.850746268656717
85818169,"Nauengasse 22, 8427 Rorbas - CHF 1’974 inkl. NK pro Monat",1974,4.5,104.0,8427,Rorbas,Zurich,Nauengasse 22,ROOF_FLAT,47.53361463,8.57769919,https://flatfox.ch/de/wohnung/nauengasse-22-8427-rorbas/85818169/,2026-05-17T01:51:27+00:00,18.98076923076923
85818251,"Ch. du Coteau 21, 1009 Pully - CHF 2’500 inkl. NK pro Monat",2500,4.0,86.0,1009,Pully,Vaud,Ch. du Coteau 21,APARTMENT,46.51170112,6.652857999999999,https://flatfox.ch/de/wohnung/ch-du-coteau-21-1009-pully/85818251/,2026-05-17T01:51:27+00:00,29.069767441860463
85818347,"Strada Console Achille Isella 39, Morcote, 6900 Lugano - CHF 2’950",2950,4.0,165.0,6900,Lugano,Ticino,"Strada Console Achille Isella 39, Morcote",APARTMENT,45.92922164,8.90562186,https://flatfox.ch/de/wohnung/strada-console-achille-isella-39-morcote-6900-luga/85818347/,2026-05-17T01:51:27+00:00,17.87878787878788
85818361,6806 Sigirino - CHF 1’050,1050,2.0,50.0,6806,Sigirino,Ticino,,APARTMENT,46.08603937344601,8.892480336799805,https://flatfox.ch/de/wohnung/6806-sigirino/85818361/,2026-05-17T01:51:27+00:00,21.0
85818412,"Bahnhofstrasse 24, 8942 Oberrieden - CHF 4’100",4100,4.5,120.0,8942,Oberrieden,Zurich,Bahnhofstrasse 24,APARTMENT,47.28014688,8.57907976,https://flatfox.ch/de/wohnung/bahnhofstrasse-24-8942-oberrieden/85818412/,2026-05-17T01:51:27+00:00,34.166666666666664
85818478,"Wehntalerstrasse 551, 8912 Obfelden - CHF 2’450",2450,2.5,54.0,8912,Obfelden,Zurich,Wehntalerstrasse 551,APARTMENT,47.41922371,8.50532025,https://flatfox.ch/de/wohnung/wehntalerstrasse-551-8912-obfelden/85818478/,2026-05-17T01:51:27+00:00,45.370370370370374
85818485,"Gehrenstegweg 4, 8816 Hirzel - CHF 4’242",4242,1.0,220.0,8816,Hirzel,Zurich,Gehrenstegweg 4,APARTMENT,47.23036182,8.61209367,https://flatfox.ch/de/wohnung/gehrenstegweg-4-8816-hirzel/85818485/,2026-05-17T01:51:28+00:00,19.28181818181818
85818491,"Kreuzlingerstrasse 41, 8570 Weinfelden - CHF 1’840 inkl. NK pro Monat",1840,4.5,109.0,8570,Weinfelden,Thurgau,Kreuzlingerstrasse 41,APARTMENT,47.56692193,9.12340911,https://flatfox.ch/de/wohnung/kreuzlingerstrasse-41-8570-weinfelden/85818491/,2026-05-17T01:51:28+00:00,16.880733944954127
85818499,"Weingartenstrasse, 13, 4402 Frenkendorf - CHF 1’200 inkl. NK pro Monat",1200,2.0,65.0,4402,Frenkendorf,Basel-Landschaft,"Weingartenstrasse, 13",APARTMENT,47.50432818,7.710268299999999,https://flatfox.ch/de/wohnung/weingartenstrasse-13-4402-frenkendorf/85818499/,2026-05-17T01:51:28+00:00,18.46153846153846
85818554,"Rue De La gare 10, 1110 Morges - CHF 2’900",2900,4.0,130.0,1110,Morges,Vaud,Rue De La gare 10,APARTMENT,46.50849581,6.49633168,https://flatfox.ch/de/wohnung/rue-de-la-gare-10-1110-morges/85818554/,2026-05-17T01:51:28+00:00,22.307692307692307
85818564,1875 Morgins - CHF 1’690,1690,2.5,65.0,1875,Morgins,Valais,,APARTMENT,46.23718216417767,6.852284866657857,https://flatfox.ch/de/wohnung/1875-morgins/85818564/,2026-05-17T01:51:28+00:00,26.0
85818613,"Rue des Lilas 3, 1202 Genf - CHF 1’800",1800,2.5,77.0,1202,Genf,Geneva,Rue des Lilas 3,APARTMENT,46.21184321,6.13082245,https://flatfox.ch/de/wohnung/rue-des-lilas-3-1202-genf/85818613/,2026-05-17T01:51:28+00:00,23.376623376623378
85818622,"Avenue Wendt 65, 1203 Genf - CHF 1’600",1600,2.0,60.0,1203,Genf,Geneva,Avenue Wendt 65,APARTMENT,46.21352651,6.12888235,https://flatfox.ch/de/wohnung/avenue-wendt-65-1203-genf/85818622/,2026-05-17T01:51:28+00:00,26.666666666666668
85818634,1874 Champéry - CHF 2’000,2000,3.5,83.0,1874,Champéry,Valais,,APARTMENT,46.14858316015736,6.8377326133223,https://flatfox.ch/de/wohnung/1874-champery/85818634/,2026-05-17T01:51:28+00:00,24.096385542168676
85818690,4057 Basel - CHF 1’100 inkl. NK pro Monat,1100,1.0,25.0,4057,Basel,Basel-Stadt,,APARTMENT,47.57427790637482,7.593105367478949,https://flatfox.ch/de/wohnung/4057-basel/85818690/,2026-05-17T01:51:28+00:00,44.0
85818714,"Murtenstrasse 147d, 3008 Bern - CHF 2’385 inkl. NK pro Monat",2385,3.5,82.0,3008,Bern,Bern,Murtenstrasse 147d,APARTMENT,46.94819362,7.40826593,https://flatfox.ch/de/wohnung/murtenstrasse-147d-3008-bern/85818714/,2026-05-17T01:51:28+00:00,29.085365853658537
85818764,"Hohle Gasse 7, 4143 Dornach - CHF 1’490 inkl. NK pro Monat",1490,3.0,63.0,4143,Dornach,Solothurn,Hohle Gasse 7,APARTMENT,47.47898571,7.61483763,https://flatfox.ch/de/wohnung/hohle-gasse-7-4143-dornach/85818764/,2026-05-17T01:51:28+00:00,23.650793650793652
85818830,4051 Basel - CHF 1’755 inkl. NK pro Monat,1755,3.0,79.0,4051,Basel,Basel-Stadt,,APARTMENT,47.55376215999475,7.586025854386471,https://flatfox.ch/de/wohnung/4051-basel/85818830/,2026-05-17T01:51:28+00:00,22.21518987341772
85818834,"Gimenenstrasse 4, 6300 Zug - CHF 2’490 inkl. NK pro Monat",2490,3.5,69.0,6300,Zug,Zug,Gimenenstrasse 4,APARTMENT,47.15395448,8.518564300000001,https://flatfox.ch/de/wohnung/gimenenstrasse-4-6300-zug/85818834/,2026-05-17T01:51:28+00:00,36.08695652173913
85818837,"Gimenenstrasse 4, 6300 Zug - CHF 2’790 inkl. NK pro Monat",2790,3.5,85.0,6300,Zug,Zug,Gimenenstrasse 4,APARTMENT,47.15395448,8.518564300000001,https://flatfox.ch/de/wohnung/gimenenstrasse-4-6300-zug/85818837/,2026-05-17T01:51:28+00:00,32.8235294117647
85819058,"avenue du lignon, 1219 genève - CHF 3’410 inkl. NK pro Monat",3410,6.0,111.0,1219,genève,Geneva,avenue du lignon,APARTMENT,46.20333731,6.09656318,https://flatfox.ch/de/wohnung/avenue-du-lignon-1219-geneve/85819058/,2026-05-17T01:51:28+00:00,30.72072072072072
85819192,"Konsumstrasse 5, 9602 Bazenheid - CHF 1’390 inkl. NK pro Monat",1390,2.5,65.0,9602,Bazenheid,St. Gallen,Konsumstrasse 5,APARTMENT,47.4112933,9.0682926,https://flatfox.ch/de/wohnung/konsumstrasse-5-9602-bazenheid/85819192/,2026-05-17T01:51:28+00:00,21.384615384615383
85819251,"Aegertenstrasse 1, 2503 Biel - CHF 1’250",1250,3.0,65.0,2503,Biel,Bern,Aegertenstrasse 1,APARTMENT,47.12560474,7.25247937,https://flatfox.ch/de/wohnung/aegertenstrasse-1-2503-biel/85819251/,2026-05-17T01:51:28+00:00,19.23076923076923
85819264,"Henzmannstrasse 9, 4800 Zofingen - CHF 1’750 inkl. NK pro Monat",1750,4.0,71.0,4800,Zofingen,Aargau,Henzmannstrasse 9,APARTMENT,47.28755743,7.94002167,https://flatfox.ch/de/wohnung/henzmannstrasse-9-4800-zofingen/85819264/,2026-05-17T01:51:28+00:00,24.64788732394366
85819370,"Lehnstrasse 89, 9014 St. Gallen - CHF 1’930 inkl. NK pro Monat",1930,4.5,104.0,9014,St. Gallen,St. Gallen,Lehnstrasse 89,APARTMENT,47.40489772,9.324361500000002,https://flatfox.ch/de/wohnung/lehnstrasse-89-9014-st-gallen/85819370/,2026-05-17T01:51:28+00:00,18.557692307692307
85819372,"Friesenbergstrasse 3, 8055 Zürich - CHF 2’317 inkl. NK pro Monat",2317,3.5,65.0,8055,Zürich,Zurich,Friesenbergstrasse 3,APARTMENT,47.36999029,8.51421929,https://flatfox.ch/de/wohnung/friesenbergstrasse-3-8055-zurich/85819372/,2026-05-17T01:51:28+00:00,35.646153846153844
85819450,"Höllbündtenstrasse 12, 8964 Rudolfstetten - CHF 1’380 inkl. NK pro Monat",1380,2.0,43.0,8964,Rudolfstetten,Aargau,Höllbündtenstrasse 12,APARTMENT,47.36743385,8.380459499999999,https://flatfox.ch/de/wohnung/hollbundtenstrasse-12-8964-rudolfstetten/85819450/,2026-05-17T01:51:30+00:00,32.093023255813954
85819556,"Bahnhofstrasse 143, 9244 Niederuzwil - CHF 1’780 inkl. NK pro Monat",1780,4.5,90.0,9244,Niederuzwil,St. Gallen,Bahnhofstrasse 143,APARTMENT,47.44581751,9.14490871,https://flatfox.ch/de/wohnung/bahnhofstrasse-143-9244-niederuzwil/85819556/,2026-05-17T01:51:30+00:00,19.77777777777778
85819610,"Schaffhauserstrasse 486, 8052 Zürich - CHF 2’270 inkl. NK pro Monat",2270,2.5,62.0,8052,Zürich,Zurich,Schaffhauserstrasse 486,APARTMENT,47.41991133,8.548720399999999,https://flatfox.ch/de/wohnung/schaffhauserstrasse-486-8052-zurich/85819610/,2026-05-17T01:51:30+00:00,36.61290322580645
85819707,9604 Lütisburg - CHF 1’200 inkl. NK pro Monat,1200,3.0,80.0,9604,Lütisburg,St. Gallen,,APARTMENT,47.39694851116132,9.106569369453362,https://flatfox.ch/de/wohnung/9604-lutisburg/85819707/,2026-05-17T01:51:30+00:00,15.0
85819819,"Riva Paradiso 16, 6900 Paradiso - CHF 6’000",6000,4.5,177.0,6900,Paradiso,Ticino,Riva Paradiso 16,APARTMENT,45.99090951,8.94911897,https://flatfox.ch/de/wohnung/riva-paradiso-16-6900-paradiso/85819819/,2026-05-17T01:51:30+00:00,33.898305084745765
85819821,"Aecherligasse 12, 4665 Oftringen - CHF 2’200 inkl. NK pro Monat",2200,4.5,120.0,4665,Oftringen,Aargau,Aecherligasse 12,APARTMENT,47.31590593,7.92657755,https://flatfox.ch/de/wohnung/aecherligasse-12-4665-oftringen/85819821/,2026-05-17T01:51:30+00:00,18.333333333333332
85820024,"Grenchenstrasse 58, 4500 Solothurn - CHF 1’568 inkl. NK pro Monat",1568,3.5,70.0,4500,Solothurn,Solothurn,Grenchenstrasse 58,APARTMENT,47.2126675,7.5240327,https://flatfox.ch/de/wohnung/grenchenstrasse-58-4500-solothurn/85820024/,2026-05-17T01:51:30+00:00,22.4
85820033,8005 Zurich - CHF 2’300 inkl. NK pro Monat,2300,2.5,63.0,8005,Zurich,Zurich,,APARTMENT,47.389326899351865,8.513171304810312,https://flatfox.ch/de/wohnung/8005-zurich/85820033/,2026-05-17T01:51:30+00:00,36.507936507936506
85820066,"Tulpenplatz 10, 8600 Dübendorf - CHF 3’160 inkl. NK pro Monat",3160,3.5,108.0,8600,Dübendorf,Zurich,Tulpenplatz 10,DUPLEX,47.39898841,8.617116099999999,https://flatfox.ch/de/wohnung/tulpenplatz-10-8600-dubendorf/85820066/,2026-05-17T01:51:30+00:00,29.25925925925926
85820071,"Weinmarkt 11, 6004 Luzern - CHF 2’540 inkl. NK pro Monat",2540,2.5,71.0,6004,Luzern,Lucerne,Weinmarkt 11,APARTMENT,47.05195223,8.30430158,https://flatfox.ch/de/wohnung/weinmarkt-11-6004-luzern/85820071/,2026-05-17T01:51:30+00:00,35.774647887323944
85820121,"Itingerstr. 10, 4450 Sissach - CHF 1’700 inkl. NK pro Monat",1700,3.5,72.0,4450,Sissach,Basel-Landschaft,Itingerstr. 10,APARTMENT,47.46319943,7.80896457,https://flatfox.ch/de/wohnung/itingerstr-10-4450-sissach/85820121/,2026-05-17T01:51:30+00:00,23.61111111111111
85820132,"Breite 575a, 5112 Thalheim - CHF 2’180 inkl. NK pro Monat",2180,3.5,108.0,5112,Thalheim,Aargau,Breite 575a,APARTMENT,47.43866421,8.10571613,https://flatfox.ch/de/wohnung/breite-575a-5112-thalheim/85820132/,2026-05-17T01:51:30+00:00,20.185185185185187
85820143,"Untersteckholzstrasse 12, 4900 Langenthal - CHF 1’000 inkl. NK pro Monat",1000,2.0,50.0,4900,Langenthal,Bern,Untersteckholzstrasse 12,APARTMENT,47.21408042,7.7963916,https://flatfox.ch/de/wohnung/untersteckholzstrasse-12-4900-langenthal/85820143/,2026-05-17T01:51:30+00:00,20.0
85820237,"Thomas-Bornhauser-Strasse 28a, 9320 Arbon - CHF 2’340 inkl. NK pro Monat",2340,3.5,101.0,9320,Arbon,Thurgau,Thomas-Bornhauser-Strasse 28a,APARTMENT,47.51535019,9.4252037,https://flatfox.ch/de/wohnung/thomas-bornhauser-strasse-28a-9320-arbon/85820237/,2026-05-17T01:51:30+00:00,23.168316831683168
85820269,"Bahnhofstrasse 2, 4242 Laufen - CHF 2’090 inkl. NK pro Monat",2090,4.5,115.0,4242,Laufen,Basel-Landschaft,Bahnhofstrasse 2,APARTMENT,47.41991669,7.501411099999999,https://flatfox.ch/de/wohnung/bahnhofstrasse-2-4242-laufen/85820269/,2026-05-17T01:51:30+00:00,18.17391304347826
85820421,"Nordstrasse 1, 9220 Bischofszell - CHF 2’083 inkl. NK pro Monat",2083,4.5,98.0,9220,Bischofszell,Thurgau,Nordstrasse 1,APARTMENT,47.49773526,9.24025491,https://flatfox.ch/de/wohnung/nordstrasse-1-9220-bischofszell/85820421/,2026-05-17T01:51:30+00:00,21.255102040816325
85820461,"Seestr. 1, 8803 Rüschlikon - CHF 2’636 inkl. NK pro Monat",2636,3.0,106.0,8803,Rüschlikon,Zurich,Seestr. 1,APARTMENT,47.31534353,8.55638264,https://flatfox.ch/de/wohnung/seestr-1-8803-ruschlikon/85820461/,2026-05-17T01:51:32+00:00,24.867924528301888
85820699,"Rue Neuve 33, 2800 Delémont - CHF 1’590 inkl. NK pro Monat",1590,4.5,100.0,2800,Delémont,Jura,Rue Neuve 33,APARTMENT,47.36491659,7.3547225,https://flatfox.ch/de/wohnung/rue-neuve-33-2800-delemont/85820699/,2026-05-17T01:51:32+00:00,15.9
85820781,"Typonweg 5, 3400 Burgdorf - CHF 2’080 inkl. NK pro Monat",2080,4.5,104.0,3400,Burgdorf,Bern,Typonweg 5,APARTMENT,47.0621756,7.62503695,https://flatfox.ch/de/wohnung/typonweg-5-3400-burgdorf/85820781/,2026-05-17T01:51:32+00:00,20.0
85820791,"Mühlehalde 4, 4107 Ettingen - CHF 1’490",1490,2.5,64.0,4107,Ettingen,Basel-Landschaft,Mühlehalde 4,APARTMENT,47.47775331,7.544771000000002,https://flatfox.ch/de/wohnung/muhlehalde-4-4107-ettingen/85820791/,2026-05-17T01:51:32+00:00,23.28125
85820822,4058 Basel - CHF 2’600 inkl. NK pro Monat,2600,4.0,80.0,4058,Basel,Basel-Stadt,,FURNISHED_FLAT,47.565573241566064,7.6117758522609185,https://flatfox.ch/de/wohnung/4058-basel/85820822/,2026-05-17T01:51:32+00:00,32.5
85820898,"Hofackertsrasse 16, 4132 Muttenz - CHF 2’280 inkl. NK pro Monat",2280,3.5,69.0,4132,Muttenz,Basel-Landschaft,Hofackertsrasse 16,APARTMENT,47.53366949,7.6446732000000015,https://flatfox.ch/de/wohnung/hofackertsrasse-16-4132-muttenz/85820898/,2026-05-17T01:51:32+00:00,33.04347826086956
85820910,"Kupfergasse 5, 4310 Rheinfelden - CHF 1’660",1660,3.5,78.0,4310,Rheinfelden,Aargau,Kupfergasse 5,APARTMENT,47.5554179,7.79474918,https://flatfox.ch/de/wohnung/kupfergasse-5-4310-rheinfelden/85820910/,2026-05-17T01:51:32+00:00,21.28205128205128
85820922,"Sonnmattstrasse 34, 1734 Tentlingen - CHF 1’750 inkl. NK pro Monat",1750,3.5,99.0,1734,Tentlingen,Fribourg,Sonnmattstrasse 34,APARTMENT,46.77316844,7.19688573,https://flatfox.ch/de/wohnung/sonnmattstrasse-34-1734-tentlingen/85820922/,2026-05-17T01:51:32+00:00,17.67676767676768
85820933,"Landorfstrasse 12, 3098 Köniz - CHF 2’120 inkl. NK pro Monat",2120,3.5,68.0,3098,Köniz,Bern,Landorfstrasse 12,APARTMENT,46.92307522,7.412576999999999,https://flatfox.ch/de/wohnung/landorfstrasse-12-3098-koniz/85820933/,2026-05-17T01:51:32+00:00,31.176470588235293
85821024,"Route de la Gare 8, 2520 La Neuveville - CHF 1’495 inkl. NK pro Monat",1495,3.5,65.0,2520,La Neuveville,Bern,Route de la Gare 8,APARTMENT,47.07706148,7.1054529,https://flatfox.ch/de/wohnung/route-de-la-gare-8-2520-la-neuveville/85821024/,2026-05-17T01:51:32+00:00,23.0
85821065,"Ergolzstrasse 24, 4414 Füllinsdorf - CHF 2’130 inkl. NK pro Monat",2130,4.5,84.0,4414,Füllinsdorf,Basel-Landschaft,Ergolzstrasse 24,APARTMENT,47.50420974,7.724700699999999,https://flatfox.ch/de/wohnung/ergolzstrasse-24-4414-fullinsdorf/85821065/,2026-05-17T01:51:32+00:00,25.357142857142858
85821081,"Murgenthalstrasse 4a, 4900 Langenthal - CHF 2’000 inkl. NK pro Monat",2000,4.5,109.0,4900,Langenthal,Bern,Murgenthalstrasse 4a,APARTMENT,47.214991,7.787426000000002,https://flatfox.ch/de/wohnung/murgenthalstrasse-4a-4900-langenthal/85821081/,2026-05-17T01:51:32+00:00,18.34862385321101
85821091,"Aebistrasse 17, 3012 Bern - CHF 1’619 inkl. NK pro Monat",1619,2.0,45.0,3012,Bern,Bern,Aebistrasse 17,APARTMENT,46.95307073,7.42650941,https://flatfox.ch/de/wohnung/aebistrasse-17-3012-bern/85821091/,2026-05-17T01:51:32+00:00,35.977777777777774
85821167,"Rue Argand 2, 1201 Genève - CHF 4’890 inkl. NK pro Monat",4890,6.0,115.0,1201,Genève,Geneva,Rue Argand 2,DUPLEX,46.2079717,6.14162054,https://flatfox.ch/de/wohnung/rue-argand-2-1201-geneve/85821167/,2026-05-17T01:51:32+00:00,42.52173913043478
85821389,"Eichweg 9, 5742 Kölliken - CHF 1’740 inkl. NK pro Monat",1740,3.5,78.0,5742,Kölliken,Aargau,Eichweg 9,APARTMENT,47.32782214,8.0227026,https://flatfox.ch/de/wohnung/eichweg-9-5742-kolliken/85821389/,2026-05-17T01:51:32+00:00,22.307692307692307
85821393,"Altmattweg 16, 4802 Strengelbach - CHF 1’180 inkl. NK pro Monat",1180,1.5,62.0,4802,Strengelbach,Aargau,Altmattweg 16,APARTMENT,47.2815625,7.93013514,https://flatfox.ch/de/wohnung/altmattweg-16-4802-strengelbach/85821393/,2026-05-17T01:51:32+00:00,19.032258064516128
85821525,"Bahnhofstrasse 97, 5430 Wettingen - CHF 1’720 inkl. NK pro Monat",1720,3.0,60.0,5430,Wettingen,Aargau,Bahnhofstrasse 97,APARTMENT,47.46343892,8.32766845,https://flatfox.ch/de/wohnung/bahnhofstrasse-97-5430-wettingen/85821525/,2026-05-17T01:51:32+00:00,28.666666666666668
85821532,"Murtenstrasse 143 D, 3008 Bern - CHF 2’530 inkl. NK pro Monat",2530,4.5,96.0,3008,Bern,Bern,Murtenstrasse 143 D,APARTMENT,46.94846133,7.409983899999999,https://flatfox.ch/de/wohnung/murtenstrasse-143-d-3008-bern/85821532/,2026-05-17T01:51:32+00:00,26.354166666666668
85821592,"Maneggstrasse 87, 8041 Zürich - CHF 4’180 inkl. NK pro Monat",4180,4.5,109.0,8041,Zürich,Zurich,Maneggstrasse 87,APARTMENT,47.33787121,8.51942943,https://flatfox.ch/de/wohnung/maneggstrasse-87-8041-zurich/85821592/,2026-05-17T01:51:32+00:00,38.34862385321101
85821609,"Kastelsstrasse 74, 2540 Grenchen - CHF 1’850 inkl. NK pro Monat",1850,4.5,200.0,2540,Grenchen,Solothurn,Kastelsstrasse 74,APARTMENT,47.19948464,7.401695200000001,https://flatfox.ch/de/wohnung/kastelsstrasse-74-2540-grenchen/85821609/,2026-05-17T01:51:32+00:00,9.25
85821685,"Langegasse 117, 4104 Oberwil BL - CHF 2’090 inkl. NK pro Monat",2090,2.5,74.0,4104,Oberwil BL,Basel-Landschaft,Langegasse 117,APARTMENT,47.50859351,7.559972399999999,https://flatfox.ch/de/wohnung/langegasse-117-4104-oberwil-bl/85821685/,2026-05-17T01:51:32+00:00,28.243243243243242
85821703,"promenade des Alpes 12, 1008 Prilly - CHF 1’650",1650,2.5,63.0,1008,Prilly,Vaud,promenade des Alpes 12,APARTMENT,46.5334311,6.60436376,https://flatfox.ch/de/wohnung/promenade-des-alpes-12-1008-prilly/85821703/,2026-05-17T01:51:32+00:00,26.19047619047619
85821711,"Kapellenstrasse 7, 4052 Basel - CHF 2’472 inkl. NK pro Monat",2472,2.5,91.0,4052,Basel,Basel-Stadt,Kapellenstrasse 7,APARTMENT,47.55025613,7.6010044,https://flatfox.ch/de/wohnung/kapellenstrasse-7-4052-basel/85821711/,2026-05-17T01:51:32+00:00,27.164835164835164
85821985,"Bernstrasse 50, 3053 Lätti - CHF 1’800",1800,4.5,100.0,3053,Lätti,Bern,Bernstrasse 50,APARTMENT,47.0159857,7.455767799999999,https://flatfox.ch/de/wohnung/bernstrasse-50-3053-latti/85821985/,2026-05-17T01:51:32+00:00,18.0
85822036,"Schönaustrasse 39, 9000 St. Gallen - CHF 690",690,1.0,15.0,9000,St. Gallen,St. Gallen,Schönaustrasse 39,SINGLE_ROOM,47.41998147,9.3517,https://flatfox.ch/de/wohnung/schonaustrasse-39-9000-st-gallen/85822036/,2026-05-17T01:51:34+00:00,46.0
85822047,"St. Georgenstrasse 172, 9011 St. Gallen - CHF 1’150",1150,3.0,76.0,9011,St. Gallen,St. Gallen,St. Georgenstrasse 172,APARTMENT,47.4143715,9.39280027,https://flatfox.ch/de/wohnung/st-georgenstrasse-172-9011-st-gallen/85822047/,2026-05-17T01:51:34+00:00,15.131578947368421
85822160,"Les Bolles-du-Temple 7, 2117 La Côte-aux-Fées - CHF 810",810,3.5,70.0,2117,La Côte-aux-Fées,Neuchâtel,Les Bolles-du-Temple 7,APARTMENT,46.86743661,6.49076237,https://flatfox.ch/de/wohnung/les-bolles-du-temple-7-2117-la-cote-aux-fees/85822160/,2026-05-17T01:51:34+00:00,11.571428571428571
85822203,"Rue des Jardins, 1926 Fully - CHF 1’800",1800,3.5,114.0,1926,Fully,Valais,Rue des Jardins,APARTMENT,46.15107417,7.111024199999999,https://flatfox.ch/de/wohnung/rue-des-jardins-1926-fully/85822203/,2026-05-17T01:51:34+00:00,15.789473684210526
85822224,"Le mont-sur-lausanne, 1052 Le Mont-sur-Lausanne - CHF 1’250",1250,2.5,45.0,1052,Le Mont-sur-Lausanne,Vaud,Le mont-sur-lausanne,APARTMENT,46.55991432,6.64489085,https://flatfox.ch/de/wohnung/le-mont-sur-lausanne-1052-le-mont-sur-lausanne/85822224/,2026-05-17T01:51:34+00:00,27.77777777777778
85822284,"route de la Maladiere, 1022 Chavannes-près-Renens - CHF 1’100",1100,1.0,80.0,1022,Chavannes-près-Renens,Vaud,route de la Maladiere,SINGLE_ROOM,46.52768486,6.57490697,https://flatfox.ch/de/wohnung/route-de-la-maladiere-1022-chavannes-pres-renens/85822284/,2026-05-17T01:51:34+00:00,13.75
85822312,"Fasanenstr. 140, 4058 Basel - CHF 1’800 inkl. NK pro Monat",1800,3.5,81.0,4058,Basel,Basel-Stadt,Fasanenstr. 140,APARTMENT,47.57214435,7.61220674,https://flatfox.ch/de/wohnung/fasanenstr-140-4058-basel/85822312/,2026-05-17T01:51:34+00:00,22.22222222222222
85822348,"St. Jakobs-Strasse 90, 4052 Basel - CHF 2’960 inkl. NK pro Monat",2960,3.5,126.0,4052,Basel,Basel-Stadt,St. Jakobs-Strasse 90,APARTMENT,47.54758650000001,7.59899763,https://flatfox.ch/de/wohnung/st-jakobs-strasse-90-4052-basel/85822348/,2026-05-17T01:51:34+00:00,23.49206349206349
85822438,"Wirtshüslistrasse 4b, 4665 Oftringen - CHF 2’900 inkl. NK pro Monat",2900,5.5,144.0,4665,Oftringen,Aargau,Wirtshüslistrasse 4b,ATTIC_FLAT,47.30327259,7.93074475,https://flatfox.ch/de/wohnung/wirtshuslistrasse-4b-4665-oftringen/85822438/,2026-05-17T01:51:34+00:00,20.13888888888889
85822481,"Wylerringstrasse 39, 3014 Bern - CHF 1’396 inkl. NK pro Monat",1396,1.5,35.0,3014,Bern,Bern,Wylerringstrasse 39,APARTMENT,46.96291047,7.45015648,https://flatfox.ch/de/wohnung/wylerringstrasse-39-3014-bern/85822481/,2026-05-17T01:51:34+00:00,39.885714285714286
85822552,"Route du Bugnon 8, 1726 Farvagny - CHF 1’512 inkl. NK pro Monat",1512,3.5,77.0,1726,Farvagny,Fribourg,Route du Bugnon 8,APARTMENT,46.7238399,7.069570499999999,https://flatfox.ch/de/wohnung/route-du-bugnon-8-1726-farvagny/85822552/,2026-05-17T01:51:34+00:00,19.636363636363637
85822578,6962 Viganello - CHF 4’700,4700,4.5,128.0,6962,Viganello,Ticino,,APARTMENT,46.01234116066114,8.969173366486203,https://flatfox.ch/de/wohnung/6962-viganello/85822578/,2026-05-17T01:51:34+00:00,36.71875
85822616,"Oeleweg 1, 3324 Hindelbank - CHF 2’300",2300,4.5,120.0,3324,Hindelbank,Bern,Oeleweg 1,APARTMENT,47.04320031,7.541286599999999,https://flatfox.ch/de/wohnung/oeleweg-1-3324-hindelbank/85822616/,2026-05-17T01:51:34+00:00,19.166666666666668
85822764,"Dufourstrasse 153, 8008 Zurich - CHF 3’500 inkl. NK pro Monat",3500,2.5,82.0,8008,Zurich,Zurich,Dufourstrasse 153,APARTMENT,47.355679,8.5543671,https://flatfox.ch/de/wohnung/dufourstrasse-153-8008-zurich/85822764/,2026-05-17T01:51:34+00:00,42.68292682926829
85823005,"St. Gallerstr. 13a, 9500 Wil SG - CHF 1’670 inkl. NK pro Monat",1670,2.5,71.0,9500,Wil SG,St. Gallen,St. Gallerstr. 13a,APARTMENT,47.4630176,9.051042,https://flatfox.ch/de/wohnung/st-gallerstr-13a-9500-wil-sg/85823005/,2026-05-17T01:51:34+00:00,23.52112676056338
85823033,"Brauchernstrasse 5, 3416 Affoltern - CHF 1’140 inkl. NK pro Monat",1140,2.5,60.0,3416,Affoltern,Bern,Brauchernstrasse 5,APARTMENT,47.06446867,7.72943826,https://flatfox.ch/de/wohnung/brauchernstrasse-5-3416-affoltern/85823033/,2026-05-17T01:51:34+00:00,19.0
85823213,"Buristr. 8, 3006 Bern - CHF 1’155 inkl. NK pro Monat",1155,1.0,29.0,3006,Bern,Bern,Buristr. 8,APARTMENT,46.94535493,7.47423615,https://flatfox.ch/de/wohnung/buristr-8-3006-bern/85823213/,2026-05-17T01:51:34+00:00,39.827586206896555
85823236,"Aarauerstrasse 25, 4600 Olten - CHF 1’685 inkl. NK pro Monat",1685,3.0,66.0,4600,Olten,Solothurn,Aarauerstrasse 25,APARTMENT,47.34882615,7.909012999999999,https://flatfox.ch/de/wohnung/aarauerstrasse-25-4600-olten/85823236/,2026-05-17T01:51:34+00:00,25.53030303030303
85823503,"Ueberlandstrasse 19, 8053 Dietikon - CHF 2’820 inkl. NK pro Monat",2820,4.5,111.0,8053,Dietikon,Zurich,Ueberlandstrasse 19,APARTMENT,47.40833498,8.40590315,https://flatfox.ch/de/wohnung/ueberlandstrasse-19-8053-dietikon/85823503/,2026-05-17T01:51:36+00:00,25.405405405405407
85823603,"Via Ceresio 8b, 6900 Massagno - CHF 1’750",1750,3.5,85.0,6900,Massagno,Ticino,Via Ceresio 8b,APARTMENT,46.00969785,8.9409541,https://flatfox.ch/de/wohnung/via-ceresio-8b-6900-massagno/85823603/,2026-05-17T01:51:36+00:00,20.58823529411765
85823843,"Akazienstrasse 6, 8008 Zürich - CHF 3’315 inkl. NK pro Monat",3315,1.0,91.0,8008,Zürich,Zurich,Akazienstrasse 6,LOFT,47.36341882,8.551166499999999,https://flatfox.ch/de/wohnung/akazienstrasse-6-8008-zurich/85823843/,2026-05-17T01:51:36+00:00,36.42857142857143
85823848,"Ludwigstr. 5, 9010 St. Gallen - CHF 1’815 inkl. NK pro Monat",1815,2.5,72.0,9010,St. Gallen,St. Gallen,Ludwigstr. 5,DUPLEX,47.43990367,9.37745878,https://flatfox.ch/de/wohnung/ludwigstr-5-9010-st-gallen/85823848/,2026-05-17T01:51:36+00:00,25.208333333333332
85823979,4055 basel - CHF 1’050 inkl. NK pro Monat,1050,2.5,64.0,4055,basel,Basel-Stadt,,APARTMENT,47.561222959706605,7.565596840126587,https://flatfox.ch/de/wohnung/4055-basel/85823979/,2026-05-17T01:51:36+00:00,16.40625
85824138,"Lerchenstrasse 7, 4434 Hölstein - CHF 1’555 inkl. NK pro Monat",1555,2.5,57.0,4434,Hölstein,Basel-Landschaft,Lerchenstrasse 7,APARTMENT,47.4186873,7.76808278,https://flatfox.ch/de/wohnung/lerchenstrasse-7-4434-holstein/85824138/,2026-05-17T01:51:36+00:00,27.280701754385966
85824206,"cantoi 41, 6654 Cavigliano - CHF 850",850,1.5,45.0,6654,Cavigliano,Ticino,cantoi 41,APARTMENT,46.18522291,8.717378799999999,https://flatfox.ch/de/wohnung/cantoi-41-6654-cavigliano/85824206/,2026-05-17T01:51:36+00:00,18.88888888888889
85824210,"Muralto, 6600 Muralto - CHF 1’100",1100,3.0,60.0,6600,Muralto,Ticino,Muralto,APARTMENT,46.17296181,8.8056081,https://flatfox.ch/de/wohnung/muralto-6600-muralto/85824210/,2026-05-17T01:51:36+00:00,18.333333333333332
85824228,"Brombacherstrasse 7, 4057 Basel - CHF 1’500",1500,2.0,50.0,4057,Basel,Basel-Stadt,Brombacherstrasse 7,APARTMENT,47.57057553,7.59582126,https://flatfox.ch/de/wohnung/brombacherstrasse-7-4057-basel/85824228/,2026-05-17T01:51:36+00:00,30.0
85824229,"Gudo, 6515 Gudo - CHF 400",400,1.0,40.0,6515,Gudo,Ticino,Gudo,SINGLE_ROOM,46.18026843,8.9485685,https://flatfox.ch/de/wohnung/gudo-6515-gudo/85824229/,2026-05-17T01:51:36+00:00,10.0
85824238,9036 Grub SG - CHF 850,850,2.0,43.0,9036,Grub SG,St. Gallen,,APARTMENT,47.45248577208112,9.513288028287343,https://flatfox.ch/de/wohnung/9036-grub-sg/85824238/,2026-05-17T01:51:36+00:00,19.767441860465116
85824243,"Industriestrasse 30 Rorschach, 9400 Rorschach - CHF 890",890,1.0,34.0,9400,Rorschach,St. Gallen,Industriestrasse 30 Rorschach,APARTMENT,47.4763985,9.48431331,https://flatfox.ch/de/wohnung/industriestrasse-30-rorschach-9400-rorschach/85824243/,2026-05-17T01:51:36+00:00,26.176470588235293
85824244,"Vacallo, 6833 Vacallo - CHF 1’000",1000,2.5,85.0,6833,Vacallo,Ticino,Vacallo,APARTMENT,45.84801886,9.03639585,https://flatfox.ch/de/wohnung/vacallo-6833-vacallo/85824244/,2026-05-17T01:51:36+00:00,11.764705882352942
85824245,"Tüftelstrasse 25d, 5322 Koblenz - CHF 650",650,1.0,100.0,5322,Koblenz,Aargau,Tüftelstrasse 25d,SINGLE_ROOM,47.6111288,8.24483562,https://flatfox.ch/de/wohnung/tuftelstrasse-25d-5322-koblenz/85824245/,2026-05-17T01:51:36+00:00,6.5
85824292,"Route du Levant 23, 1475 Autavaux - CHF 2’200",2200,4.0,120.0,1475,Autavaux,Fribourg,Route du Levant 23,APARTMENT,46.86903161,6.88202351,https://flatfox.ch/de/wohnung/route-du-levant-23-1475-autavaux/85824292/,2026-05-17T01:51:36+00:00,18.333333333333332
85824365,"Gimel Centre, 1188 Gimel - CHF 1’965",1965,3.0,85.0,1188,Gimel,Vaud,Gimel Centre,APARTMENT,46.50892367,6.30700785,https://flatfox.ch/de/wohnung/gimel-centre-1188-gimel/85824365/,2026-05-17T01:51:36+00:00,23.11764705882353
85824516,"Chratzstrasse 8, 5426 Lengnau - CHF 2’980 inkl. NK pro Monat",2980,5.5,138.0,5426,Lengnau,Aargau,Chratzstrasse 8,APARTMENT,47.51823711,8.33027877,https://flatfox.ch/de/wohnung/chratzstrasse-8-5426-lengnau/85824516/,2026-05-17T01:51:36+00:00,21.594202898550726
85824523,"Käppelirainweg 27, 4147 Aesch BL - CHF 2’180 inkl. NK pro Monat",2180,4.5,107.0,4147,Aesch BL,Basel-Landschaft,Käppelirainweg 27,APARTMENT,47.47094131,7.59768725,https://flatfox.ch/de/wohnung/kappelirainweg-27-4147-aesch-bl/85824523/,2026-05-17T01:51:36+00:00,20.373831775700936
85824717,"Via alle Pezze 20, 6950 Tesserete - CHF 1’650 inkl. NK pro Monat",1650,4.5,110.0,6950,Tesserete,Ticino,Via alle Pezze 20,APARTMENT,46.06751269999999,8.96289685,https://flatfox.ch/de/wohnung/via-alle-pezze-20-6950-tesserete/85824717/,2026-05-17T01:51:38+00:00,15.0
85824823,6593 Cadenazzo - CHF 1’250,1250,2.5,60.0,6593,Cadenazzo,Ticino,,APARTMENT,46.153770224067486,8.949079591872932,https://flatfox.ch/de/wohnung/6593-cadenazzo/85824823/,2026-05-17T01:51:38+00:00,20.833333333333332
85825110,"Dorf 2, 3157 Milken - CHF 760 inkl. NK pro Monat",760,2.5,85.0,3157,Milken,Bern,Dorf 2,APARTMENT,46.7944039,7.3590015,https://flatfox.ch/de/wohnung/dorf-2-3157-milken/85825110/,2026-05-17T01:51:38+00:00,8.941176470588236
85825118,4153 Reinach BL - CHF 1’590 inkl. NK pro Monat,1590,3.0,55.0,4153,Reinach BL,Basel-Landschaft,,APARTMENT,47.490630525719546,7.589462876567124,https://flatfox.ch/de/wohnung/4153-reinach-bl/85825118/,2026-05-17T01:51:38+00:00,28.90909090909091
85825178,1207 Geneve - CHF 3’571 inkl. NK pro Monat,3571,4.0,100.0,1207,Geneve,Geneva,,APARTMENT,46.20506548183787,6.162339176016809,https://flatfox.ch/de/wohnung/1207-geneve/85825178/,2026-05-17T01:51:38+00:00,35.71
85825180,"Maiholzstrasse 19, 8500 Frauenfeld - CHF 1’463 inkl. NK pro Monat",1463,2.5,60.0,8500,Frauenfeld,Thurgau,Maiholzstrasse 19,APARTMENT,47.55837889,8.886721999999999,https://flatfox.ch/de/wohnung/maiholzstrasse-19-8500-frauenfeld/85825180/,2026-05-17T01:51:38+00:00,24.383333333333333
85825334,"Hilfikerstrasse 4, 3014 Bern - CHF 1’880 inkl. NK pro Monat",1880,2.5,64.0,3014,Bern,Bern,Hilfikerstrasse 4,APARTMENT,46.96832688,7.46395496,https://flatfox.ch/de/wohnung/hilfikerstrasse-4-3014-bern/85825334/,2026-05-17T01:51:38+00:00,29.375
85825375,"Roggenfeldstr. 20, 4623 Neuendorf - CHF 1’770 inkl. NK pro Monat",1770,3.5,88.0,4623,Neuendorf,Solothurn,Roggenfeldstr. 20,APARTMENT,47.29723461,7.79334969,https://flatfox.ch/de/wohnung/roggenfeldstr-20-4623-neuendorf/85825375/,2026-05-17T01:51:38+00:00,20.113636363636363
85825501,"via giuseppe cattori 4, 6600 locarno - CHF 1’400 inkl. NK pro Monat",1400,3.5,70.0,6600,locarno,Ticino,via giuseppe cattori 4,APARTMENT,46.16894141,8.79938416,https://flatfox.ch/de/wohnung/via-giuseppe-cattori-4-6600-locarno/85825501/,2026-05-17T01:51:38+00:00,20.0
85825502,"Schlatt 1448, Mullern, 8753 Mollis - CHF 850 inkl. NK pro Monat",850,2.5,51.0,8753,Mollis,Glarus,"Schlatt 1448, Mullern",APARTMENT,47.08620177,9.0976054,https://flatfox.ch/de/wohnung/schlatt-1448-mullern-8753-mollis/85825502/,2026-05-17T01:51:38+00:00,16.666666666666668
85825515,8003 Zurich - CHF 2’700 inkl. NK pro Monat,2700,2.5,130.0,8003,Zurich,Zurich,,APARTMENT,47.37221759255963,8.516230583344992,https://flatfox.ch/de/wohnung/8003-zurich/85825515/,2026-05-17T01:51:38+00:00,20.76923076923077
85825524,1007 Lausanne - CHF 2’500 inkl. NK pro Monat,2500,2.5,67.0,1007,Lausanne,Vaud,,APARTMENT,46.51606174303511,6.608951763804984,https://flatfox.ch/de/wohnung/1007-lausanne/85825524/,2026-05-17T01:51:38+00:00,37.3134328358209
85825566,"Rue Paul Charmillot 59, 2610 Saint-Imier - CHF 1’080 inkl. NK pro Monat",1080,3.0,60.0,2610,Saint-Imier,Bern,Rue Paul Charmillot 59,APARTMENT,47.15609857,7.0022637,https://flatfox.ch/de/wohnung/rue-paul-charmillot-59-2610-saint-imier/85825566/,2026-05-17T01:51:38+00:00,18.0
85825585,"Winkelweg, 3072 Ostermundigen - CHF 1’600 inkl. NK pro Monat",1600,3.5,65.0,3072,Ostermundigen,Bern,Winkelweg,APARTMENT,46.95136116,7.48973854,https://flatfox.ch/de/wohnung/winkelweg-3072-ostermundigen/85825585/,2026-05-17T01:51:38+00:00,24.615384615384617
85825607,"Leimenstrasse 66, 4051 Basel - CHF 3’600 inkl. NK pro Monat",3600,5.0,127.0,4051,Basel,Basel-Stadt,Leimenstrasse 66,APARTMENT,47.55238488,7.58059138,https://flatfox.ch/de/wohnung/leimenstrasse-66-4051-basel/85825607/,2026-05-17T01:51:38+00:00,28.346456692913385
85825649,"Dorfstrasse 37, 5078 Effingen - CHF 1’790 inkl. NK pro Monat",1790,3.5,75.0,5078,Effingen,Aargau,Dorfstrasse 37,APARTMENT,47.49003159,8.10390962,https://flatfox.ch/de/wohnung/dorfstrasse-37-5078-effingen/85825649/,2026-05-17T01:51:38+00:00,23.866666666666667
85825721,"Grande-Rue 24, 2400 Le Locle - CHF 1’640",1640,4.5,144.0,2400,Le Locle,Neuchâtel,Grande-Rue 24,APARTMENT,47.05832115,6.748924400000001,https://flatfox.ch/de/wohnung/grande-rue-24-2400-le-locle/85825721/,2026-05-17T01:51:38+00:00,11.38888888888889
85825727,"Grande-Rue 24, 2400 Le Locle - CHF 1’640 inkl. NK pro Monat",1640,4.5,144.0,2400,Le Locle,Neuchâtel,Grande-Rue 24,APARTMENT,47.05832115,6.748924400000001,https://flatfox.ch/de/wohnung/grande-rue-24-2400-le-locle/85825727/,2026-05-17T01:51:38+00:00,11.38888888888889
85825819,"Place Jean-Pascal Delamuraz 4, 1261 Longirod - CHF 1’930 inkl. NK pro Monat",1930,3.0,75.0,1261,Longirod,Vaud,Place Jean-Pascal Delamuraz 4,APARTMENT,46.49465583,6.2581094,https://flatfox.ch/de/wohnung/place-jean-pascal-delamuraz-4-1261-longirod/85825819/,2026-05-17T01:51:38+00:00,25.733333333333334
85825931,6500 Bellinzona - CHF 1’600,1600,3.5,90.0,6500,Bellinzona,Ticino,,APARTMENT,46.19380045100502,9.02369990250542,https://flatfox.ch/de/wohnung/6500-bellinzona/85825931/,2026-05-17T01:51:40+00:00,17.77777777777778
85826179,"Wasgenring 93, 4055 Basel - CHF 1’560 inkl. NK pro Monat",1560,3.0,66.0,4055,Basel,Basel-Stadt,Wasgenring 93,APARTMENT,47.56104843,7.564740400000002,https://flatfox.ch/de/wohnung/wasgenring-93-4055-basel/85826179/,2026-05-17T01:51:40+00:00,23.636363636363637
85826244,"Badenerstrasse 434, 8004 Zürich - CHF 3’268 inkl. NK pro Monat",3268,2.5,92.0,8004,Zürich,Zurich,Badenerstrasse 434,APARTMENT,47.38060453,8.5055632,https://flatfox.ch/de/wohnung/badenerstrasse-434-8004-zurich/85826244/,2026-05-17T01:51:40+00:00,35.52173913043478
85826257,"Bözingenstrasse 177, 2504 Biel/Bienne - CHF 890 inkl. NK pro Monat",890,2.0,44.0,2504,Biel/Bienne,Bern,Bözingenstrasse 177,APARTMENT,47.1525213,7.266433899999999,https://flatfox.ch/de/wohnung/bozingenstrasse-177-2504-bielbienne/85826257/,2026-05-17T01:51:40+00:00,20.227272727272727
85826306,"Rankackerweg 12, 4133 Pratteln - CHF 1’510 inkl. NK pro Monat",1510,3.0,65.0,4133,Pratteln,Basel-Landschaft,Rankackerweg 12,APARTMENT,47.52228828,7.7084494,https://flatfox.ch/de/wohnung/rankackerweg-12-4133-pratteln/85826306/,2026-05-17T01:51:40+00:00,23.23076923076923
85826326,1012 Lausanne - CHF 2’200 inkl. NK pro Monat,2200,5.5,110.0,1012,Lausanne,Vaud,,APARTMENT,46.52771057749622,6.657397556877117,https://flatfox.ch/de/wohnung/1012-lausanne/85826326/,2026-05-17T01:51:40+00:00,20.0
85826332,"Hauptstrasse 17, 5213 Villnachern - CHF 1’800 inkl. NK pro Monat",1800,3.5,90.0,5213,Villnachern,Aargau,Hauptstrasse 17,DUPLEX,47.46872567,8.16276578,https://flatfox.ch/de/wohnung/hauptstrasse-17-5213-villnachern/85826332/,2026-05-17T01:51:40+00:00,20.0
85826336,"Engeweg 8, 3457 Wasen i.E. - CHF 1’179 inkl. NK pro Monat",1179,3.5,92.0,3457,Wasen i.E.,Bern,Engeweg 8,APARTMENT,47.04385171,7.7943752,https://flatfox.ch/de/wohnung/engeweg-8-3457-wasen-ie/85826336/,2026-05-17T01:51:40+00:00,12.815217391304348
85826464,"In der Au 49, 8706 Meilen - CHF 4’090 inkl. NK pro Monat",4090,4.5,129.0,8706,Meilen,Zurich,In der Au 49,APARTMENT,47.27220239,8.66505717,https://flatfox.ch/de/wohnung/in-der-au-49-8706-meilen/85826464/,2026-05-17T01:51:40+00:00,31.705426356589147
85826527,"Numa-Droz 58, 2300 La Chaux-de-Fonds - CHF 804 inkl. NK pro Monat",804,2.0,55.0,2300,La Chaux-de-Fonds,Neuchâtel,Numa-Droz 58,APARTMENT,47.10340638,6.82543785,https://flatfox.ch/de/wohnung/numa-droz-58-2300-la-chaux-de-fonds/85826527/,2026-05-17T01:51:40+00:00,14.618181818181819
85826571,"Avenue Théodore-Weber 34, 1208 Genève - CHF 3’890 inkl. NK pro Monat",3890,5.5,98.0,1208,Genève,Geneva,Avenue Théodore-Weber 34,APARTMENT,46.19733595,6.1636442,https://flatfox.ch/de/wohnung/avenue-theodore-weber-34-1208-geneve/85826571/,2026-05-17T01:51:40+00:00,39.69387755102041
85826614,8053 Zürich - CHF 3’100 inkl. NK pro Monat,3100,3.5,98.0,8053,Zürich,Zurich,,APARTMENT,47.36005130394437,8.596167687237978,https://flatfox.ch/de/wohnung/8053-zurich/85826614/,2026-05-17T01:51:40+00:00,31.632653061224488
85826648,4623 Neuendorf - CHF 3’000 inkl. NK pro Monat,3000,5.5,160.0,4623,Neuendorf,Solothurn,,APARTMENT,47.296405995336364,7.802372352210612,https://flatfox.ch/de/wohnung/4623-neuendorf/85826648/,2026-05-17T01:51:40+00:00,18.75
85826670,"Sandäckerstrasse 1-9, 8957 Spreitenbach - CHF 2’375 inkl. NK pro Monat",2375,2.5,72.0,8957,Spreitenbach,Aargau,Sandäckerstrasse 1-9,APARTMENT,47.42154924,8.37154648,https://flatfox.ch/de/wohnung/sandackerstrasse-1-9-8957-spreitenbach/85826670/,2026-05-17T01:51:40+00:00,32.986111111111114
85826838,"Wallisellerstrasse, 1, 8302 Kloten - CHF 3’200 inkl. NK pro Monat",3200,4.5,88.0,8302,Kloten,Zurich,"Wallisellerstrasse, 1",APARTMENT,47.44399378,8.58974783,https://flatfox.ch/de/wohnung/wallisellerstrasse-1-8302-kloten/85826838/,2026-05-17T01:51:40+00:00,36.36363636363637
85826899,"Mattenstrasse 53, 4058 Basel - CHF 1’245 inkl. NK pro Monat",1245,2.0,37.0,4058,Basel,Basel-Stadt,Mattenstrasse 53,APARTMENT,47.567397,7.60045569,https://flatfox.ch/de/wohnung/mattenstrasse-53-4058-basel/85826899/,2026-05-17T01:51:40+00:00,33.648648648648646
85826950,8047 Zurich - CHF 3’290 inkl. NK pro Monat,3290,3.5,87.0,8047,Zurich,Zurich,,APARTMENT,47.37286288750001,8.490561327810816,https://flatfox.ch/de/wohnung/8047-zurich/85826950/,2026-05-17T01:51:40+00:00,37.81609195402299
85827129,"Benziwil 43, 6020 Emmenbrücke - CHF 1’670 inkl. NK pro Monat",1670,3.5,94.0,6020,Emmenbrücke,Lucerne,Benziwil 43,APARTMENT,47.09067395,8.28038671,https://flatfox.ch/de/wohnung/benziwil-43-6020-emmenbrucke/85827129/,2026-05-17T01:51:40+00:00,17.76595744680851
85827133,6295 Mosen - CHF 2’000 inkl. NK pro Monat,2000,2.0,44.0,6295,Mosen,Lucerne,,APARTMENT,47.23955405860241,8.227426027663492,https://flatfox.ch/de/wohnung/6295-mosen/85827133/,2026-05-17T01:51:40+00:00,45.45454545454545
85827193,3911 Ried-Brig - CHF 2’020,2020,2.5,60.0,3911,Ried-Brig,Valais,,APARTMENT,46.30707996449989,8.022854596095915,https://flatfox.ch/de/wohnung/3911-ried-brig/85827193/,2026-05-17T01:51:40+00:00,33.666666666666664
85827201,3911 Ried-Brig - CHF 2’020,2020,2.5,60.0,3911,Ried-Brig,Valais,,APARTMENT,46.30707222395893,8.023009754316137,https://flatfox.ch/de/wohnung/3911-ried-brig/85827201/,2026-05-17T01:51:40+00:00,33.666666666666664
85827217,"Mäderstr. 13, 5400 Baden - CHF 2’980 inkl. NK pro Monat",2980,3.5,84.0,5400,Baden,Aargau,Mäderstr. 13,APARTMENT,47.47689421,8.30263916,https://flatfox.ch/de/wohnung/maderstr-13-5400-baden/85827217/,2026-05-17T01:51:40+00:00,35.476190476190474
85827237,"Schaufelweg 114, 3098 Köniz - CHF 1’860 inkl. NK pro Monat",1860,4.5,80.0,3098,Köniz,Bern,Schaufelweg 114,APARTMENT,46.90916212,7.414281300000002,https://flatfox.ch/de/wohnung/schaufelweg-114-3098-koniz/85827237/,2026-05-17T01:51:41+00:00,23.25
85827261,"Rheinstr. 43, 7320 Sargans - CHF 2’110 inkl. NK pro Monat",2110,4.5,100.0,7320,Sargans,St. Gallen,Rheinstr. 43,APARTMENT,47.05095949,9.44546343,https://flatfox.ch/de/wohnung/rheinstr-43-7320-sargans/85827261/,2026-05-17T01:51:41+00:00,21.1
85827273,"Rue des Crêtets 139, 2300 La Chaux-de-Fonds - CHF 1’190 inkl. NK pro Monat",1190,3.0,76.0,2300,La Chaux-de-Fonds,Neuchâtel,Rue des Crêtets 139,APARTMENT,47.08978381,6.81512483,https://flatfox.ch/de/wohnung/rue-des-cretets-139-2300-la-chaux-de-fonds/85827273/,2026-05-17T01:51:41+00:00,15.657894736842104
85827444,"Brugghalden 6, 9300 Wittenbach - CHF 1’350",1350,3.0,70.0,9300,Wittenbach,St. Gallen,Brugghalden 6,APARTMENT,47.4513679,9.39818336,https://flatfox.ch/de/wohnung/brugghalden-6-9300-wittenbach/85827444/,2026-05-17T01:51:41+00:00,19.285714285714285
85827556,"Wangenstrasse 46, 3018 Bern - CHF 1’895 inkl. NK pro Monat",1895,4.5,92.0,3018,Bern,Bern,Wangenstrasse 46,APARTMENT,46.93587220000001,7.3886967000000014,https://flatfox.ch/de/wohnung/wangenstrasse-46-3018-bern/85827556/,2026-05-17T01:51:41+00:00,20.597826086956523
85827571,"Badhausstrasse 43, 2503 Biel - CHF 1’330",1330,3.0,85.0,2503,Biel,Bern,Badhausstrasse 43,APARTMENT,47.1326845,7.239365200000002,https://flatfox.ch/de/wohnung/badhausstrasse-43-2503-biel/85827571/,2026-05-17T01:51:41+00:00,15.647058823529411
85827586,"Via Bellinzona 18 Bodio, 6743 Bodio TI - CHF 400",400,3.0,35.0,6743,Bodio TI,Ticino,Via Bellinzona 18 Bodio,APARTMENT,46.3758395,8.9163697,https://flatfox.ch/de/wohnung/via-bellinzona-18-bodio-6743-bodio-ti/85827586/,2026-05-17T01:51:41+00:00,11.428571428571429
85827618,"Wilgüetlistrasse 1, 8610 Uster - CHF 4’150",4150,5.5,131.0,8610,Uster,Zurich,Wilgüetlistrasse 1,APARTMENT,47.34408228,8.70656289,https://flatfox.ch/de/wohnung/wilguetlistrasse-1-8610-uster/85827618/,2026-05-17T01:51:41+00:00,31.6793893129771
85827660,"Via Ruinatch St. Moritz, 7500 St. Moritz - CHF 2’400",2400,3.0,60.0,7500,St. Moritz,Graubünden,Via Ruinatch St. Moritz,APARTMENT,46.49079737,9.83550794,https://flatfox.ch/de/wohnung/via-ruinatch-st-moritz-7500-st-moritz/85827660/,2026-05-17T01:51:41+00:00,40.0
85827747,6830 Chiasso - CHF 950,950,1.5,30.0,6830,Chiasso,Ticino,,APARTMENT,45.83576121492548,9.025297353368108,https://flatfox.ch/de/wohnung/6830-chiasso/85827747/,2026-05-17T01:51:41+00:00,31.666666666666668
85827772,"Route de la Maladière, 1022 Chavannes-près-Renens - CHF 1’100",1100,1.0,85.0,1022,Chavannes-près-Renens,Vaud,Route de la Maladière,SINGLE_ROOM,46.52768486,6.57490697,https://flatfox.ch/de/wohnung/route-de-la-maladiere-1022-chavannes-pres-renens/85827772/,2026-05-17T01:51:41+00:00,12.941176470588236
85827774,"Crêt Taconnet, 2000 Neuenburg - CHF 820",820,1.0,160.0,2000,Neuenburg,Neuchâtel,Crêt Taconnet,SINGLE_ROOM,46.99746638,6.93972458,https://flatfox.ch/de/wohnung/cret-taconnet-2000-neuenburg/85827774/,2026-05-17T01:51:41+00:00,5.125
85827780,"Rue du Maupas 15, 1004 Lausanne - CHF 2’100",2100,3.0,75.0,1004,Lausanne,Vaud,Rue du Maupas 15,APARTMENT,46.52455535,6.62567939,https://flatfox.ch/de/wohnung/rue-du-maupas-15-1004-lausanne/85827780/,2026-05-17T01:51:41+00:00,28.0
85827859,"Rue de la Dime, 1283 La Plaine - CHF 1’300",1300,2.5,78.0,1283,La Plaine,Geneva,Rue de la Dime,APARTMENT,47.00969191,6.96399699,https://flatfox.ch/de/wohnung/rue-de-la-dime-1283-la-plaine/85827859/,2026-05-17T01:51:41+00:00,16.666666666666668
85827880,"Entemoos 142, 1718 Rechthalten - CHF 960",960,2.5,68.0,1718,Rechthalten,Fribourg,Entemoos 142,APARTMENT,46.76420463,7.2515083,https://flatfox.ch/de/wohnung/entemoos-142-1718-rechthalten/85827880/,2026-05-17T01:51:41+00:00,14.117647058823529
85827881,"Chem. de Grange-Canal, 1208 Genf - CHF 700",700,1.0,15.0,1208,Genf,Geneva,Chem. de Grange-Canal,SINGLE_ROOM,46.20017938,6.17439994,https://flatfox.ch/de/wohnung/chem-de-grange-canal-1208-genf/85827881/,2026-05-17T01:51:41+00:00,46.666666666666664
85827945,"Breitenbachstrasse 48, 4227 Büsserach - CHF 2’050 inkl. NK pro Monat",2050,4.0,110.0,4227,Büsserach,Solothurn,Breitenbachstrasse 48,APARTMENT,47.39543858,7.54238339,https://flatfox.ch/de/wohnung/breitenbachstrasse-48-4227-busserach/85827945/,2026-05-17T01:51:41+00:00,18.636363636363637
85828129,"Rainstrasse 6, 8645 Jona - CHF 2’002 inkl. NK pro Monat",2002,4.0,80.0,8645,Jona,St. Gallen,Rainstrasse 6,APARTMENT,47.23237895,8.83934938,https://flatfox.ch/de/wohnung/rainstrasse-6-8645-jona/85828129/,2026-05-17T01:51:43+00:00,25.025
85828151,"Langendorfstrasse 42, 4500 Solothurn - CHF 2’430 inkl. NK pro Monat",2430,4.5,111.0,4500,Solothurn,Solothurn,Langendorfstrasse 42,APARTMENT,47.21613851,7.5154783,https://flatfox.ch/de/wohnung/langendorfstrasse-42-4500-solothurn/85828151/,2026-05-17T01:51:43+00:00,21.89189189189189
85828262,"Via Geretta 18, 6900 Paradiso - CHF 2’840",2840,3.5,84.0,6900,Paradiso,Ticino,Via Geretta 18,APARTMENT,45.99153413,8.94400179,https://flatfox.ch/de/wohnung/via-geretta-18-6900-paradiso/85828262/,2026-05-17T01:51:43+00:00,33.80952380952381
85828319,"Oberstrasse 38, 3360 Herzogenbuchsee - CHF 1’630 inkl. NK pro Monat",1630,4.5,118.0,3360,Herzogenbuchsee,Bern,Oberstrasse 38,APARTMENT,47.18504216,7.700719899999999,https://flatfox.ch/de/wohnung/oberstrasse-38-3360-herzogenbuchsee/85828319/,2026-05-17T01:51:43+00:00,13.813559322033898
85828324,"Oberstrasse 40, 3360 Herzogenbuchsee - CHF 1’640 inkl. NK pro Monat",1640,4.5,86.0,3360,Herzogenbuchsee,Bern,Oberstrasse 40,APARTMENT,47.18531124,7.700399200000001,https://flatfox.ch/de/wohnung/oberstrasse-40-3360-herzogenbuchsee/85828324/,2026-05-17T01:51:43+00:00,19.069767441860463
85828325,"Hinterfeldstrasse 8, 5736 Menziken - CHF 1’550",1550,4.5,75.0,5736,Menziken,Aargau,Hinterfeldstrasse 8,APARTMENT,47.23880491,8.18055457,https://flatfox.ch/de/wohnung/hinterfeldstrasse-8-5736-menziken/85828325/,2026-05-17T01:51:43+00:00,20.666666666666668
85828562,"Schmelzbergstrasse 60, 8044 Zürich - CHF 3’565 inkl. NK pro Monat",3565,2.5,86.0,8044,Zürich,Zurich,Schmelzbergstrasse 60,APARTMENT,47.38008536,8.55403393,https://flatfox.ch/de/wohnung/schmelzbergstrasse-60-8044-zurich/85828562/,2026-05-17T01:51:43+00:00,41.45348837209303
85828584,8047 Zurich - CHF 2’390 inkl. NK pro Monat,2390,3.5,70.0,8047,Zurich,Zurich,,APARTMENT,47.37288235621149,8.490634809731333,https://flatfox.ch/de/wohnung/8047-zurich/85828584/,2026-05-17T01:51:43+00:00,34.142857142857146
85828607,8451 Kleinandelfingen - CHF 3’125 inkl. NK pro Monat,3125,4.0,120.0,8451,Kleinandelfingen,Zurich,,FURNISHED_FLAT,47.60803801095126,8.681051021536703,https://flatfox.ch/de/wohnung/8451-kleinandelfingen/85828607/,2026-05-17T01:51:43+00:00,26.041666666666668
85828608,6017 Ruswil - CHF 3’120 inkl. NK pro Monat,3120,5.5,140.0,6017,Ruswil,Lucerne,,FURNISHED_FLAT,47.08397810595287,8.126260831151626,https://flatfox.ch/de/wohnung/6017-ruswil/85828608/,2026-05-17T01:51:43+00:00,22.285714285714285
85828648,"Im Gassacher 10, 8122 Binz - CHF 2’166 inkl. NK pro Monat",2166,2.5,120.0,8122,Binz,Zurich,Im Gassacher 10,DUPLEX,47.35835993,8.628811899999999,https://flatfox.ch/de/wohnung/im-gassacher-10-8122-binz/85828648/,2026-05-17T01:51:43+00:00,18.05
85828689,"Route des Vuarines 73, 1564 Domdidier - CHF 1’720 inkl. NK pro Monat",1720,4.5,93.0,1564,Domdidier,Fribourg,Route des Vuarines 73,APARTMENT,46.86929428,7.01999721,https://flatfox.ch/de/wohnung/route-des-vuarines-73-1564-domdidier/85828689/,2026-05-17T01:51:43+00:00,18.49462365591398
85828702,"Rte de Prilly 9, 1004 Lausanne - CHF 1’775 inkl. NK pro Monat",1775,2.0,53.0,1004,Lausanne,Vaud,Rte de Prilly 9,APARTMENT,46.53161655,6.610572,https://flatfox.ch/de/wohnung/rte-de-prilly-9-1004-lausanne/85828702/,2026-05-17T01:51:43+00:00,33.490566037735846
85828713,"Oltnerstrasse 64a, 5012 Schönenwerd - CHF 1’930 inkl. NK pro Monat",1930,3.5,103.0,5012,Schönenwerd,Solothurn,Oltnerstrasse 64a,APARTMENT,47.36885313,7.9995594,https://flatfox.ch/de/wohnung/oltnerstrasse-64a-5012-schonenwerd/85828713/,2026-05-17T01:51:43+00:00,18.737864077669904
85828749,"Avenue des Bergières 59, 1004 Lausanne - CHF 2’000 inkl. NK pro Monat",2000,3.0,60.0,1004,Lausanne,Vaud,Avenue des Bergières 59,APARTMENT,46.531008000000014,6.61757387,https://flatfox.ch/de/wohnung/avenue-des-bergieres-59-1004-lausanne/85828749/,2026-05-17T01:51:43+00:00,33.333333333333336
85828802,"Stöberstrasse, 4055 Basel - CHF 1’390 inkl. NK pro Monat",1390,2.5,55.0,4055,Basel,Basel-Stadt,Stöberstrasse,APARTMENT,47.55922077,7.57230429,https://flatfox.ch/de/wohnung/stoberstrasse-4055-basel/85828802/,2026-05-17T01:51:43+00:00,25.272727272727273
85828905,"Rue de la Navigation 3, 1201 Genève - CHF 4’445 inkl. NK pro Monat",4445,5.0,143.0,1201,Genève,Geneva,Rue de la Navigation 3,APARTMENT,46.21163777,6.14896793,https://flatfox.ch/de/wohnung/rue-de-la-navigation-3-1201-geneve/85828905/,2026-05-17T01:51:43+00:00,31.083916083916083
85828928,"Birkenweg 2, 6212 St. Erhard - CHF 2’300 inkl. NK pro Monat",2300,3.5,94.0,6212,St. Erhard,Lucerne,Birkenweg 2,APARTMENT,47.1835352,8.07613745,https://flatfox.ch/de/wohnung/birkenweg-2-6212-st-erhard/85828928/,2026-05-17T01:51:43+00:00,24.46808510638298
85829139,"Ch. du Vieux-Collège 18, 1008 Prilly - CHF 1’355 inkl. NK pro Monat",1355,2.0,45.0,1008,Prilly,Vaud,Ch. du Vieux-Collège 18,APARTMENT,46.5344727,6.60903953,https://flatfox.ch/de/wohnung/ch-du-vieux-college-18-1008-prilly/85829139/,2026-05-17T01:51:43+00:00,30.11111111111111
85829196,"Rütenenweg 4a, 8245 Feuerthalen - CHF 2’182 inkl. NK pro Monat",2182,3.5,88.0,8245,Feuerthalen,Zurich,Rütenenweg 4a,APARTMENT,47.68971471,8.64242951,https://flatfox.ch/de/wohnung/rutenenweg-4a-8245-feuerthalen/85829196/,2026-05-17T01:51:43+00:00,24.795454545454547
85829220,"Bodenackerstrasse 6c, 4334 Sisseln - CHF 1’720 inkl. NK pro Monat",1720,4.5,86.0,4334,Sisseln,Aargau,Bodenackerstrasse 6c,APARTMENT,47.55372819999999,7.994255700000002,https://flatfox.ch/de/wohnung/bodenackerstrasse-6c-4334-sisseln/85829220/,2026-05-17T01:51:43+00:00,20.0
85829342,"Kreuzstr. 20, 9032 Engelburg - CHF 1’690 inkl. NK pro Monat",1690,4.5,81.0,9032,Engelburg,St. Gallen,Kreuzstr. 20,APARTMENT,47.43566799,9.34871657,https://flatfox.ch/de/wohnung/kreuzstr-20-9032-engelburg/85829342/,2026-05-17T01:51:43+00:00,20.864197530864196
